app_id,tested_feature,status
0,"[""choose your moment: meditate",Mismatch / Not in Taxonomy
0,sleep,Mismatch / Not in Taxonomy
0,focus,Valid (focus_mode)
0,"or relax""",Mismatch / Not in Taxonomy
0,"""set your duration: from a quick minute to an endless session""",Mismatch / Not in Taxonomy
0,"""customize your session: add gentle start/end bells and optional interval markers""",Mismatch / Not in Taxonomy
0,"""craft your soundscape: select from 60+ music tracks and combine them""",Mismatch / Not in Taxonomy
0,"""track your progress: build a lasting habit with visual streaks""",Mismatch / Not in Taxonomy
0,"""reflect on your practice: optionally journal your thoughts after each session""",Mismatch / Not in Taxonomy
0,"""one tap to start a clean",Mismatch / Not in Taxonomy
0,"distractionfree timer""",Mismatch / Not in Taxonomy
0,"""premium soundscapes: 60+ soundscapes from frequencies",Mismatch / Not in Taxonomy
0,nature sounds,Mismatch / Not in Taxonomy
0,"and focus music""",Mismatch / Not in Taxonomy
0,"""visual streaks and smart reminders to maintain your practice""",Valid (reminders)
0,"""charts showing total sessions",Mismatch / Not in Taxonomy
0,time invested,Mismatch / Not in Taxonomy
0,"and category breakdowns""",Mismatch / Not in Taxonomy
0,"""session modes optimized for meditate",Mismatch / Not in Taxonomy
0,focus,Valid (focus_mode)
0,sleep,Mismatch / Not in Taxonomy
0,"and relax""",Mismatch / Not in Taxonomy
0,"""advanced timer setup with warmup periods and multiple interval bells""",Mismatch / Not in Taxonomy
0,"""solfeggio frequencies for sound healing""",Mismatch / Not in Taxonomy
0,"""session journal for personal notes after each session""",Mismatch / Not in Taxonomy
0,"""dedicated sleep timers and calming soundscapes for restful sleep""",Mismatch / Not in Taxonomy
0,"""crossdevice sync for progress",Mismatch / Not in Taxonomy
0,settings,Mismatch / Not in Taxonomy
0,"and journal entries""]",Mismatch / Not in Taxonomy
1,"[""perplexity pro search""",Mismatch / Not in Taxonomy
1,"""thread followup""",Mismatch / Not in Taxonomy
1,"""voice input and output""",Mismatch / Not in Taxonomy
1,"""cited sources for answers""",Mismatch / Not in Taxonomy
1,"""community discovery features""",Mismatch / Not in Taxonomy
1,"""user library for curated discoveries""",Mismatch / Not in Taxonomy
1,"""sync across devices""",Mismatch / Not in Taxonomy
1,"""integration with thirdparty email accounts""",Mismatch / Not in Taxonomy
1,"""integration with thirdparty calendar services""]",Mismatch / Not in Taxonomy
2,"[""answer questions""",Mismatch / Not in Taxonomy
2,"""generate images""",Mismatch / Not in Taxonomy
2,"""generate videos""",Mismatch / Not in Taxonomy
2,"""engage in natural conversations""",Mismatch / Not in Taxonomy
2,"""voice mode""",Mismatch / Not in Taxonomy
2,"""upload pictures""]",Mismatch / Not in Taxonomy
3,"[""offline habit tracker""",Mismatch / Not in Taxonomy
3,"""create and organize daily routine plans""",Valid (habit_tracking)
3,"""visualize habits in circles""",Mismatch / Not in Taxonomy
3,"""customize habit colors",Mismatch / Not in Taxonomy
3,icons,Mismatch / Not in Taxonomy
3,"and routines""",Mismatch / Not in Taxonomy
3,"""schedule individual notifications for each habit""",Valid (reminders)
3,"""habit reminders""",Valid (reminders)
3,"""track progress with statistics screen""",Mismatch / Not in Taxonomy
3,"""progress represented by a water bottle""",Mismatch / Not in Taxonomy
3,"""time travel feature to mark completed habits from previous days""",Mismatch / Not in Taxonomy
3,"""grow a baby plant as a reward for completing habits""",Mismatch / Not in Taxonomy
3,"""access to lessons about habit development""",Mismatch / Not in Taxonomy
3,"""no registration needed for free account""",Mismatch / Not in Taxonomy
3,"""support for up to 5 habits in free version""",Mismatch / Not in Taxonomy
3,"""custom reminders""",Valid (reminders)
3,"""monthly and yearly subscription options""",Mismatch / Not in Taxonomy
3,"""inapp purchases for additional features""",Mismatch / Not in Taxonomy
3,"""restore purchases on different devices""]",Mismatch / Not in Taxonomy
4,"[""customizable habit formation""",Mismatch / Not in Taxonomy
4,"""visual progress tracking""",Mismatch / Not in Taxonomy
4,"""timely personalized reminders""",Valid (reminders)
4,"""indepth statistical insights""",Valid (analytics)
4,"""adaptable scheduling""",Mismatch / Not in Taxonomy
4,"""seamless multidevice integration""]",Mismatch / Not in Taxonomy
5,"[""daily prayers & devotionals""",Mismatch / Not in Taxonomy
5,"""christian meditation""",Mismatch / Not in Taxonomy
5,"""bible stories for sleep""",Mismatch / Not in Taxonomy
5,"""rosary""",Mismatch / Not in Taxonomy
5,"""ignatian examen""",Mismatch / Not in Taxonomy
5,"""lectio divina""",Mismatch / Not in Taxonomy
5,"""taizé & gregorian chant""",Mismatch / Not in Taxonomy
5,"""community challenges""",Mismatch / Not in Taxonomy
5,"""homilies & guests""",Mismatch / Not in Taxonomy
5,"""praylists""",Mismatch / Not in Taxonomy
5,"""personal prayer journal""",Mismatch / Not in Taxonomy
5,"""litanies",Mismatch / Not in Taxonomy
5,novenas,Mismatch / Not in Taxonomy
5,"& devotionals""",Mismatch / Not in Taxonomy
5,"""minute meditations""",Mismatch / Not in Taxonomy
5,"""customizable prayer length options""",Mismatch / Not in Taxonomy
5,"""set prayer reminders""",Valid (reminders)
5,"""calm background music""",Mismatch / Not in Taxonomy
5,"""offline listening""",Mismatch / Not in Taxonomy
5,"""hallow family sharing""",Mismatch / Not in Taxonomy
5,"""daily gospel""",Mismatch / Not in Taxonomy
5,"""daily reflections""",Mismatch / Not in Taxonomy
5,"""daily contemplation""",Mismatch / Not in Taxonomy
5,"""kids & families content""",Mismatch / Not in Taxonomy
5,"""mental health talks and exercises""",Mismatch / Not in Taxonomy
5,"""explore by category""",Mismatch / Not in Taxonomy
5,"""subscription options""]",Mismatch / Not in Taxonomy
6,"[""parental control""",Valid (parental_control)
6,"""limit screen time""",Mismatch / Not in Taxonomy
6,"""app lock""",Mismatch / Not in Taxonomy
6,"""track usage time""",Mismatch / Not in Taxonomy
6,"""educational games""",Mismatch / Not in Taxonomy
6,"""set time limits""",Mismatch / Not in Taxonomy
6,"""block apps""",Mismatch / Not in Taxonomy
6,"""track gps""",Mismatch / Not in Taxonomy
6,"""monitor app activity""",Mismatch / Not in Taxonomy
6,"""usage schedule""",Mismatch / Not in Taxonomy
6,"""app usage limiter""",Mismatch / Not in Taxonomy
6,"""apps statistics""",Mismatch / Not in Taxonomy
6,"""screen time tracking""",Mismatch / Not in Taxonomy
6,"""child lock""",Valid (parental_control)
6,"""kids mode""",Mismatch / Not in Taxonomy
6,"""stay in touch with essential apps""",Mismatch / Not in Taxonomy
6,"""mobile app tracker""",Mismatch / Not in Taxonomy
6,"""permission management""",Mismatch / Not in Taxonomy
6,"""display over other apps""",Mismatch / Not in Taxonomy
6,"""special access for limiting screen time""",Mismatch / Not in Taxonomy
6,"""access to usage data""",Mismatch / Not in Taxonomy
6,"""autorun for app tracker""",Mismatch / Not in Taxonomy
6,"""device administrator access""",Mismatch / Not in Taxonomy
6,"""location tracking""",Mismatch / Not in Taxonomy
6,"""view location history""",Mismatch / Not in Taxonomy
6,"""create and assign tasks""",Mismatch / Not in Taxonomy
6,"""reward system for completing tasks""",Mismatch / Not in Taxonomy
6,"""physical exercise tasks""",Mismatch / Not in Taxonomy
6,"""userfriendly interface""",Mismatch / Not in Taxonomy
6,"""easy setup""]",Mismatch / Not in Taxonomy
7,"[""routine timer for tasks""",Mismatch / Not in Taxonomy
7,"""weekly schedule organization""",Mismatch / Not in Taxonomy
7,"""morning routine creation""",Mismatch / Not in Taxonomy
7,"""guided routine playlists""",Mismatch / Not in Taxonomy
7,"""routine tracking""",Mismatch / Not in Taxonomy
7,"""gamification of routine completion""",Mismatch / Not in Taxonomy
7,"""templates for various routines""",Mismatch / Not in Taxonomy
7,"""custom routine creation""",Mismatch / Not in Taxonomy
7,"""ai task breakdown""",Mismatch / Not in Taxonomy
7,"""visual planner for the week""",Mismatch / Not in Taxonomy
7,"""habit and routine tracking""",Mismatch / Not in Taxonomy
7,"""multistep habit creation""",Mismatch / Not in Taxonomy
7,"""timer assignment for tasks""",Mismatch / Not in Taxonomy
7,"""emoji assignment for tasks""",Mismatch / Not in Taxonomy
7,"""notifications for routine completion""",Valid (reminders)
7,"""focus enhancement tools""",Mismatch / Not in Taxonomy
7,"""task completion statistics""",Mismatch / Not in Taxonomy
7,"""analytics for time management""",Valid (analytics)
7,"""dark mode option""]",Mismatch / Not in Taxonomy
8,"[""focused lessons""",Mismatch / Not in Taxonomy
8,"""guided meditation""",Mismatch / Not in Taxonomy
8,"""mindfulness courses""",Mismatch / Not in Taxonomy
8,"""mood tracker""",Mismatch / Not in Taxonomy
8,"""adhd tracker""",Mismatch / Not in Taxonomy
8,"""personalized meditation""",Mismatch / Not in Taxonomy
8,"""task manager""",Mismatch / Not in Taxonomy
8,"""todo list""",Mismatch / Not in Taxonomy
8,"""calendar""",Mismatch / Not in Taxonomy
8,"""planner""",Mismatch / Not in Taxonomy
8,"""reminders""",Valid (reminders)
8,"""pomodoro technique""",Valid (pomodoro)
8,"""white noise""",Mismatch / Not in Taxonomy
8,"""interactive learning""]",Mismatch / Not in Taxonomy
9,"[""add habits effortlessly""",Mismatch / Not in Taxonomy
9,"""track habits daily""",Mismatch / Not in Taxonomy
9,"""streak view for visualizing consistency""",Mismatch / Not in Taxonomy
9,"""list view for organizing habits""",Mismatch / Not in Taxonomy
9,"""journey logging with notes and pictures""",Mismatch / Not in Taxonomy
9,"""elegant timeline view for journal entries""",Mismatch / Not in Taxonomy
9,"""automatic cloud backup for data security""",Mismatch / Not in Taxonomy
9,"""light mode and dark mode options""]",Mismatch / Not in Taxonomy
10,"[""pomodoro timer""",Valid (pomodoro)
10,"""multilevel syllabus tracker""",Mismatch / Not in Taxonomy
10,"""spacedrepetition flashcards""",Mismatch / Not in Taxonomy
10,"""progress tracking""",Mismatch / Not in Taxonomy
10,"""fullscreen flip clock timer""",Mismatch / Not in Taxonomy
10,"""handy notetaking""",Mismatch / Not in Taxonomy
10,"""preloaded syllabus""",Mismatch / Not in Taxonomy
10,"""preloaded roadmaps""]",Mismatch / Not in Taxonomy
11,"[""deal with anxiety and stress""",Mismatch / Not in Taxonomy
11,"""complete everyday tasks""",Mismatch / Not in Taxonomy
11,"""improve sleep patterns""",Mismatch / Not in Taxonomy
11,"""build confidence and selfesteem""",Mismatch / Not in Taxonomy
11,"""address mood disorders""",Mismatch / Not in Taxonomy
11,"""recover from caregiver burnout""",Mismatch / Not in Taxonomy
11,"""provide motivational quotes and wallpapers""",Mismatch / Not in Taxonomy
11,"""create personal development plans""",Mismatch / Not in Taxonomy
11,"""connect to the subconscious mind""",Mismatch / Not in Taxonomy
11,"""engage in hypnotelling""",Mismatch / Not in Taxonomy
11,"""experience storybased psychological quests""",Mismatch / Not in Taxonomy
11,"""enter a trancelike state for information absorption""",Mismatch / Not in Taxonomy
11,"""lower anxiety and stress levels""",Mismatch / Not in Taxonomy
11,"""improve sleeping habits""",Mismatch / Not in Taxonomy
11,"""boost energy""",Mismatch / Not in Taxonomy
11,"""increase selfmotivation""",Mismatch / Not in Taxonomy
11,"""improve mental health""]",Mismatch / Not in Taxonomy
12,"[""focus timer""",Mismatch / Not in Taxonomy
12,"""pomodoro technique support""",Valid (pomodoro)
12,"""stopwatch mode""",Mismatch / Not in Taxonomy
12,"""planting reminder""",Valid (reminders)
12,"""custom phrases""",Mismatch / Not in Taxonomy
12,"""statistics on focused time""",Mismatch / Not in Taxonomy
12,"""plant together feature""",Mismatch / Not in Taxonomy
12,"""real tree planting""",Mismatch / Not in Taxonomy
12,"""allow lists for app usage""",Mismatch / Not in Taxonomy
12,"""crossplatform synchronization""",Mismatch / Not in Taxonomy
12,"""chrome extension""]",Mismatch / Not in Taxonomy
13,"[""focus timer""",Mismatch / Not in Taxonomy
13,"""pomodoro technique support""",Valid (pomodoro)
13,"""stopwatch mode""",Mismatch / Not in Taxonomy
13,"""planting reminder""",Valid (reminders)
13,"""custom phrases""",Mismatch / Not in Taxonomy
13,"""statistics on focused time""",Mismatch / Not in Taxonomy
13,"""plant together feature""",Mismatch / Not in Taxonomy
13,"""real tree planting""",Mismatch / Not in Taxonomy
13,"""allow lists for apps""",Mismatch / Not in Taxonomy
13,"""crossplatform synchronization""",Mismatch / Not in Taxonomy
13,"""chrome extension""]",Mismatch / Not in Taxonomy
14,"[""word processing""",Mismatch / Not in Taxonomy
14,"""pdf editing""",Mismatch / Not in Taxonomy
14,"""spreadsheet creation and editing""",Mismatch / Not in Taxonomy
14,"""presentation creation and editing""",Mismatch / Not in Taxonomy
14,"""wps ai integration""",Mismatch / Not in Taxonomy
14,"""document scanning""",Mismatch / Not in Taxonomy
14,"""aigenerated content""",Mismatch / Not in Taxonomy
14,"""aipowered rewriting""",Mismatch / Not in Taxonomy
14,"""chatpdf functionality""",Mismatch / Not in Taxonomy
14,"""aipowered ocr""",Mismatch / Not in Taxonomy
14,"""pdf annotation""",Mismatch / Not in Taxonomy
14,"""pdf signature""",Mismatch / Not in Taxonomy
14,"""pdf extraction/splitting""",Mismatch / Not in Taxonomy
14,"""pdf merging""",Mismatch / Not in Taxonomy
14,"""watermark management in pdfs""",Mismatch / Not in Taxonomy
14,"""cloud storage management""",Mismatch / Not in Taxonomy
14,"""realtime document synchronization""",Mismatch / Not in Taxonomy
14,"""thirdparty cloud storage integration""",Mismatch / Not in Taxonomy
14,"""file sharing via multiple platforms""",Mismatch / Not in Taxonomy
14,"""multiuser collaboration""",Mismatch / Not in Taxonomy
14,"""document conversion to pdf""",Mismatch / Not in Taxonomy
14,"""document conversion from pdf""",Mismatch / Not in Taxonomy
14,"""template library access""",Mismatch / Not in Taxonomy
14,"""spell checking""",Mismatch / Not in Taxonomy
14,"""parallel translation""",Mismatch / Not in Taxonomy
14,"""smart photo editing""",Mismatch / Not in Taxonomy
14,"""document watermarking""",Mismatch / Not in Taxonomy
14,"""offline document access""",Mismatch / Not in Taxonomy
14,"""lightweight installation package""",Mismatch / Not in Taxonomy
14,"""endtoend data encryption""",Mismatch / Not in Taxonomy
14,"""no tracking of private data""]",Mismatch / Not in Taxonomy
15,"[""set personal goals""",Mismatch / Not in Taxonomy
15,"""break down goals into tasks""",Mismatch / Not in Taxonomy
15,"""track progress""",Mismatch / Not in Taxonomy
15,"""gamification elements""",Mismatch / Not in Taxonomy
15,"""pomodoro timer""",Valid (pomodoro)
15,"""easytouse interface""",Mismatch / Not in Taxonomy
15,"""set smart reminders""",Valid (reminders)
15,"""view daily habits in habit calendar""",Mismatch / Not in Taxonomy
15,"""complete tasks for rewards""",Mismatch / Not in Taxonomy
15,"""level up in the game""",Mismatch / Not in Taxonomy
15,"""fight monsters""",Mismatch / Not in Taxonomy
15,"""unlock items""",Mismatch / Not in Taxonomy
15,"""set repeated reminders""",Valid (reminders)
15,"""create s.m.a.r.t goals""",Mismatch / Not in Taxonomy
15,"""group tasks targeting the same goal""",Mismatch / Not in Taxonomy
15,"""run offline""]",Mismatch / Not in Taxonomy
16,"[""app blocker""",Mismatch / Not in Taxonomy
16,"""block lists""",Mismatch / Not in Taxonomy
16,"""schedule mode""",Mismatch / Not in Taxonomy
16,"""focus mode""",Valid (focus_mode)
16,"""block by words""",Mismatch / Not in Taxonomy
16,"""device sync""",Mismatch / Not in Taxonomy
16,"""insights""",Valid (analytics)
16,"""redirect mode""",Mismatch / Not in Taxonomy
16,"""category blocking""",Mismatch / Not in Taxonomy
16,"""password protection""",Mismatch / Not in Taxonomy
16,"""custom block pages""",Mismatch / Not in Taxonomy
16,"""uninstall prevention""",Mismatch / Not in Taxonomy
16,"""app time limit""]",Mismatch / Not in Taxonomy
17,"[""app blocker""",Mismatch / Not in Taxonomy
17,"""block lists""",Mismatch / Not in Taxonomy
17,"""schedule mode""",Mismatch / Not in Taxonomy
17,"""focus mode""",Valid (focus_mode)
17,"""block by words""",Mismatch / Not in Taxonomy
17,"""device sync""",Mismatch / Not in Taxonomy
17,"""insights""",Valid (analytics)
17,"""redirect mode""",Mismatch / Not in Taxonomy
17,"""category blocking""",Mismatch / Not in Taxonomy
17,"""password protection""",Mismatch / Not in Taxonomy
17,"""custom block pages""",Mismatch / Not in Taxonomy
17,"""uninstall prevention""",Mismatch / Not in Taxonomy
17,"""app time limit""]",Mismatch / Not in Taxonomy
18,"[""personalized goalsetting""",Mismatch / Not in Taxonomy
18,"""tailored strategies""",Mismatch / Not in Taxonomy
18,"""expert guidance""",Mismatch / Not in Taxonomy
18,"""distraction identification and reduction""",Mismatch / Not in Taxonomy
18,"""gamified todo list""",Mismatch / Not in Taxonomy
18,"""daily routine sculpting""",Valid (habit_tracking)
18,"""centering activities""",Mismatch / Not in Taxonomy
18,"""guided visualization""",Mismatch / Not in Taxonomy
18,"""meditation""",Mismatch / Not in Taxonomy
18,"""breathing exercises""",Mismatch / Not in Taxonomy
18,"""immersive task experience""",Mismatch / Not in Taxonomy
18,"""timers""",Mismatch / Not in Taxonomy
18,"""periodic reminders""",Valid (reminders)
18,"""task completion tracker""",Mismatch / Not in Taxonomy
18,"""customizable todo lists""",Mismatch / Not in Taxonomy
18,"""immersive focus mode""",Valid (focus_mode)
18,"""progress trackers""",Mismatch / Not in Taxonomy
18,"""evidencebased techniques""",Mismatch / Not in Taxonomy
18,"""personalized feature recommendations""",Mismatch / Not in Taxonomy
18,"""community engagement""",Mismatch / Not in Taxonomy
18,"""ondemand coaching sessions""]",Mismatch / Not in Taxonomy
19,"[""habit tracker""",Mismatch / Not in Taxonomy
19,"""daily planner""",Mismatch / Not in Taxonomy
19,"""gratitude journal""",Mismatch / Not in Taxonomy
19,"""goal tracker""",Mismatch / Not in Taxonomy
19,"""coaching series""",Mismatch / Not in Taxonomy
19,"""personal oneonone coaching""",Mismatch / Not in Taxonomy
19,"""community support""",Mismatch / Not in Taxonomy
19,"""daily affirmations""",Mismatch / Not in Taxonomy
19,"""meditation sessions""",Mismatch / Not in Taxonomy
19,"""mental wellbeing monitoring""",Mismatch / Not in Taxonomy
19,"""todo list""",Mismatch / Not in Taxonomy
19,"""short workouts""",Mismatch / Not in Taxonomy
19,"""breathing exercises""",Mismatch / Not in Taxonomy
19,"""morning routine guidance""",Mismatch / Not in Taxonomy
19,"""afternoon routine guidance""",Mismatch / Not in Taxonomy
19,"""evening routine guidance""",Mismatch / Not in Taxonomy
19,"""focus on deep work""",Valid (focus_mode)
19,"""ondemand coaching library""",Mismatch / Not in Taxonomy
19,"""adhdrelated coaching library""]",Mismatch / Not in Taxonomy
20,"[""customize timers""",Mismatch / Not in Taxonomy
20,"""insights from past activities""",Valid (analytics)
20,"""choose focus and rest alerts""",Mismatch / Not in Taxonomy
20,"""stopwatch and normal timers""",Mismatch / Not in Taxonomy
20,"""tag focus and rest sessions""",Mismatch / Not in Taxonomy
20,"""statistics for individual tags""",Mismatch / Not in Taxonomy
20,"""edit timeline/activities""",Mismatch / Not in Taxonomy
20,"""add notes to timers""",Mismatch / Not in Taxonomy
20,"""add sessions/timers anytime""",Mismatch / Not in Taxonomy
20,"""track time in minutes",Mismatch / Not in Taxonomy
20,hours,Mismatch / Not in Taxonomy
20,"or sessions""",Mismatch / Not in Taxonomy
20,"""automatic transition between focusing and rest""",Mismatch / Not in Taxonomy
20,"""clean and simple interface""",Mismatch / Not in Taxonomy
20,"""landscape and fullscreen mode""",Mismatch / Not in Taxonomy
20,"""dark/night theme""",Mismatch / Not in Taxonomy
20,"""repeated completed alerts""",Mismatch / Not in Taxonomy
20,"""runs in the background""",Mismatch / Not in Taxonomy
20,"""activate do not disturb during timers""",Mismatch / Not in Taxonomy
20,"""long sessions support""",Mismatch / Not in Taxonomy
20,"""tag colors support""",Mismatch / Not in Taxonomy
20,"""export data in csv or json format""",Mismatch / Not in Taxonomy
20,"""app shortcuts to start timers quickly""",Mismatch / Not in Taxonomy
20,"""automatic backup with google account""",Mismatch / Not in Taxonomy
20,"""extended tag and date analytics""",Valid (analytics)
20,"""customize ui colors""",Mismatch / Not in Taxonomy
20,"""start timers earlier/change duration with time machine""",Mismatch / Not in Taxonomy
20,"""custom start of day""]",Mismatch / Not in Taxonomy
21,"[""1700 guided meditations""",Mismatch / Not in Taxonomy
21,"""soothing music""",Mismatch / Not in Taxonomy
21,"""nature sounds""",Mismatch / Not in Taxonomy
21,"""inspirational talks""",Mismatch / Not in Taxonomy
21,"""premade sleep music playlists""",Mismatch / Not in Taxonomy
21,"""guided meditation tracks""",Mismatch / Not in Taxonomy
21,"""sleep stories""",Mismatch / Not in Taxonomy
21,"""hypnotherapy sessions""",Mismatch / Not in Taxonomy
21,"""calming videos""",Mismatch / Not in Taxonomy
21,"""breathing techniques""",Mismatch / Not in Taxonomy
21,"""guided meditation series""",Mismatch / Not in Taxonomy
21,"""masterclasses""",Mismatch / Not in Taxonomy
21,"""calm music playlists""",Mismatch / Not in Taxonomy
21,"""create custom playlists""",Mismatch / Not in Taxonomy
21,"""bedtime visualizations""",Mismatch / Not in Taxonomy
21,"""guided imagery""",Mismatch / Not in Taxonomy
21,"""alarm clock""",Valid (reminders)
21,"""morning meditations""",Mismatch / Not in Taxonomy
21,"""12week daily meditation program""",Mismatch / Not in Taxonomy
21,"""hypnotherapy sessions for sleep""",Mismatch / Not in Taxonomy
21,"""breathing exercises""",Mismatch / Not in Taxonomy
21,"""free version with free meditations""",Mismatch / Not in Taxonomy
21,"""premium membership for full content access""]",Mismatch / Not in Taxonomy
22,"[""breathing techniques""",Mismatch / Not in Taxonomy
22,"""meditation""",Mismatch / Not in Taxonomy
22,"""8 breathing patterns for different purposes""",Mismatch / Not in Taxonomy
22,"""create custom breathing patterns""",Mismatch / Not in Taxonomy
22,"""rich statistics""",Mismatch / Not in Taxonomy
22,"""reminders for training schedule""",Valid (reminders)
22,"""dynamic trainings""",Mismatch / Not in Taxonomy
22,"""detailed progress chart""",Mismatch / Not in Taxonomy
22,"""training log""",Mismatch / Not in Taxonomy
22,"""health tests""",Mismatch / Not in Taxonomy
22,"""enriched settings""",Mismatch / Not in Taxonomy
22,"""more sounds""",Mismatch / Not in Taxonomy
22,"""regularly updated database of training patterns""",Mismatch / Not in Taxonomy
22,"""training parameters""",Mismatch / Not in Taxonomy
22,"""training kind""",Mismatch / Not in Taxonomy
22,"""training complexity""",Mismatch / Not in Taxonomy
22,"""breaths per minute""",Mismatch / Not in Taxonomy
22,"""training duration""",Mismatch / Not in Taxonomy
22,"""ratio of breath cycle""",Mismatch / Not in Taxonomy
22,"""ratio of repose cycle""",Mismatch / Not in Taxonomy
22,"""seconds per unit""",Mismatch / Not in Taxonomy
22,"""preparing time""",Mismatch / Not in Taxonomy
22,"""breath methods""",Mismatch / Not in Taxonomy
22,"""chants or mantras""",Mismatch / Not in Taxonomy
22,"""practice tips""",Mismatch / Not in Taxonomy
22,"""comfortable position""",Mismatch / Not in Taxonomy
22,"""nasal rinsing""",Mismatch / Not in Taxonomy
22,"""full inhaling""",Mismatch / Not in Taxonomy
22,"""air retaining""",Mismatch / Not in Taxonomy
22,"""full exhaling""",Mismatch / Not in Taxonomy
22,"""air sustain""",Mismatch / Not in Taxonomy
22,"""repose cycle""",Mismatch / Not in Taxonomy
22,"""custom training""",Mismatch / Not in Taxonomy
22,"""preset training""",Mismatch / Not in Taxonomy
22,"""various breathing techniques""",Mismatch / Not in Taxonomy
22,"""voice improvement""",Mismatch / Not in Taxonomy
22,"""background sound styles""",Mismatch / Not in Taxonomy
22,"""metronome sound styles""",Mismatch / Not in Taxonomy
22,"""guidance sound styles""",Mismatch / Not in Taxonomy
22,"""occasional sound styles""",Mismatch / Not in Taxonomy
22,"""support for multiple languages""]",Mismatch / Not in Taxonomy
23,"[""work across multiple files in one place with pdf spaces""",Mismatch / Not in Taxonomy
23,"""use voice or text prompts with ai assistant chatbot""",Mismatch / Not in Taxonomy
23,"""ask questions and get cited answers about details in your document with figures q&a""",Mismatch / Not in Taxonomy
23,"""easily share the responses you get""",Mismatch / Not in Taxonomy
23,"""try voice support to ask queries and have answers read aloud""",Mismatch / Not in Taxonomy
23,"""instantly generate summaries from your pdfs with generative ai summaries""",Mismatch / Not in Taxonomy
23,"""edit text and images directly in your pdf""",Mismatch / Not in Taxonomy
23,"""fix typos or add paragraphs with the pdf editor""",Mismatch / Not in Taxonomy
23,"""add",Mismatch / Not in Taxonomy
23,delete,Mismatch / Not in Taxonomy
23,"or rotate any image""",Mismatch / Not in Taxonomy
23,"""optical character recognition (ocr) for scanned pdfs""",Mismatch / Not in Taxonomy
23,"""split or combine multiple files into one pdf""",Mismatch / Not in Taxonomy
23,"""insert",Mismatch / Not in Taxonomy
23,delete,Mismatch / Not in Taxonomy
23,rotate,Mismatch / Not in Taxonomy
23,"crop & reorder pages in your pdf file""",Mismatch / Not in Taxonomy
23,"""convert to pdf from any file type""",Mismatch / Not in Taxonomy
23,"""export and convert pdfs to microsoft word",Mismatch / Not in Taxonomy
23,excel,Mismatch / Not in Taxonomy
23,powerpoint,Mismatch / Not in Taxonomy
23,"or various image files""",Mismatch / Not in Taxonomy
23,"""convert web pages to pdfs""",Mismatch / Not in Taxonomy
23,"""compress pdf files""",Mismatch / Not in Taxonomy
23,"""password protect pdf documents""",Mismatch / Not in Taxonomy
23,"""have your pdf read aloud""",Mismatch / Not in Taxonomy
23,"""fill",Mismatch / Not in Taxonomy
23,sign,Mismatch / Not in Taxonomy
23,"and send pdfs""",Mismatch / Not in Taxonomy
23,"""search",Mismatch / Not in Taxonomy
23,"navigate & adjust font size or spacing in pdfs""",Mismatch / Not in Taxonomy
23,"""share files for commenting or viewing""",Mismatch / Not in Taxonomy
23,"""tag others with @mention and manage comments""",Mismatch / Not in Taxonomy
23,"""receive activity notifications for shared files""",Valid (reminders)
23,"""add sticky notes",Mismatch / Not in Taxonomy
23,comments,Mismatch / Not in Taxonomy
23,"and highlight text in pdfs""",Mismatch / Not in Taxonomy
23,"""link online storage accounts like microsoft onedrive",Mismatch / Not in Taxonomy
23,dropbox,Mismatch / Not in Taxonomy
23,"or google drive""",Mismatch / Not in Taxonomy
23,"""star files to quickly open important documents""",Mismatch / Not in Taxonomy
23,"""access scanned pdfs from adobe scan in acrobat""]",Mismatch / Not in Taxonomy
24,"[""focus score tracking""",Mismatch / Not in Taxonomy
24,"""gameplay challenges to tap targets""",Mismatch / Not in Taxonomy
24,"""navigate obstacles""",Mismatch / Not in Taxonomy
24,"""adaptive algorithms to adjust difficulty""",Mismatch / Not in Taxonomy
24,"""mobile video game format""",Mismatch / Not in Taxonomy
24,"""personalized treatment experience""",Mismatch / Not in Taxonomy
24,"""initial focus score ranging from 0100""",Mismatch / Not in Taxonomy
24,"""target focus score increase""",Mismatch / Not in Taxonomy
24,"""multitasking challenges""",Mismatch / Not in Taxonomy
24,"""recovery breaks between treatment doses""",Mismatch / Not in Taxonomy
24,"""no prescription needed""",Mismatch / Not in Taxonomy
24,"""subscription model for access""",Mismatch / Not in Taxonomy
24,"""clinical trial data support""",Mismatch / Not in Taxonomy
24,"""continuous performance measurement""]",Mismatch / Not in Taxonomy
25,"[""focus score tracking""",Mismatch / Not in Taxonomy
25,"""gameplay challenges to tap targets""",Mismatch / Not in Taxonomy
25,"""navigate obstacles""",Mismatch / Not in Taxonomy
25,"""adaptive algorithms for difficulty adjustment""",Mismatch / Not in Taxonomy
25,"""mobile video game format""",Mismatch / Not in Taxonomy
25,"""personalized treatment experience""",Mismatch / Not in Taxonomy
25,"""initial focus score ranging from 0100""",Mismatch / Not in Taxonomy
25,"""target focus score increase""",Mismatch / Not in Taxonomy
25,"""multitasking challenges""",Mismatch / Not in Taxonomy
25,"""recovery breaks between treatment doses""",Mismatch / Not in Taxonomy
25,"""no prescription needed""",Mismatch / Not in Taxonomy
25,"""subscriptionbased access""",Mismatch / Not in Taxonomy
25,"""clinical trial data support""",Mismatch / Not in Taxonomy
25,"""continuous performance measurement""]",Mismatch / Not in Taxonomy
26,"[""set morning alarm with increasing volume""",Valid (reminders)
26,"""extralarge snooze button""",Valid (reminders)
26,"""solve math problems to snooze/dismiss alarm""",Valid (reminders)
26,"""decrease snooze interval time""",Valid (reminders)
26,"""set maximum number of snoozes""",Valid (reminders)
26,"""easily deactivate alarm before it goes off""",Valid (reminders)
26,"""quick alarm for nonrecurring alarms""",Valid (reminders)
26,"""personalized alarm dismiss options (screen button",Valid (reminders)
26,volume buttons,Mismatch / Not in Taxonomy
26,power button,Mismatch / Not in Taxonomy
26,"shaking phone)""",Mismatch / Not in Taxonomy
26,"""upcoming alarm notification""",Valid (reminders)
26,"""set multiple timers""",Mismatch / Not in Taxonomy
26,"""builtin stopwatch""",Mismatch / Not in Taxonomy
26,"""display weather forecast and upcoming events""",Mismatch / Not in Taxonomy
26,"""custom reminders with name",Valid (reminders)
26,icon,Mismatch / Not in Taxonomy
26,"ringtone""",Mismatch / Not in Taxonomy
26,"""set repeat intervals for reminders""",Valid (reminders)
26,"""choose priority for reminders""",Valid (reminders)
26,"""default ringtones from device""",Mismatch / Not in Taxonomy
26,"""use music from device as alarm ringtone""",Valid (reminders)
26,"""select online radio stations as alarm ringtone""",Valid (reminders)
26,"""vibrationonly alarm option""",Valid (reminders)
26,"""math problem difficulty levels""",Mismatch / Not in Taxonomy
26,"""password protection to turn off alarm""",Valid (reminders)
26,"""qr code scanning to dismiss alarm""",Valid (reminders)
26,"""app launch after alarm dismissal""",Valid (reminders)
26,"""nap alarm with countdown timer""",Valid (timer)
26,"""autosnooze feature""",Valid (reminders)
26,"""autodismiss feature""]",Mismatch / Not in Taxonomy
27,"[""habit tracker""",Mismatch / Not in Taxonomy
27,"""routine planner""",Mismatch / Not in Taxonomy
27,"""stepbystep timer flow""",Mismatch / Not in Taxonomy
27,"""autonext guidance""",Mismatch / Not in Taxonomy
27,"""notifications""",Valid (reminders)
27,"""vibration alerts""",Mismatch / Not in Taxonomy
27,"""voice alerts""",Mismatch / Not in Taxonomy
27,"""edit tasks anytime""",Mismatch / Not in Taxonomy
27,"""start routines with widgets""",Mismatch / Not in Taxonomy
27,"""wear os compatibility""",Mismatch / Not in Taxonomy
27,"""800+ icons for routine setup""",Mismatch / Not in Taxonomy
27,"""templates for various routines""",Mismatch / Not in Taxonomy
27,"""autologging""",Mismatch / Not in Taxonomy
27,"""stats tracking""",Mismatch / Not in Taxonomy
27,"""reflection features""",Mismatch / Not in Taxonomy
27,"""pause tasks""",Mismatch / Not in Taxonomy
27,"""skip tasks""",Mismatch / Not in Taxonomy
27,"""reorder tasks""",Mismatch / Not in Taxonomy
27,"""add time to tasks""",Mismatch / Not in Taxonomy
27,"""edit tasks without losing flow""",Mismatch / Not in Taxonomy
27,"""start timer""",Mismatch / Not in Taxonomy
27,"""complete tasks for rewards""",Mismatch / Not in Taxonomy
27,"""visual routine planner""]",Mismatch / Not in Taxonomy
28,"[""habit tracker""",Mismatch / Not in Taxonomy
28,"""routine planner""",Mismatch / Not in Taxonomy
28,"""stepbystep timer flow""",Mismatch / Not in Taxonomy
28,"""autonext guidance""",Mismatch / Not in Taxonomy
28,"""notifications""",Valid (reminders)
28,"""vibration alerts""",Mismatch / Not in Taxonomy
28,"""voice alerts""",Mismatch / Not in Taxonomy
28,"""edit tasks anytime""",Mismatch / Not in Taxonomy
28,"""start routines instantly with widgets""",Mismatch / Not in Taxonomy
28,"""wear os compatibility""",Mismatch / Not in Taxonomy
28,"""800+ icons for routine setup""",Mismatch / Not in Taxonomy
28,"""templates for various routines""",Mismatch / Not in Taxonomy
28,"""autologging""",Mismatch / Not in Taxonomy
28,"""stats tracking""",Mismatch / Not in Taxonomy
28,"""reflection features""",Mismatch / Not in Taxonomy
28,"""pause tasks""",Mismatch / Not in Taxonomy
28,"""skip tasks""",Mismatch / Not in Taxonomy
28,"""reorder tasks""",Mismatch / Not in Taxonomy
28,"""add time to tasks""",Mismatch / Not in Taxonomy
28,"""edit tasks without losing flow""",Mismatch / Not in Taxonomy
28,"""timer for each task""",Mismatch / Not in Taxonomy
28,"""visual routine planner setup""]",Mismatch / Not in Taxonomy
29,"[""ai writing assistant""",Mismatch / Not in Taxonomy
29,"""research and data insights""",Valid (analytics)
29,"""ai coding and programming help""",Mismatch / Not in Taxonomy
29,"""visual analysis""",Mismatch / Not in Taxonomy
29,"""voice dictation in multiple languages""",Mismatch / Not in Taxonomy
29,"""draft and polish content""",Mismatch / Not in Taxonomy
29,"""summarize meetings""",Mismatch / Not in Taxonomy
29,"""generate reports""",Mismatch / Not in Taxonomy
29,"""solve complex math problems""",Mismatch / Not in Taxonomy
29,"""plan projects and manage tasks""",Mismatch / Not in Taxonomy
29,"""translate between 100+ languages""",Mismatch / Not in Taxonomy
29,"""extract insights from pdfs and screenshots""",Valid (analytics)
29,"""handsfree multitasking""]",Mismatch / Not in Taxonomy
30,"[""set personal goals""",Mismatch / Not in Taxonomy
30,"""track progress""",Mismatch / Not in Taxonomy
30,"""plan habits and tasks""",Mismatch / Not in Taxonomy
30,"""schedule tasks""",Mismatch / Not in Taxonomy
30,"""set reminders""",Valid (reminders)
30,"""view statistics""",Mismatch / Not in Taxonomy
30,"""customize habits""",Mismatch / Not in Taxonomy
30,"""choose icons for habits""",Mismatch / Not in Taxonomy
30,"""pick colors for habits""",Mismatch / Not in Taxonomy
30,"""analyze progress""",Mismatch / Not in Taxonomy
30,"""receive task notifications""",Valid (reminders)
30,"""break down tasks into daily fragments""",Mismatch / Not in Taxonomy
30,"""unlimited number of habits (premium feature)""",Mismatch / Not in Taxonomy
30,"""improved reminders (premium feature)""",Valid (reminders)
30,"""motivating stats for each habit (premium feature)""]",Mismatch / Not in Taxonomy
31,"[""screen time tracking""",Mismatch / Not in Taxonomy
31,"""app usage tracking""",Mismatch / Not in Taxonomy
31,"""weekly and monthly usage summaries""",Mismatch / Not in Taxonomy
31,"""app usage statistics""",Mismatch / Not in Taxonomy
31,"""pro membership features""",Mismatch / Not in Taxonomy
31,"""realtime app usage display""",Mismatch / Not in Taxonomy
31,"""app blocking functionality""",Mismatch / Not in Taxonomy
31,"""screen time notifications""",Valid (reminders)
31,"""accessibilityservice api integration""]",Mismatch / Not in Taxonomy
32,"[""pomodoro sessions""",Valid (pomodoro)
32,"""structured work sessions""",Mismatch / Not in Taxonomy
32,"""longer breaks""",Mismatch / Not in Taxonomy
32,"""countup timer""",Mismatch / Not in Taxonomy
32,"""labels""",Mismatch / Not in Taxonomy
32,"""no ads""",Mismatch / Not in Taxonomy
32,"""no tracking or personal data collection""",Mismatch / Not in Taxonomy
32,"""opensource""",Mismatch / Not in Taxonomy
32,"""lightweight""",Mismatch / Not in Taxonomy
32,"""battery friendly""",Mismatch / Not in Taxonomy
32,"""configurable timer""",Mismatch / Not in Taxonomy
32,"""pause",Mismatch / Not in Taxonomy
32,"skip or add 60 seconds""",Mismatch / Not in Taxonomy
32,"""long breaks after a number of completed work sessions""",Mismatch / Not in Taxonomy
32,"""swipe gestures to control the timer""",Mismatch / Not in Taxonomy
32,"""detailed statistics""",Mismatch / Not in Taxonomy
32,"""daily reminder""",Valid (reminders)
32,"""amoledfriendly user interface""",Mismatch / Not in Taxonomy
32,"""keep the screen on""",Mismatch / Not in Taxonomy
32,"""do not disturb mode during focus sessions""",Mismatch / Not in Taxonomy
32,"""display app over lock screen""",Mismatch / Not in Taxonomy
32,"""custom notification sounds""",Valid (reminders)
32,"""auto start work or break without user interaction""",Mismatch / Not in Taxonomy
32,"""android wear support for notifications""",Valid (reminders)
32,"""translated in 42 languages""",Mismatch / Not in Taxonomy
32,"""configurable start of the day and start of the week""",Mismatch / Not in Taxonomy
32,"""theme and dynamic color""",Mismatch / Not in Taxonomy
32,"""different notification sound at the end of focus and break sessions""",Valid (reminders)
32,"""assign colored labels with custom time profiles""",Mismatch / Not in Taxonomy
32,"""archive labels for better organization""",Mismatch / Not in Taxonomy
32,"""adjust size",Mismatch / Not in Taxonomy
32,weight,Mismatch / Not in Taxonomy
32,"and immersive mode""",Mismatch / Not in Taxonomy
32,"""hide seconds and other indicators""",Mismatch / Not in Taxonomy
32,"""enable torch and persistent alerts""",Mismatch / Not in Taxonomy
32,"""visualize data based on labels""",Mismatch / Not in Taxonomy
32,"""manually add or edit completed sessions""",Mismatch / Not in Taxonomy
32,"""add notes to completed sessions""",Mismatch / Not in Taxonomy
32,"""export and import backups for labels and statistics""",Mismatch / Not in Taxonomy
32,"""export statistics as csv or json""]",Mismatch / Not in Taxonomy
33,"[""app blocker""",Mismatch / Not in Taxonomy
33,"""pause before opening apps""",Mismatch / Not in Taxonomy
33,"""focus session""",Mismatch / Not in Taxonomy
33,"""set daily usage limits""",Mismatch / Not in Taxonomy
33,"""reminders to activate pause screen""",Valid (reminders)
33,"""block specific locations in apps""",Mismatch / Not in Taxonomy
33,"""block specific websites""",Mismatch / Not in Taxonomy
33,"""intentions before using apps""",Mismatch / Not in Taxonomy
33,"""shortcuts for quick access""",Mismatch / Not in Taxonomy
33,"""bookmarks for saving resources""",Mismatch / Not in Taxonomy
33,"""custom blocking schedules""",Mismatch / Not in Taxonomy
33,"""notifications for blocking schedule""",Valid (reminders)
33,"""accessibility service api for app detection""]",Mismatch / Not in Taxonomy
34,"[""personalized guided meditations""",Mismatch / Not in Taxonomy
34,"""mindfulness life coaching""",Mismatch / Not in Taxonomy
34,"""cognitive behavioral therapy (cbt)""",Mismatch / Not in Taxonomy
34,"""breathwork""",Mismatch / Not in Taxonomy
34,"""soothing sleep sounds""",Mismatch / Not in Taxonomy
34,"""sleep stories""",Mismatch / Not in Taxonomy
34,"""daily meditations""",Mismatch / Not in Taxonomy
34,"""hypnosis""",Mismatch / Not in Taxonomy
34,"""offline breathwork courses""",Mismatch / Not in Taxonomy
34,"""predesigned programs""",Mismatch / Not in Taxonomy
34,"""gratitude journal""",Mismatch / Not in Taxonomy
34,"""mood tracker""",Mismatch / Not in Taxonomy
34,"""live sessions""",Mismatch / Not in Taxonomy
34,"""personalization engine""",Mismatch / Not in Taxonomy
34,"""extensive content library""",Mismatch / Not in Taxonomy
34,"""selfcare relaxing sounds""",Mismatch / Not in Taxonomy
34,"""expert guidance""",Mismatch / Not in Taxonomy
34,"""stress relief resources""",Mismatch / Not in Taxonomy
34,"""constant content updates""",Mismatch / Not in Taxonomy
34,"""community support""]",Mismatch / Not in Taxonomy
35,"[""personalized guided meditations""",Mismatch / Not in Taxonomy
35,"""mindfulness life coaching""",Mismatch / Not in Taxonomy
35,"""cognitive behavioral therapy (cbt)""",Mismatch / Not in Taxonomy
35,"""breathwork""",Mismatch / Not in Taxonomy
35,"""soothing sleep sounds""",Mismatch / Not in Taxonomy
35,"""sleep stories""",Mismatch / Not in Taxonomy
35,"""daily meditations""",Mismatch / Not in Taxonomy
35,"""hypnosis""",Mismatch / Not in Taxonomy
35,"""offline breathwork courses""",Mismatch / Not in Taxonomy
35,"""predesigned programs""",Mismatch / Not in Taxonomy
35,"""gratitude journal""",Mismatch / Not in Taxonomy
35,"""mood tracker""",Mismatch / Not in Taxonomy
35,"""live sessions""",Mismatch / Not in Taxonomy
35,"""personalization engine""",Mismatch / Not in Taxonomy
35,"""extensive content library""",Mismatch / Not in Taxonomy
35,"""selfcare relaxing sounds""",Mismatch / Not in Taxonomy
35,"""expert guidance""",Mismatch / Not in Taxonomy
35,"""constant content updates""",Mismatch / Not in Taxonomy
35,"""community support""]",Mismatch / Not in Taxonomy
36,"[""block adult content/websites""",Mismatch / Not in Taxonomy
36,"""uninstall protection""",Mismatch / Not in Taxonomy
36,"""accountability partner feature""",Mismatch / Not in Taxonomy
36,"""block websites",Mismatch / Not in Taxonomy
36,keywords,Mismatch / Not in Taxonomy
36,"and apps""",Mismatch / Not in Taxonomy
36,"""youtube safe search""",Mismatch / Not in Taxonomy
36,"""focus mode""",Valid (focus_mode)
36,"""accessibility service permission""",Mismatch / Not in Taxonomy
36,"""system alert window permission""",Mismatch / Not in Taxonomy
36,"""device admin permission""]",Mismatch / Not in Taxonomy
37,"[""single click time tracking for all activities""",Mismatch / Not in Taxonomy
37,"""organize projects into smaller tasks""",Mismatch / Not in Taxonomy
37,"""pomodoro timer""",Valid (pomodoro)
37,"""countdown timer""",Valid (timer)
37,"""export data to csv""",Mismatch / Not in Taxonomy
37,"""control time tracking from the notification bar""",Valid (reminders)
37,"""google drive backups""",Mismatch / Not in Taxonomy
37,"""view detailed reports and statistics""",Mismatch / Not in Taxonomy
37,"""view tracked activities in a calendar""",Mismatch / Not in Taxonomy
37,"""dark mode""",Mismatch / Not in Taxonomy
37,"""no ads""]",Mismatch / Not in Taxonomy
38,"[""caller id""",Mismatch / Not in Taxonomy
38,"""block numbers""",Mismatch / Not in Taxonomy
38,"""text & sms messaging""",Mismatch / Not in Taxonomy
38,"""call recording""",Mismatch / Not in Taxonomy
38,"""phone number lookup""",Mismatch / Not in Taxonomy
38,"""spam call blocker""",Mismatch / Not in Taxonomy
38,"""spam detector""",Mismatch / Not in Taxonomy
38,"""blacklist numbers""",Mismatch / Not in Taxonomy
38,"""automatic call recorder (acr)""",Mismatch / Not in Taxonomy
38,"""video ringtone""",Mismatch / Not in Taxonomy
38,"""whatsapp caller id""",Mismatch / Not in Taxonomy
38,"""identify unknown numbers across messaging apps""",Mismatch / Not in Taxonomy
38,"""automatically organize messages""",Mismatch / Not in Taxonomy
38,"""advanced blacklist options""",Mismatch / Not in Taxonomy
38,"""robocalls filter""",Mismatch / Not in Taxonomy
38,"""caller trace""",Mismatch / Not in Taxonomy
38,"""cloud storage for call recordings""]",Mismatch / Not in Taxonomy
39,"[""guided meditation""",Mismatch / Not in Taxonomy
39,"""sleep stories""",Mismatch / Not in Taxonomy
39,"""soundscapes""",Mismatch / Not in Taxonomy
39,"""breathwork""",Mismatch / Not in Taxonomy
39,"""stretching exercises""",Mismatch / Not in Taxonomy
39,"""daily meditation""",Mismatch / Not in Taxonomy
39,"""mindfulness topics""",Mismatch / Not in Taxonomy
39,"""calming music""",Mismatch / Not in Taxonomy
39,"""sleep sounds""",Mismatch / Not in Taxonomy
39,"""emotion and mental health tracker""",Mismatch / Not in Taxonomy
39,"""daily streaks""",Mismatch / Not in Taxonomy
39,"""mindful minutes""",Mismatch / Not in Taxonomy
39,"""7and 21day mindfulness programs""",Mismatch / Not in Taxonomy
39,"""nature sounds""",Mismatch / Not in Taxonomy
39,"""breathing exercises""",Mismatch / Not in Taxonomy
39,"""wear os app integration""]",Mismatch / Not in Taxonomy
40,"[""blocks adult content sites""",Mismatch / Not in Taxonomy
40,"""blocks phishing sites""",Mismatch / Not in Taxonomy
40,"""blocks mixed content sites""",Mismatch / Not in Taxonomy
40,"""works across entire phone including browsers and apps""",Mismatch / Not in Taxonomy
40,"""filters incognito mode / private browser modes""",Mismatch / Not in Taxonomy
40,"""runs on startup""",Mismatch / Not in Taxonomy
40,"""enforces safe search on most search engines""",Mismatch / Not in Taxonomy
40,"""app blocker (premium feature)""",Mismatch / Not in Taxonomy
40,"""sends email alerts when filter is locked/unlocked or forcibly shutdown (premium feature)""",Mismatch / Not in Taxonomy
40,"""uses a pin to lock the filter (premium feature)""",Mismatch / Not in Taxonomy
40,"""sets a delay before unlocking the filter (premium feature)""",Mismatch / Not in Taxonomy
40,"""captures randomly generated screenshots""",Mismatch / Not in Taxonomy
40,"""allows blurring or redaction of screenshots""",Mismatch / Not in Taxonomy
40,"""tracks web history""",Mismatch / Not in Taxonomy
40,"""flags highrisk sites""",Mismatch / Not in Taxonomy
40,"""provides screen time reports""",Valid (screen_time)
40,"""offers endtoend encryption""",Mismatch / Not in Taxonomy
40,"""configurable privacy settings""",Mismatch / Not in Taxonomy
40,"""monitors multiple devices within a family household""",Mismatch / Not in Taxonomy
40,"""detects and reports tampering attempts""]",Mismatch / Not in Taxonomy
41,"[""realtime smart filter""",Mismatch / Not in Taxonomy
41,"""porn blocker""",Mismatch / Not in Taxonomy
41,"""aibased content filtering""",Mismatch / Not in Taxonomy
41,"""sexting alerts""",Mismatch / Not in Taxonomy
41,"""camera monitoring""",Mismatch / Not in Taxonomy
41,"""screen time management""",Mismatch / Not in Taxonomy
41,"""set downtime""",Mismatch / Not in Taxonomy
41,"""screentime limits""",Mismatch / Not in Taxonomy
41,"""removal alerts""",Mismatch / Not in Taxonomy
41,"""website management""",Mismatch / Not in Taxonomy
41,"""customizable blocked or allowed websites""",Mismatch / Not in Taxonomy
41,"""location awareness""",Mismatch / Not in Taxonomy
41,"""realtime gps tracking""",Mismatch / Not in Taxonomy
41,"""app management""",Mismatch / Not in Taxonomy
41,"""block distracting apps""",Mismatch / Not in Taxonomy
41,"""easy monitoring""",Mismatch / Not in Taxonomy
41,"""notifications for blocked content""",Valid (reminders)
41,"""settings adjustment via canopy for parents app""",Mismatch / Not in Taxonomy
41,"""settings adjustment via canopy web dashboard""]",Valid (analytics)
42,"[""personalized meditation experience""",Mismatch / Not in Taxonomy
42,"""customized meditation plans""",Mismatch / Not in Taxonomy
42,"""set practice goals""",Mismatch / Not in Taxonomy
42,"""track progress""",Mismatch / Not in Taxonomy
42,"""flexible meditation options""",Mismatch / Not in Taxonomy
42,"""500+ guided meditations""",Mismatch / Not in Taxonomy
42,"""sleep meditations""",Mismatch / Not in Taxonomy
42,"""mindful moments""",Mismatch / Not in Taxonomy
42,"""weekly content updates""",Mismatch / Not in Taxonomy
42,"""introductory course""",Mismatch / Not in Taxonomy
42,"""meditation courses""",Mismatch / Not in Taxonomy
42,"""practice one meditation multiple times""",Mismatch / Not in Taxonomy
42,"""breathing sound meditation""",Mismatch / Not in Taxonomy
42,"""open awareness meditation""",Mismatch / Not in Taxonomy
42,"""body scan meditation""",Mismatch / Not in Taxonomy
42,"""walking meditation""",Mismatch / Not in Taxonomy
42,"""lovingkindness meditation""",Mismatch / Not in Taxonomy
42,"""concentration meditation""",Mismatch / Not in Taxonomy
42,"""mindfulness practices""",Mismatch / Not in Taxonomy
42,"""monthly checkins""",Mismatch / Not in Taxonomy
42,"""teacher talks""",Mismatch / Not in Taxonomy
42,"""wisdom clips""",Mismatch / Not in Taxonomy
42,"""newsletter""",Mismatch / Not in Taxonomy
42,"""support team access""]",Mismatch / Not in Taxonomy
43,"[""daily guided meditative audio experience""",Mismatch / Not in Taxonomy
43,"""daily meditation about 5 minutes long""",Mismatch / Not in Taxonomy
43,"""entire library of christian meditations""",Mismatch / Not in Taxonomy
43,"""audio bible series including 'bible in 100 days'""",Mismatch / Not in Taxonomy
43,"""bedtime bible stories and lullabies""",Mismatch / Not in Taxonomy
43,"""sleep bible prayers and christian music""",Mismatch / Not in Taxonomy
43,"""series for the lord's prayer""",Mismatch / Not in Taxonomy
43,"""guided biblical meditative prayer""",Mismatch / Not in Taxonomy
43,"""library of scripturebased meditations""",Mismatch / Not in Taxonomy
43,"""courses on various topics""",Mismatch / Not in Taxonomy
43,"""calming music and lullabies""",Mismatch / Not in Taxonomy
43,"""daily scripturebased audio devotional prayer""",Mismatch / Not in Taxonomy
43,"""listen to full audio series on peace in political uncertainty""",Mismatch / Not in Taxonomy
43,"""read along while listening to daily prayers""",Mismatch / Not in Taxonomy
43,"""save favorite meditations""",Mismatch / Not in Taxonomy
43,"""access to longer versions of meditations""",Mismatch / Not in Taxonomy
43,"""wallpapers for the app""",Mismatch / Not in Taxonomy
43,"""kid's bedtime stories",Mismatch / Not in Taxonomy
43,lullabies,Mismatch / Not in Taxonomy
43,"and prayers""",Mismatch / Not in Taxonomy
43,"""onetime payment for unlimited",Mismatch / Not in Taxonomy
43,"lifetime use of the app""]",Mismatch / Not in Taxonomy
44,"[""organize chores by room""",Mismatch / Not in Taxonomy
44,"""assign tasks to household members""",Mismatch / Not in Taxonomy
44,"""track progress of chores""",Mismatch / Not in Taxonomy
44,"""gamified achievements""",Mismatch / Not in Taxonomy
44,"""daily reminders""",Valid (reminders)
44,"""multiuser support""",Mismatch / Not in Taxonomy
44,"""ai quick add""",Mismatch / Not in Taxonomy
44,"""natural language task addition""]",Mismatch / Not in Taxonomy
45,"[""timer function""",Mismatch / Not in Taxonomy
45,"""stopwatch function""",Mismatch / Not in Taxonomy
45,"""interval timer function""",Mismatch / Not in Taxonomy
45,"""gap timer function""",Mismatch / Not in Taxonomy
45,"""circular progress display for countdown""",Valid (timer)
45,"""user interface with material design and animations""",Mismatch / Not in Taxonomy
45,"""background usage while using other apps""",Mismatch / Not in Taxonomy
45,"""screen locked usage""",Mismatch / Not in Taxonomy
45,"""presets for different activities""",Mismatch / Not in Taxonomy
45,"""timer sound option""",Mismatch / Not in Taxonomy
45,"""vibration option with custom tones""",Mismatch / Not in Taxonomy
45,"""lap function in stopwatch""",Mismatch / Not in Taxonomy
45,"""share function for stopwatch laps""",Mismatch / Not in Taxonomy
45,"""one tap start and stop feature""",Mismatch / Not in Taxonomy
45,"""easily reset stopwatch""",Mismatch / Not in Taxonomy
45,"""display total remaining time""",Mismatch / Not in Taxonomy
45,"""display interval remaining time""",Mismatch / Not in Taxonomy
45,"""dark mode""",Mismatch / Not in Taxonomy
45,"""counting continues with screen off""",Mismatch / Not in Taxonomy
45,"""support for all phone and tablet types""",Mismatch / Not in Taxonomy
45,"""low battery consumption""",Mismatch / Not in Taxonomy
45,"""custom interval duration""",Mismatch / Not in Taxonomy
45,"""custom interval counts""",Mismatch / Not in Taxonomy
45,"""custom gap duration between intervals""",Mismatch / Not in Taxonomy
45,"""pause function in timer and stopwatch""",Mismatch / Not in Taxonomy
45,"""resume function in timer and stopwatch""",Mismatch / Not in Taxonomy
45,"""control timer and stopwatch through notifications""]",Valid (reminders)
46,"[""digital stopwatch""",Mismatch / Not in Taxonomy
46,"""free timer""",Mismatch / Not in Taxonomy
46,"""unlimited timers""",Mismatch / Not in Taxonomy
46,"""lap function""",Mismatch / Not in Taxonomy
46,"""clear display""",Mismatch / Not in Taxonomy
46,"""set up and manage multiple timers""",Mismatch / Not in Taxonomy
46,"""customizable sound alerts""",Mismatch / Not in Taxonomy
46,"""customizable vibration alerts""",Mismatch / Not in Taxonomy
46,"""variety of themes""",Mismatch / Not in Taxonomy
46,"""progress bar for elapsed time""",Mismatch / Not in Taxonomy
46,"""full lap display""",Mismatch / Not in Taxonomy
46,"""one tap switch between timer and stopwatch""",Mismatch / Not in Taxonomy
46,"""large numbers display""",Mismatch / Not in Taxonomy
46,"""scrolling display""]",Mismatch / Not in Taxonomy
47,"[""scan crest or oralb kids products using device camera""",Mismatch / Not in Taxonomy
47,"""unlock disney",Mismatch / Not in Taxonomy
47,marvel,Mismatch / Not in Taxonomy
47,"and star wars characters""",Mismatch / Not in Taxonomy
47,"""track child's brushing progress with a calendar""",Mismatch / Not in Taxonomy
47,"""reward system with stickers",Mismatch / Not in Taxonomy
47,games,Mismatch / Not in Taxonomy
47,"and photo filters""",Mismatch / Not in Taxonomy
47,"""train proper brushing techniques with timer and tips""",Mismatch / Not in Taxonomy
47,"""save content to external storage""",Mismatch / Not in Taxonomy
47,"""inapp purchases for additional characters""",Mismatch / Not in Taxonomy
47,"""create and manage multiple user profiles""",Mismatch / Not in Taxonomy
47,"""delete user profiles""",Mismatch / Not in Taxonomy
47,"""adjust audio settings""",Mismatch / Not in Taxonomy
47,"""compatible with devices running android 8 or newer and ios 11.0 or later""]",Mismatch / Not in Taxonomy
48,"[""gamified productivity challenges""",Mismatch / Not in Taxonomy
48,"""virtual pet (dog) feeding mechanic""",Mismatch / Not in Taxonomy
48,"""time tracking""",Mismatch / Not in Taxonomy
48,"""pomodoro timer""",Valid (pomodoro)
48,"""focus reminders""",Valid (reminders)
48,"""ios widgets""",Mismatch / Not in Taxonomy
48,"""siri voice commands and shortcuts""",Mismatch / Not in Taxonomy
48,"""antichat mode""",Mismatch / Not in Taxonomy
48,"""focus challenges""",Mismatch / Not in Taxonomy
48,"""advanced statistics""",Mismatch / Not in Taxonomy
48,"""friend addition and competition""",Mismatch / Not in Taxonomy
48,"""csv export""",Mismatch / Not in Taxonomy
48,"""unlockable donut recipes""",Mismatch / Not in Taxonomy
48,"""unlockable donut machines""",Mismatch / Not in Taxonomy
48,"""unlockable app backgrounds""",Mismatch / Not in Taxonomy
48,"""customization options""",Mismatch / Not in Taxonomy
48,"""donation feature for real dogs""",Mismatch / Not in Taxonomy
48,"""detailed time distribution statistics""",Mismatch / Not in Taxonomy
48,"""weekly",Mismatch / Not in Taxonomy
48,monthly,Mismatch / Not in Taxonomy
48,"and yearly focus time tracking""]",Mismatch / Not in Taxonomy
49,"[""aipowered task breakdown""",Mismatch / Not in Taxonomy
49,"""smart prioritization & task suggestions""",Mismatch / Not in Taxonomy
49,"""voice assistant integration""",Mismatch / Not in Taxonomy
49,"""flexible digital bullet journaling""",Mismatch / Not in Taxonomy
49,"""time tracking""",Mismatch / Not in Taxonomy
49,"""habit tracker""",Mismatch / Not in Taxonomy
49,"""focus timer (pomodoro)""",Valid (pomodoro)
49,"""advanced planning tools""",Mismatch / Not in Taxonomy
49,"""motivation & wellness tracking""]",Mismatch / Not in Taxonomy
50,"[""guided meditations""",Mismatch / Not in Taxonomy
50,"""sleep meditations""",Mismatch / Not in Taxonomy
50,"""walking meditations""",Mismatch / Not in Taxonomy
50,"""customizable meditation duration""",Mismatch / Not in Taxonomy
50,"""choose meditation topics""",Mismatch / Not in Taxonomy
50,"""adjust instructor guidance level""",Mismatch / Not in Taxonomy
50,"""set duration of silence""",Mismatch / Not in Taxonomy
50,"""choose from multiple meditation instructors""",Mismatch / Not in Taxonomy
50,"""dynamic changing music options""",Mismatch / Not in Taxonomy
50,"""sync across devices""",Mismatch / Not in Taxonomy
50,"""available in multiple languages""]",Mismatch / Not in Taxonomy
51,"[""automatically upload photos and pictures from camera roll to cloud""",Mismatch / Not in Taxonomy
51,"""access any file in account even offline""",Mismatch / Not in Taxonomy
51,"""preview over 175 different file types""",Mismatch / Not in Taxonomy
51,"""easily send large files by sharing a link""",Mismatch / Not in Taxonomy
51,"""save photos to the cloud or transfer photos from cloud storage""",Mismatch / Not in Taxonomy
51,"""scan documents",Mismatch / Not in Taxonomy
51,receipts,Mismatch / Not in Taxonomy
51,ids,Mismatch / Not in Taxonomy
51,"and photos into highquality pdfs""",Mismatch / Not in Taxonomy
51,"""sync folders on pc or mac to dropbox""",Mismatch / Not in Taxonomy
51,"""recover older versions or restore deleted files""",Mismatch / Not in Taxonomy
51,"""store and sync passwords across devices""",Mismatch / Not in Taxonomy
51,"""secure sensitive documents and photos""",Mismatch / Not in Taxonomy
51,"""roll back any file",Mismatch / Not in Taxonomy
51,folder,Mismatch / Not in Taxonomy
51,"or entire account for up to 30 days""",Mismatch / Not in Taxonomy
51,"""advanced search for video",Mismatch / Not in Taxonomy
51,images,Mismatch / Not in Taxonomy
51,"and team members""",Mismatch / Not in Taxonomy
51,"""aipowered search and universal access controls""",Mismatch / Not in Taxonomy
51,"""smart organization and suggestions""",Mismatch / Not in Taxonomy
51,"""natural language search""",Mismatch / Not in Taxonomy
51,"""realtime syncing""",Mismatch / Not in Taxonomy
51,"""industryleading encryption""",Mismatch / Not in Taxonomy
51,"""tamperproof documents""",Mismatch / Not in Taxonomy
51,"""version history and recovery""]",Mismatch / Not in Taxonomy
52,"[""personalized guided meditations""",Mismatch / Not in Taxonomy
52,"""10day plans for meditation skills""",Mismatch / Not in Taxonomy
52,"""bitesized singles for quick meditation""",Mismatch / Not in Taxonomy
52,"""researchbacked activities for relaxation""",Mismatch / Not in Taxonomy
52,"""calming sounds for stress reduction""",Mismatch / Not in Taxonomy
52,"""animated breathing exercises""",Mismatch / Not in Taxonomy
52,"""10 concrete meditation techniques""",Mismatch / Not in Taxonomy
52,"""sleep meditations""",Mismatch / Not in Taxonomy
52,"""sleep stories""",Mismatch / Not in Taxonomy
52,"""sleep sounds""",Mismatch / Not in Taxonomy
52,"""winddown activities""",Mismatch / Not in Taxonomy
52,"""personalized audio guidance""",Mismatch / Not in Taxonomy
52,"""focus music library""",Mismatch / Not in Taxonomy
52,"""foundations plan for beginners""",Mismatch / Not in Taxonomy
52,"""advanced plan for experienced meditators""",Mismatch / Not in Taxonomy
52,"""interactive features using bilateral stimulation""]",Mismatch / Not in Taxonomy
53,"[""personalized guided meditations""",Mismatch / Not in Taxonomy
53,"""10day plans for meditation skills""",Mismatch / Not in Taxonomy
53,"""bitesized singles for quick meditation""",Mismatch / Not in Taxonomy
53,"""researchbacked activities for relaxation""",Mismatch / Not in Taxonomy
53,"""calming sounds for stress reduction""",Mismatch / Not in Taxonomy
53,"""animated breathing exercises""",Mismatch / Not in Taxonomy
53,"""10 concrete meditation techniques""",Mismatch / Not in Taxonomy
53,"""sleep meditations""",Mismatch / Not in Taxonomy
53,"""sleep stories""",Mismatch / Not in Taxonomy
53,"""sleep sounds including white noise""",Mismatch / Not in Taxonomy
53,"""winddown activities""",Mismatch / Not in Taxonomy
53,"""foundations plan for beginners""",Mismatch / Not in Taxonomy
53,"""advanced plan for experienced meditators""",Mismatch / Not in Taxonomy
53,"""personalized audio guidance""",Mismatch / Not in Taxonomy
53,"""focus music library""",Mismatch / Not in Taxonomy
53,"""vibrationbased immersive meditations""",Mismatch / Not in Taxonomy
53,"""interactive wind down single""]",Mismatch / Not in Taxonomy
54,"[""focus timer with pomodoro technique""",Valid (pomodoro)
54,"""customize focus & break durations""",Mismatch / Not in Taxonomy
54,"""stopwatch functionality""",Mismatch / Not in Taxonomy
54,"""attach timer/stopwatch to todo list or calendar""",Mismatch / Not in Taxonomy
54,"""session tagging for productivity insights""",Valid (analytics)
54,"""todo list with flexible repeat options""",Mismatch / Not in Taxonomy
54,"""progress tracker for tasks""",Mismatch / Not in Taxonomy
54,"""reminders for tasks and events""",Valid (reminders)
54,"""break tasks into smaller subtasks""",Mismatch / Not in Taxonomy
54,"""daily planner/calendar for event creation""",Mismatch / Not in Taxonomy
54,"""recurring events for regular routines""",Mismatch / Not in Taxonomy
54,"""track focus trends and peak performance times""",Valid (analytics)
54,"""session history with charts and insights""",Valid (analytics)
54,"""export session history""",Mismatch / Not in Taxonomy
54,"""minimalist user interface""",Mismatch / Not in Taxonomy
54,"""app whitelist to block distracting apps""",Mismatch / Not in Taxonomy
54,"""white noise feature for focus""",Mismatch / Not in Taxonomy
54,"""visual stats for progress tracking""",Mismatch / Not in Taxonomy
54,"""routine builder for daily structures""",Mismatch / Not in Taxonomy
54,"""add comments to timer sessions""",Mismatch / Not in Taxonomy
54,"""attach labels to tasks and sessions""]",Mismatch / Not in Taxonomy
55,"[""habit tracking""",Mismatch / Not in Taxonomy
55,"""progress visualization""",Mismatch / Not in Taxonomy
55,"""synchronization across devices""",Mismatch / Not in Taxonomy
55,"""customization of habit board""",Mismatch / Not in Taxonomy
55,"""sorting and grouping habits""",Mismatch / Not in Taxonomy
55,"""color coding for habits""",Mismatch / Not in Taxonomy
55,"""break habit option""",Mismatch / Not in Taxonomy
55,"""statistics tracking""",Mismatch / Not in Taxonomy
55,"""daily completed habit counter""",Mismatch / Not in Taxonomy
55,"""total counts and completion rates""",Mismatch / Not in Taxonomy
55,"""skip option for missed days""",Mismatch / Not in Taxonomy
55,"""no weekends option""",Mismatch / Not in Taxonomy
55,"""support for multiple character types""",Mismatch / Not in Taxonomy
55,"""emoji support for personalization""]",Mismatch / Not in Taxonomy
56,"[""intuitive interface""",Mismatch / Not in Taxonomy
56,"""oneclick workout start""",Mismatch / Not in Taxonomy
56,"""customizable display with huge digits""",Mismatch / Not in Taxonomy
56,"""bright customizable colors""",Mismatch / Not in Taxonomy
56,"""add descriptions to intervals and sets""",Mismatch / Not in Taxonomy
56,"""add images to intervals""",Mismatch / Not in Taxonomy
56,"""individual interval configuration""",Mismatch / Not in Taxonomy
56,"""create sequences of workouts""",Mismatch / Not in Taxonomy
56,"""background operation with progress notifications""",Valid (reminders)
56,"""sound and vibration alerts""",Mismatch / Not in Taxonomy
56,"""over 50 available sounds""",Mismatch / Not in Taxonomy
56,"""add custom sounds""",Mismatch / Not in Taxonomy
56,"""voice assistant with texttospeech""",Mismatch / Not in Taxonomy
56,"""music playback integration""",Mismatch / Not in Taxonomy
56,"""volume ducking for music player""",Mismatch / Not in Taxonomy
56,"""metronome feature""",Mismatch / Not in Taxonomy
56,"""repetitions mode for intervals""",Mismatch / Not in Taxonomy
56,"""backup for workouts and settings""",Mismatch / Not in Taxonomy
56,"""workout sharing capability""",Mismatch / Not in Taxonomy
56,"""filter workouts by type",Mismatch / Not in Taxonomy
56,favorites,Mismatch / Not in Taxonomy
56,color,Mismatch / Not in Taxonomy
56,"text""",Mismatch / Not in Taxonomy
56,"""add notes to workouts""",Mismatch / Not in Taxonomy
56,"""two time formats: seconds or hours/minutes/seconds""",Mismatch / Not in Taxonomy
56,"""shortcuts for quick workout access""",Mismatch / Not in Taxonomy
56,"""customizable timer screen buttons""",Mismatch / Not in Taxonomy
56,"""wearable device compatibility""]",Mismatch / Not in Taxonomy
57,"[""visual timer""",Mismatch / Not in Taxonomy
57,"""animated chore guidance""",Mismatch / Not in Taxonomy
57,"""ondemand activity selection""",Mismatch / Not in Taxonomy
57,"""morning routine with 8 animated chores""",Mismatch / Not in Taxonomy
57,"""bedtime routine with 7 animated chores""",Mismatch / Not in Taxonomy
57,"""custom chore addition""",Mismatch / Not in Taxonomy
57,"""change chore order""",Mismatch / Not in Taxonomy
57,"""adjust duration of activities""",Mismatch / Not in Taxonomy
57,"""remove countdown timer""",Valid (timer)
57,"""define rewards""",Mismatch / Not in Taxonomy
57,"""set target stars for rewards""",Mismatch / Not in Taxonomy
57,"""email/print certificates""",Mismatch / Not in Taxonomy
57,"""available on ios and android""",Mismatch / Not in Taxonomy
57,"""supports multiple languages""]",Mismatch / Not in Taxonomy
58,"[""requires subscription after free trial""",Mismatch / Not in Taxonomy
58,"""custom blacklisting of sites and apps""",Mismatch / Not in Taxonomy
58,"""safe search enforcement on major search engines""",Mismatch / Not in Taxonomy
58,"""pin protection for uninstalls""",Mismatch / Not in Taxonomy
58,"""streak counter for tracking progress""",Mismatch / Not in Taxonomy
58,"""accountability alerts for uninstalls and unsubscribes""",Mismatch / Not in Taxonomy
58,"""multilevel filtering options (normal",Mismatch / Not in Taxonomy
58,extreme,Mismatch / Not in Taxonomy
58,"ultra extreme)""",Mismatch / Not in Taxonomy
58,"""panic mode to lock out phone""",Mismatch / Not in Taxonomy
58,"""thrive mode productivity tracker""",Mismatch / Not in Taxonomy
58,"""vpn service for website access control""",Mismatch / Not in Taxonomy
58,"""multidevice coverage for android",Mismatch / Not in Taxonomy
58,windows,Mismatch / Not in Taxonomy
58,"and mac""",Mismatch / Not in Taxonomy
58,"""accessibility services api usage for app monitoring""",Mismatch / Not in Taxonomy
58,"""system alert window permission for locking apps""",Mismatch / Not in Taxonomy
58,"""simple 1tap setup""]",Mismatch / Not in Taxonomy
59,"[""visual countdown timer""",Valid (timer)
59,"""timer runs from green to amber to red""",Mismatch / Not in Taxonomy
59,"""reveals a fun picture as time runs down""",Mismatch / Not in Taxonomy
59,"""plays an exciting sound when time is up""",Mismatch / Not in Taxonomy
59,"""changes background image based on time of day""",Mismatch / Not in Taxonomy
59,"""select from many fun images and sounds""",Mismatch / Not in Taxonomy
59,"""choose custom images from photo library""",Mismatch / Not in Taxonomy
59,"""tracks breastfeeds",Mismatch / Not in Taxonomy
59,bottle feeds,Mismatch / Not in Taxonomy
59,breast pumps,Mismatch / Not in Taxonomy
59,nappies,Mismatch / Not in Taxonomy
59,sleep,Mismatch / Not in Taxonomy
59,medication,Mismatch / Not in Taxonomy
59,solid food,Mismatch / Not in Taxonomy
59,baby's weight,Mismatch / Not in Taxonomy
59,"baby's length""",Mismatch / Not in Taxonomy
59,"""synchronise data across different phones""",Mismatch / Not in Taxonomy
59,"""log data from apple watch""",Mismatch / Not in Taxonomy
59,"""provides graphs and analytics""",Valid (analytics)
59,"""countdown to baby arrival""",Valid (timer)
59,"""weekly pregnancy information""",Mismatch / Not in Taxonomy
59,"""pregnancy diary""",Mismatch / Not in Taxonomy
59,"""picture slides to record baby bump growth""",Mismatch / Not in Taxonomy
59,"""baby's name section""",Mismatch / Not in Taxonomy
59,"""hospital bag section""",Mismatch / Not in Taxonomy
59,"""personalise app with a nickname""",Mismatch / Not in Taxonomy
59,"""choose from four game types: addition",Mismatch / Not in Taxonomy
59,subtraction,Mismatch / Not in Taxonomy
59,multiplication,Mismatch / Not in Taxonomy
59,"division""",Mismatch / Not in Taxonomy
59,"""unlock new monsters as rewards""",Mismatch / Not in Taxonomy
59,"""compete with friends and classmates""",Mismatch / Not in Taxonomy
59,"""collect coins to accessorise character""",Mismatch / Not in Taxonomy
59,"""logic",Mismatch / Not in Taxonomy
59,shape,Mismatch / Not in Taxonomy
59,"and memory based problem solving""",Mismatch / Not in Taxonomy
59,"""hidden interactive areas to discover""",Mismatch / Not in Taxonomy
59,"""fun flashcards for learning colours",Mismatch / Not in Taxonomy
59,animals,Mismatch / Not in Taxonomy
59,"and alphabet""]",Mismatch / Not in Taxonomy
60,"[""visual countdown timer""",Valid (timer)
60,"""timer changes color from green to amber to red""",Mismatch / Not in Taxonomy
60,"""reveals a fun picture as time runs down""",Mismatch / Not in Taxonomy
60,"""plays an exciting sound when time is up""",Mismatch / Not in Taxonomy
60,"""background image changes based on time of day""",Mismatch / Not in Taxonomy
60,"""select from various fun images and sounds""",Mismatch / Not in Taxonomy
60,"""upload custom images from photo library""",Mismatch / Not in Taxonomy
60,"""track breastfeeds""",Mismatch / Not in Taxonomy
60,"""track bottle feeds""",Mismatch / Not in Taxonomy
60,"""track breast pumps""",Mismatch / Not in Taxonomy
60,"""track nappies""",Mismatch / Not in Taxonomy
60,"""track sleep""",Mismatch / Not in Taxonomy
60,"""track medication""",Mismatch / Not in Taxonomy
60,"""track solid food""",Mismatch / Not in Taxonomy
60,"""track baby's weight""",Mismatch / Not in Taxonomy
60,"""track baby's length""",Mismatch / Not in Taxonomy
60,"""synchronize data across different phones""",Mismatch / Not in Taxonomy
60,"""log data from apple watch""",Mismatch / Not in Taxonomy
60,"""view graphs and analytics""",Valid (analytics)
60,"""countdown to baby arrival""",Valid (timer)
60,"""weekly pregnancy updates""",Mismatch / Not in Taxonomy
60,"""pregnancy diary""",Mismatch / Not in Taxonomy
60,"""picture slides to record baby bump growth""",Mismatch / Not in Taxonomy
60,"""baby's name section""",Mismatch / Not in Taxonomy
60,"""hospital bag section""",Mismatch / Not in Taxonomy
60,"""personalize app with nickname""",Mismatch / Not in Taxonomy
60,"""choose from four game types: addition",Mismatch / Not in Taxonomy
60,subtraction,Mismatch / Not in Taxonomy
60,multiplication,Mismatch / Not in Taxonomy
60,"division""",Mismatch / Not in Taxonomy
60,"""unlock new monsters as rewards""",Mismatch / Not in Taxonomy
60,"""compete with friends""",Mismatch / Not in Taxonomy
60,"""available on iphone",Mismatch / Not in Taxonomy
60,ipad,Mismatch / Not in Taxonomy
60,"and apple tv""",Mismatch / Not in Taxonomy
60,"""agerelated games for learning to tell time""",Mismatch / Not in Taxonomy
60,"""collect coins to accessorize character""",Mismatch / Not in Taxonomy
60,"""logic",Mismatch / Not in Taxonomy
60,shape,Mismatch / Not in Taxonomy
60,"and memorybased problem solving""",Mismatch / Not in Taxonomy
60,"""interactive areas to discover""",Mismatch / Not in Taxonomy
60,"""fun flashcards for learning colors",Mismatch / Not in Taxonomy
60,animals,Mismatch / Not in Taxonomy
60,"and alphabet""]",Mismatch / Not in Taxonomy
61,"[""customizable focus timer""",Mismatch / Not in Taxonomy
61,"""adjust focus",Mismatch / Not in Taxonomy
61,short break,Mismatch / Not in Taxonomy
61,"and long break lengths""",Mismatch / Not in Taxonomy
61,"""choose how many rounds per session""",Mismatch / Not in Taxonomy
61,"""routine templates""",Mismatch / Not in Taxonomy
61,"""save different timer setups""",Mismatch / Not in Taxonomy
61,"""add icons and names for quick switching""",Mismatch / Not in Taxonomy
61,"""progress tracking""",Mismatch / Not in Taxonomy
61,"""track focus time daily",Mismatch / Not in Taxonomy
61,weekly,Mismatch / Not in Taxonomy
61,monthly,Mismatch / Not in Taxonomy
61,"and yearly""",Mismatch / Not in Taxonomy
61,"""visualize productivity trends and streaks""",Valid (analytics)
61,"""distractionfree mode""",Mismatch / Not in Taxonomy
61,"""automatic do not disturb during focus sessions""",Mismatch / Not in Taxonomy
61,"""block calls and notifications while working""",Valid (reminders)
61,"""use as a habit tracker""",Mismatch / Not in Taxonomy
61,"""use as an interval timer for workouts",Mismatch / Not in Taxonomy
61,yoga,Mismatch / Not in Taxonomy
61,"or stretching""",Mismatch / Not in Taxonomy
61,"""use as a mindfulness tool for meditation and relaxation""]",Mismatch / Not in Taxonomy
62,"[""live monitoring""",Mismatch / Not in Taxonomy
62,"""remote camera""",Mismatch / Not in Taxonomy
62,"""oneway audio""",Mismatch / Not in Taxonomy
62,"""screen mirroring""",Mismatch / Not in Taxonomy
62,"""live location""",Mismatch / Not in Taxonomy
62,"""geofencing""",Mismatch / Not in Taxonomy
62,"""sync app notifications""",Valid (reminders)
62,"""sensitive content detection""",Mismatch / Not in Taxonomy
62,"""browser safety features""",Mismatch / Not in Taxonomy
62,"""screen time limits""",Mismatch / Not in Taxonomy
62,"""app rules""",Mismatch / Not in Taxonomy
62,"""daily usage tracking""",Mismatch / Not in Taxonomy
62,"""app block""",Mismatch / Not in Taxonomy
62,"""content filtering""",Mismatch / Not in Taxonomy
62,"""alerts""]",Mismatch / Not in Taxonomy
63,"[""track and tag activities""",Mismatch / Not in Taxonomy
63,"""measure average productive time""",Mismatch / Not in Taxonomy
63,"""track time on break""",Mismatch / Not in Taxonomy
63,"""record daily streaks""",Mismatch / Not in Taxonomy
63,"""set milestones""",Mismatch / Not in Taxonomy
63,"""prepare for sessions with motivational quotes""",Mismatch / Not in Taxonomy
63,"""listen to curated lofi radio streams""",Mismatch / Not in Taxonomy
63,"""join live timed focus sessions""",Mismatch / Not in Taxonomy
63,"""participate in daily",Mismatch / Not in Taxonomy
63,weekly,Mismatch / Not in Taxonomy
63,"and monthly leaderboard challenges""",Mismatch / Not in Taxonomy
63,"""track historical productivity stats""",Mismatch / Not in Taxonomy
63,"""create a whitelist of apps""",Mismatch / Not in Taxonomy
63,"""join public study rooms""",Mismatch / Not in Taxonomy
63,"""organize tasks by tag and color""",Mismatch / Not in Taxonomy
63,"""collect badges for milestones""",Mismatch / Not in Taxonomy
63,"""follow friends' progress""",Mismatch / Not in Taxonomy
63,"""join private study rooms""",Mismatch / Not in Taxonomy
63,"""set custom timers""",Mismatch / Not in Taxonomy
63,"""track scheduled reminders""",Valid (reminders)
63,"""enable multitask mode""",Mismatch / Not in Taxonomy
63,"""use pomodoro timers""",Valid (pomodoro)
63,"""analyze productivity data""]",Mismatch / Not in Taxonomy
64,"[""focus timer for study and work sessions""",Mismatch / Not in Taxonomy
64,"""block distracting apps""",Mismatch / Not in Taxonomy
64,"""visual progress tracking""",Mismatch / Not in Taxonomy
64,"""todo lists""",Mismatch / Not in Taxonomy
64,"""focus sessions""",Mismatch / Not in Taxonomy
64,"""lock screen notifications""",Valid (reminders)
64,"""screen time tracker""",Mismatch / Not in Taxonomy
64,"""recurrent tasks""",Mismatch / Not in Taxonomy
64,"""gamified challenges""",Mismatch / Not in Taxonomy
64,"""rewards system""",Mismatch / Not in Taxonomy
64,"""adjustable focus session lengths""",Mismatch / Not in Taxonomy
64,"""custom task creation""",Mismatch / Not in Taxonomy
64,"""keyword blocking""",Mismatch / Not in Taxonomy
64,"""site blocking""",Mismatch / Not in Taxonomy
64,"""app blocking""",Mismatch / Not in Taxonomy
64,"""statistics tracking""",Mismatch / Not in Taxonomy
64,"""notifications for upcoming tasks""",Valid (reminders)
64,"""data synchronization across devices""]",Mismatch / Not in Taxonomy
65,"[""guided meditations""",Mismatch / Not in Taxonomy
65,"""mindfulness tools""",Mismatch / Not in Taxonomy
65,"""therapy for anxiety""",Mismatch / Not in Taxonomy
65,"""mental health coaching""",Mismatch / Not in Taxonomy
65,"""ai companion""",Mismatch / Not in Taxonomy
65,"""breathing exercises""",Mismatch / Not in Taxonomy
65,"""relaxation techniques""",Mismatch / Not in Taxonomy
65,"""sleep meditations""",Mismatch / Not in Taxonomy
65,"""soothing sounds""",Mismatch / Not in Taxonomy
65,"""relaxing music""",Mismatch / Not in Taxonomy
65,"""bedtime soundscapes""",Mismatch / Not in Taxonomy
65,"""stress relief techniques""",Mismatch / Not in Taxonomy
65,"""online therapy""",Mismatch / Not in Taxonomy
65,"""licensed therapists access""",Mismatch / Not in Taxonomy
65,"""mental health tips""",Mismatch / Not in Taxonomy
65,"""selfcare tools""",Mismatch / Not in Taxonomy
65,"""yoga for anxiety""",Mismatch / Not in Taxonomy
65,"""cbt techniques""",Mismatch / Not in Taxonomy
65,"""selfcare tracker""",Mismatch / Not in Taxonomy
65,"""mindful movement exercises""",Mismatch / Not in Taxonomy
65,"""personalized recommendations""",Mismatch / Not in Taxonomy
65,"""mental health resources""",Mismatch / Not in Taxonomy
65,"""expertled programs""",Mismatch / Not in Taxonomy
65,"""soundscapes for sleep""",Mismatch / Not in Taxonomy
65,"""mental health first aid""",Mismatch / Not in Taxonomy
65,"""courses for anxiety management""",Mismatch / Not in Taxonomy
65,"""mindfulness at work""",Mismatch / Not in Taxonomy
65,"""family plans""",Mismatch / Not in Taxonomy
65,"""subscription options""]",Mismatch / Not in Taxonomy
66,"[""guided meditations""",Mismatch / Not in Taxonomy
66,"""mindfulness tools""",Mismatch / Not in Taxonomy
66,"""therapy for anxiety""",Mismatch / Not in Taxonomy
66,"""mental health coaching""",Mismatch / Not in Taxonomy
66,"""ai companion""",Mismatch / Not in Taxonomy
66,"""breathing exercises""",Mismatch / Not in Taxonomy
66,"""relaxation techniques""",Mismatch / Not in Taxonomy
66,"""online therapy""",Mismatch / Not in Taxonomy
66,"""mental health resources""",Mismatch / Not in Taxonomy
66,"""sleep meditations""",Mismatch / Not in Taxonomy
66,"""relaxing sounds""",Mismatch / Not in Taxonomy
66,"""bedtime soundscapes""",Mismatch / Not in Taxonomy
66,"""stress relief""",Mismatch / Not in Taxonomy
66,"""mindful movement""",Mismatch / Not in Taxonomy
66,"""yoga for anxiety""",Mismatch / Not in Taxonomy
66,"""cbt techniques""",Mismatch / Not in Taxonomy
66,"""selfcare tracker""",Mismatch / Not in Taxonomy
66,"""personalized recommendations""",Mismatch / Not in Taxonomy
66,"""mental health tips""",Mismatch / Not in Taxonomy
66,"""licensed therapists""",Mismatch / Not in Taxonomy
66,"""mental health first aid""",Mismatch / Not in Taxonomy
66,"""courses and expertled guidance""",Mismatch / Not in Taxonomy
66,"""soundscapes""",Mismatch / Not in Taxonomy
66,"""relaxation music""",Mismatch / Not in Taxonomy
66,"""mindfulness at work""",Mismatch / Not in Taxonomy
66,"""eap services""",Mismatch / Not in Taxonomy
66,"""family plan""",Mismatch / Not in Taxonomy
66,"""subscription options""]",Mismatch / Not in Taxonomy
67,"[""securely store files""",Mismatch / Not in Taxonomy
67,"""intelligently organize files and folders""",Mismatch / Not in Taxonomy
67,"""collaborate on files and folders""",Mismatch / Not in Taxonomy
67,"""edit and store 100+ file types""",Mismatch / Not in Taxonomy
67,"""scan and upload paper documents""",Mismatch / Not in Taxonomy
67,"""quick access to recent and important files""",Mismatch / Not in Taxonomy
67,"""search for files by name and content""",Mismatch / Not in Taxonomy
67,"""filter files by type and last modified date""",Mismatch / Not in Taxonomy
67,"""share files and set permissions""",Mismatch / Not in Taxonomy
67,"""view content offline""",Mismatch / Not in Taxonomy
67,"""receive notifications about file activity""",Valid (reminders)
67,"""side by side view on android tablets""",Mismatch / Not in Taxonomy
67,"""drag and drop functionality on android tablets""",Mismatch / Not in Taxonomy
67,"""security and management controls for admins""",Mismatch / Not in Taxonomy
67,"""share files directly with groups or teams""",Mismatch / Not in Taxonomy
67,"""create a shared drive""",Mismatch / Not in Taxonomy
67,"""request electronic signatures""",Mismatch / Not in Taxonomy
67,"""manage vendor agreements and customer contracts""",Mismatch / Not in Taxonomy
67,"""upload files and folders""",Mismatch / Not in Taxonomy
67,"""create new files""",Mismatch / Not in Taxonomy
67,"""access files and folders opened or shared""",Mismatch / Not in Taxonomy
67,"""use search bar and filter chips to find files""",Mismatch / Not in Taxonomy
67,"""find information about uploaded or created files""",Mismatch / Not in Taxonomy
67,"""add files to the starred section""",Mismatch / Not in Taxonomy
67,"""use preview for quick actions""",Mismatch / Not in Taxonomy
67,"""sign out of google drive""",Mismatch / Not in Taxonomy
67,"""use drive for desktop""",Mismatch / Not in Taxonomy
67,"""manage storage across drive",Mismatch / Not in Taxonomy
67,gmail,Mismatch / Not in Taxonomy
67,"and photos""",Mismatch / Not in Taxonomy
67,"""recover deleted files""",Mismatch / Not in Taxonomy
67,"""use dark mode""",Mismatch / Not in Taxonomy
67,"""use google drive with a screen reader""",Mismatch / Not in Taxonomy
67,"""add drive widget to ios lock screen""]",Mismatch / Not in Taxonomy
68,"[""live body doubling sessions""",Mismatch / Not in Taxonomy
68,"""community bodydoubling sessions""",Mismatch / Not in Taxonomy
68,"""video tutorials for tasks""",Mismatch / Not in Taxonomy
68,"""task breakdown into microsteps""",Mismatch / Not in Taxonomy
68,"""schedule oneoff and recurring prompts""",Mismatch / Not in Taxonomy
68,"""customizable nudges""",Mismatch / Not in Taxonomy
68,"""personal todo list""",Mismatch / Not in Taxonomy
68,"""pda mode""",Mismatch / Not in Taxonomy
68,"""badge collection for progress tracking""",Mismatch / Not in Taxonomy
68,"""streak tracking without resets""",Mismatch / Not in Taxonomy
68,"""free task preview""",Mismatch / Not in Taxonomy
68,"""unlimited nudges creation""",Mismatch / Not in Taxonomy
68,"""full task list access for subscribers""",Mismatch / Not in Taxonomy
68,"""automatic renewal reminders""",Valid (reminders)
68,"""task categories (e.g.",Mismatch / Not in Taxonomy
68,cleaning,Mismatch / Not in Taxonomy
68,self care,Mismatch / Not in Taxonomy
68,admin,Mismatch / Not in Taxonomy
68,studying,Mismatch / Not in Taxonomy
68,"holiday)""]",Mismatch / Not in Taxonomy
69,"[""habit and task management""",Mismatch / Not in Taxonomy
69,"""flexible scheduling for habits and tasks""",Mismatch / Not in Taxonomy
69,"""progress tracking with yes/no",Mismatch / Not in Taxonomy
69,numeric value,Mismatch / Not in Taxonomy
69,checklist,Mismatch / Not in Taxonomy
69,"timer or stopwatch""",Mismatch / Not in Taxonomy
69,"""smart reminders""",Valid (reminders)
69,"""goal setting""",Mismatch / Not in Taxonomy
69,"""integrated timer and stopwatch""",Mismatch / Not in Taxonomy
69,"""mood tracking""",Mismatch / Not in Taxonomy
69,"""mood calendar""",Mismatch / Not in Taxonomy
69,"""mood streaks""",Mismatch / Not in Taxonomy
69,"""mood statistics""",Mismatch / Not in Taxonomy
69,"""expense tracking""",Mismatch / Not in Taxonomy
69,"""multiple accounts for income",Mismatch / Not in Taxonomy
69,expenses,Mismatch / Not in Taxonomy
69,"and fund transfers""",Mismatch / Not in Taxonomy
69,"""transaction recording""",Mismatch / Not in Taxonomy
69,"""categorybased financial overviews""",Mismatch / Not in Taxonomy
69,"""budget setup and monitoring""",Mismatch / Not in Taxonomy
69,"""recurring transaction scheduling""",Mismatch / Not in Taxonomy
69,"""pending payment tracking""",Mismatch / Not in Taxonomy
69,"""detailed analytics""",Valid (analytics)
69,"""bar charts",Mismatch / Not in Taxonomy
69,pie charts,Mismatch / Not in Taxonomy
69,"and calendar views""",Mismatch / Not in Taxonomy
69,"""customization options (dark/light themes",Mismatch / Not in Taxonomy
69,"custom categories)""",Mismatch / Not in Taxonomy
69,"""local and cloud backups""",Mismatch / Not in Taxonomy
69,"""passcode protection""",Mismatch / Not in Taxonomy
69,"""interactive widgets""",Mismatch / Not in Taxonomy
69,"""smart notifications""",Valid (reminders)
69,"""streak challenges""",Mismatch / Not in Taxonomy
69,"""personalized reminders""",Valid (reminders)
69,"""indepth analytics""",Valid (analytics)
69,"""interactive calendar""",Mismatch / Not in Taxonomy
69,"""transaction logs""",Mismatch / Not in Taxonomy
69,"""cash flow visualization""]",Mismatch / Not in Taxonomy
70,"[""pixel dashboard""",Valid (analytics)
70,"""calendar heatmap""",Mismatch / Not in Taxonomy
70,"""daily goals""",Mismatch / Not in Taxonomy
70,"""weekly goals""",Mismatch / Not in Taxonomy
70,"""monthly goals""",Mismatch / Not in Taxonomy
70,"""perday targets""",Mismatch / Not in Taxonomy
70,"""multi checkins""",Mismatch / Not in Taxonomy
70,"""smart reminders""",Valid (reminders)
70,"""quick actions""",Mismatch / Not in Taxonomy
70,"""notes""",Mismatch / Not in Taxonomy
70,"""mood journaling""",Mismatch / Not in Taxonomy
70,"""categories""",Mismatch / Not in Taxonomy
70,"""reorder habits""",Mismatch / Not in Taxonomy
70,"""archive habits""",Mismatch / Not in Taxonomy
70,"""restore habits""",Mismatch / Not in Taxonomy
70,"""grid view""",Mismatch / Not in Taxonomy
70,"""compact list view""",Mismatch / Not in Taxonomy
70,"""configurable week start""",Mismatch / Not in Taxonomy
70,"""offline functionality""",Mismatch / Not in Taxonomy
70,"""unlimited habits (pro)""",Mismatch / Not in Taxonomy
70,"""multiple widget variations (pro)""",Mismatch / Not in Taxonomy
70,"""habit analytics (pro)""",Valid (analytics)
70,"""category analytics (pro)""",Valid (analytics)
70,"""data import (json and csv) (pro)""",Mismatch / Not in Taxonomy
70,"""data export (json and csv) (pro)""]",Mismatch / Not in Taxonomy
71,"[""create an avatar""",Mismatch / Not in Taxonomy
71,"""add tasks",Mismatch / Not in Taxonomy
71,chores,Mismatch / Not in Taxonomy
71,"or goals""",Mismatch / Not in Taxonomy
71,"""check off completed tasks""",Mismatch / Not in Taxonomy
71,"""receive gold",Mismatch / Not in Taxonomy
71,experience,Mismatch / Not in Taxonomy
71,"and items""",Mismatch / Not in Taxonomy
71,"""automatically repeating tasks""",Mismatch / Not in Taxonomy
71,"""flexible habit tracker""",Mismatch / Not in Taxonomy
71,"""traditional todo list""",Mismatch / Not in Taxonomy
71,"""color coded tasks""",Mismatch / Not in Taxonomy
71,"""streak counters""",Mismatch / Not in Taxonomy
71,"""leveling system""",Mismatch / Not in Taxonomy
71,"""collectable gear and pets""",Mismatch / Not in Taxonomy
71,"""inclusive avatar customizations""",Mismatch / Not in Taxonomy
71,"""regular content releases""",Mismatch / Not in Taxonomy
71,"""seasonal events""",Mismatch / Not in Taxonomy
71,"""parties for team accountability""",Mismatch / Not in Taxonomy
71,"""challenges with shared task lists""",Mismatch / Not in Taxonomy
71,"""reminders""",Valid (reminders)
71,"""widgets""",Mismatch / Not in Taxonomy
71,"""customizable color themes""",Mismatch / Not in Taxonomy
71,"""dark and light mode""",Mismatch / Not in Taxonomy
71,"""syncing across devices""",Mismatch / Not in Taxonomy
71,"""wear os app""",Mismatch / Not in Taxonomy
71,"""view",Mismatch / Not in Taxonomy
71,create,Mismatch / Not in Taxonomy
71,"and complete tasks on wear os""",Mismatch / Not in Taxonomy
71,"""receive rewards on wear os""",Mismatch / Not in Taxonomy
71,"""track stats with dynamic progress bars""",Mismatch / Not in Taxonomy
71,"""show avatar on watch face""]",Mismatch / Not in Taxonomy
72,"[""support multiple languages""",Mismatch / Not in Taxonomy
72,"""user interface with multiple themes""",Mismatch / Not in Taxonomy
72,"""support for amoled display""",Mismatch / Not in Taxonomy
72,"""multiple alarm sounds""",Valid (reminders)
72,"""relaxing sounds""",Mismatch / Not in Taxonomy
72,"""fully customizable pomodoro parameters""",Valid (pomodoro)
72,"""statistics of quantity and time of pomodoro""",Valid (pomodoro)
72,"""ability to reset statistical data""]",Mismatch / Not in Taxonomy
73,"[""mindfulness meditation techniques""",Mismatch / Not in Taxonomy
73,"""christian scripture integration""",Mismatch / Not in Taxonomy
73,"""12 foundational meditations""",Mismatch / Not in Taxonomy
73,"""daily devotional content""",Mismatch / Not in Taxonomy
73,"""guided prayers""",Mismatch / Not in Taxonomy
73,"""meditations for specific emotions""",Mismatch / Not in Taxonomy
73,"""sleep meditations""",Mismatch / Not in Taxonomy
73,"""meditation topics including stress",Mismatch / Not in Taxonomy
73,anxiety,Mismatch / Not in Taxonomy
73,"and selfesteem""",Mismatch / Not in Taxonomy
73,"""professional meditation expert guidance""",Mismatch / Not in Taxonomy
73,"""daily bible verses""",Mismatch / Not in Taxonomy
73,"""mini devotionals""",Mismatch / Not in Taxonomy
73,"""motivational quotes""",Mismatch / Not in Taxonomy
73,"""mobile app for meditation""",Mismatch / Not in Taxonomy
73,"""userfriendly interface""",Mismatch / Not in Taxonomy
73,"""progress tracking""",Mismatch / Not in Taxonomy
73,"""subscription options""",Mismatch / Not in Taxonomy
73,"""autorenewing subscription management""",Mismatch / Not in Taxonomy
73,"""relaxing music and nature sounds for sleep""",Mismatch / Not in Taxonomy
73,"""awards system for positive reinforcement""]",Mismatch / Not in Taxonomy
74,"[""ad blocking""",Mismatch / Not in Taxonomy
74,"""popup ad blocker""",Mismatch / Not in Taxonomy
74,"""private browsing mode""",Mismatch / Not in Taxonomy
74,"""password protection for browser""",Mismatch / Not in Taxonomy
74,"""block crossdomain tracking cookies""",Mismatch / Not in Taxonomy
74,"""nolog vpn""",Mismatch / Not in Taxonomy
74,"""fast vpn connections""",Mismatch / Not in Taxonomy
74,"""comics mode""",Mismatch / Not in Taxonomy
74,"""ai search capabilities""",Mismatch / Not in Taxonomy
74,"""reader mode""",Mismatch / Not in Taxonomy
74,"""change browser themes""",Mismatch / Not in Taxonomy
74,"""incognito mode""",Mismatch / Not in Taxonomy
74,"""crossdevice sync""",Mismatch / Not in Taxonomy
74,"""pictureinpicture mode""",Mismatch / Not in Taxonomy
74,"""download manager""",Mismatch / Not in Taxonomy
74,"""block social trackers""",Mismatch / Not in Taxonomy
74,"""fingerprint randomization""",Mismatch / Not in Taxonomy
74,"""block thirdparty storage""",Mismatch / Not in Taxonomy
74,"""standard and aggressive shield modes""",Mismatch / Not in Taxonomy
74,"""dns leak protection""",Mismatch / Not in Taxonomy
74,"""active firewall on public wifi""",Mismatch / Not in Taxonomy
74,"""multilayer filtering system for ads""",Mismatch / Not in Taxonomy
74,"""realtime protection against malware""]",Mismatch / Not in Taxonomy
75,"[""stopwatch mode""",Mismatch / Not in Taxonomy
75,"""chronometer mode""",Mismatch / Not in Taxonomy
75,"""elapsed time display""",Mismatch / Not in Taxonomy
75,"""analog view""",Mismatch / Not in Taxonomy
75,"""lap recording""",Mismatch / Not in Taxonomy
75,"""lap list access""",Mismatch / Not in Taxonomy
75,"""lap time display""",Mismatch / Not in Taxonomy
75,"""total time display""",Mismatch / Not in Taxonomy
75,"""save lap list to sd card""",Mismatch / Not in Taxonomy
75,"""share lap list to social media""",Mismatch / Not in Taxonomy
75,"""email lap list""",Mismatch / Not in Taxonomy
75,"""countdown timer mode""",Valid (timer)
75,"""set timer by dragging hands""",Mismatch / Not in Taxonomy
75,"""classic input method for timer""",Mismatch / Not in Taxonomy
75,"""reset timer""",Mismatch / Not in Taxonomy
75,"""restore last used time""",Mismatch / Not in Taxonomy
75,"""customize alarm settings""",Valid (reminders)
75,"""vibration option for alarm""",Valid (reminders)
75,"""personalize alarm sound""",Valid (reminders)
75,"""alarm duration customization""",Valid (reminders)
75,"""visualize remaining time with circular arc""",Mismatch / Not in Taxonomy
75,"""timer presets""",Mismatch / Not in Taxonomy
75,"""create and edit timers""",Mismatch / Not in Taxonomy
75,"""control with volume keys""",Mismatch / Not in Taxonomy
75,"""multiple timers support""",Mismatch / Not in Taxonomy
75,"""digital feedback""",Mismatch / Not in Taxonomy
75,"""analog feedback""",Mismatch / Not in Taxonomy
75,"""infinite laps count""",Mismatch / Not in Taxonomy
75,"""background operation""",Mismatch / Not in Taxonomy
75,"""color themes""",Mismatch / Not in Taxonomy
75,"""multiple screen support""",Mismatch / Not in Taxonomy
75,"""custom ringtones support""",Mismatch / Not in Taxonomy
75,"""multiple audio outputs""]",Mismatch / Not in Taxonomy
76,"[""task organization""",Mismatch / Not in Taxonomy
76,"""daily planning""",Mismatch / Not in Taxonomy
76,"""progress tracking""",Mismatch / Not in Taxonomy
76,"""gratitude tracking""",Mismatch / Not in Taxonomy
76,"""ai support for setting priorities""",Mismatch / Not in Taxonomy
76,"""time estimation""",Mismatch / Not in Taxonomy
76,"""task breakdown""",Mismatch / Not in Taxonomy
76,"""daily reflection feature""",Mismatch / Not in Taxonomy
76,"""adhd coping strategies""",Mismatch / Not in Taxonomy
76,"""explanation of adhd""",Mismatch / Not in Taxonomy
76,"""visual timer""",Mismatch / Not in Taxonomy
76,"""acoustic timer""",Mismatch / Not in Taxonomy
76,"""reminder functions""",Valid (reminders)
76,"""ai assistant for personalized templates""",Mismatch / Not in Taxonomy
76,"""focus timer with pomodoro technique""",Valid (pomodoro)
76,"""reminders for tasks""",Valid (reminders)
76,"""mindfulness bell""",Mismatch / Not in Taxonomy
76,"""howto videos""",Mismatch / Not in Taxonomy
76,"""integrated calendar functions""",Mismatch / Not in Taxonomy
76,"""adhd todo list""",Mismatch / Not in Taxonomy
76,"""prioritization of responsibilities""",Mismatch / Not in Taxonomy
76,"""adhd management tools""]",Mismatch / Not in Taxonomy
77,"[""lock any app""",Mismatch / Not in Taxonomy
77,"""fingerprint unlock""",Mismatch / Not in Taxonomy
77,"""pin lock""",Mismatch / Not in Taxonomy
77,"""pattern lock""",Mismatch / Not in Taxonomy
77,"""knockcode lock""",Mismatch / Not in Taxonomy
77,"""spy camera""",Mismatch / Not in Taxonomy
77,"""fake error message""",Mismatch / Not in Taxonomy
77,"""hide notifications""",Valid (reminders)
77,"""lock timer""",Mismatch / Not in Taxonomy
77,"""auto relock""",Mismatch / Not in Taxonomy
77,"""spy alarm""",Valid (reminders)
77,"""custom themes""",Mismatch / Not in Taxonomy
77,"""smart settings""",Mismatch / Not in Taxonomy
77,"""lock system settings""",Mismatch / Not in Taxonomy
77,"""hide icon""",Mismatch / Not in Taxonomy
77,"""reset password using secret answer""",Mismatch / Not in Taxonomy
77,"""lock gallery app""]",Mismatch / Not in Taxonomy
78,"[""guided hypnosis sessions""",Mismatch / Not in Taxonomy
78,"""meditation tools""",Mismatch / Not in Taxonomy
78,"""selfhelp tools""",Mismatch / Not in Taxonomy
78,"""sleep and insomnia support""",Mismatch / Not in Taxonomy
78,"""anxiety and stress relief""",Mismatch / Not in Taxonomy
78,"""selfesteem and confidence support""",Mismatch / Not in Taxonomy
78,"""phobia and addiction support""",Mismatch / Not in Taxonomy
78,"""mindfulness and gratitude practices""",Mismatch / Not in Taxonomy
78,"""spiritual growth and chakra support""",Mismatch / Not in Taxonomy
78,"""solfeggio frequencies""",Mismatch / Not in Taxonomy
78,"""binaural beats""",Mismatch / Not in Taxonomy
78,"""sound healing""",Mismatch / Not in Taxonomy
78,"""children's meditations""",Mismatch / Not in Taxonomy
78,"""sports mindset boosters""",Mismatch / Not in Taxonomy
78,"""custom playlists""",Mismatch / Not in Taxonomy
78,"""offline listening""",Mismatch / Not in Taxonomy
78,"""storage management""",Mismatch / Not in Taxonomy
78,"""free hypnosis and meditation tracks""",Mismatch / Not in Taxonomy
78,"""professional studio recordings""",Mismatch / Not in Taxonomy
78,"""background music and sound effects""",Mismatch / Not in Taxonomy
78,"""guide to selfhypnosis ebook""]",Mismatch / Not in Taxonomy
79,"[""customizable timer""",Mismatch / Not in Taxonomy
79,"""setup workout""",Mismatch / Not in Taxonomy
79,"""tracking progress""",Mismatch / Not in Taxonomy
79,"""customizable presets""",Mismatch / Not in Taxonomy
79,"""notifications""",Valid (reminders)
79,"""color coding""",Mismatch / Not in Taxonomy
79,"""sound",Mismatch / Not in Taxonomy
79,vibration,Mismatch / Not in Taxonomy
79,"voice signals""",Mismatch / Not in Taxonomy
79,"""listening to music or audiobooks""",Mismatch / Not in Taxonomy
79,"""full screen display""",Mismatch / Not in Taxonomy
79,"""widget for training""]",Mismatch / Not in Taxonomy
80,"[""document scanning""",Mismatch / Not in Taxonomy
80,"""optical character recognition (ocr)""",Mismatch / Not in Taxonomy
80,"""smart cropping""",Mismatch / Not in Taxonomy
80,"""auto enhancing""",Mismatch / Not in Taxonomy
80,"""text extraction""",Mismatch / Not in Taxonomy
80,"""pdf sharing""",Mismatch / Not in Taxonomy
80,"""jpeg sharing""",Mismatch / Not in Taxonomy
80,"""wireless printing""",Mismatch / Not in Taxonomy
80,"""remote faxing""",Mismatch / Not in Taxonomy
80,"""document editing""",Mismatch / Not in Taxonomy
80,"""annotations""",Mismatch / Not in Taxonomy
80,"""custom watermarks""",Mismatch / Not in Taxonomy
80,"""document tagging""",Mismatch / Not in Taxonomy
80,"""password protection""",Mismatch / Not in Taxonomy
80,"""document syncing across devices""",Mismatch / Not in Taxonomy
80,"""document format conversion""",Mismatch / Not in Taxonomy
80,"""merge pdf""",Mismatch / Not in Taxonomy
80,"""split pdf""",Mismatch / Not in Taxonomy
80,"""delete pdf pages""",Mismatch / Not in Taxonomy
80,"""sort pdf pages""",Mismatch / Not in Taxonomy
80,"""rotate pdf""",Mismatch / Not in Taxonomy
80,"""pdf signature""",Mismatch / Not in Taxonomy
80,"""pdf watermark""",Mismatch / Not in Taxonomy
80,"""smart translation""",Mismatch / Not in Taxonomy
80,"""scan books""",Mismatch / Not in Taxonomy
80,"""scan id cards""",Mismatch / Not in Taxonomy
80,"""image to text conversion""",Mismatch / Not in Taxonomy
80,"""image to pdf conversion""",Mismatch / Not in Taxonomy
80,"""exporting documents""",Mismatch / Not in Taxonomy
80,"""highquality pdf creation""",Mismatch / Not in Taxonomy
80,"""aienhanced scans""",Mismatch / Not in Taxonomy
80,"""capture modes for scanning""",Mismatch / Not in Taxonomy
80,"""file management across devices""",Mismatch / Not in Taxonomy
80,"""esigning documents""",Mismatch / Not in Taxonomy
80,"""compressing pdf files""]",Mismatch / Not in Taxonomy
81,"[""run multiple stopwatches and timers simultaneously""",Mismatch / Not in Taxonomy
81,"""organize timers into groups""",Mismatch / Not in Taxonomy
81,"""save presets for timers and groups""",Mismatch / Not in Taxonomy
81,"""float timers over other apps""",Mismatch / Not in Taxonomy
81,"""loop countdowns and repeat modes""",Valid (timer)
81,"""chain timers to autostart the next""",Mismatch / Not in Taxonomy
81,"""countdown then up mode""",Valid (timer)
81,"""create groups of timers and control them together""",Mismatch / Not in Taxonomy
81,"""rename",Mismatch / Not in Taxonomy
81,reorder,Mismatch / Not in Taxonomy
81,"and delete timers""",Mismatch / Not in Taxonomy
81,"""swipe between groups""",Mismatch / Not in Taxonomy
81,"""export results by email""",Mismatch / Not in Taxonomy
81,"""track laps with 1/100th second accuracy""",Mismatch / Not in Taxonomy
81,"""rename laps""",Mismatch / Not in Taxonomy
81,"""set individual alarm sounds for each timer""",Valid (reminders)
81,"""optional vibration alerts""",Mismatch / Not in Taxonomy
81,"""choose alarm duration""",Valid (reminders)
81,"""builtin meditation sounds""",Mismatch / Not in Taxonomy
81,"""choose fonts",Mismatch / Not in Taxonomy
81,colors,Mismatch / Not in Taxonomy
81,"and themes""",Mismatch / Not in Taxonomy
81,"""compact mode to fit more timers on screen""",Mismatch / Not in Taxonomy
81,"""graphical clock dials""",Mismatch / Not in Taxonomy
81,"""floating timers stay visible above other apps""]",Mismatch / Not in Taxonomy
82,"[""create countdowns to any future date and time""",Valid (timer)
82,"""countups from a past event""",Mismatch / Not in Taxonomy
82,"""customise countdowns with hundreds of icons""",Valid (timer)
82,"""create repeating countdowns""",Valid (timer)
82,"""add custom tags to countdowns""",Valid (timer)
82,"""get notifications when countdown ends""",Valid (timer)
82,"""share countdowns with friends""",Valid (timer)
82,"""add notes to countdowns""",Valid (timer)
82,"""no ads""",Mismatch / Not in Taxonomy
82,"""home screen widgets (premium feature)""",Mismatch / Not in Taxonomy
82,"""over 220 exclusive icons (premium feature)""",Mismatch / Not in Taxonomy
82,"""unlimited colour options (premium feature)""",Mismatch / Not in Taxonomy
82,"""builtin countdowns for holidays""",Valid (timer)
82,"""builtin countdowns for sporting events""",Valid (timer)
82,"""builtin countdowns for other events""]",Valid (timer)
83,"[""track daily habits""",Mismatch / Not in Taxonomy
83,"""track rituals""",Mismatch / Not in Taxonomy
83,"""track tasks""",Mismatch / Not in Taxonomy
83,"""smart todo lists""",Mismatch / Not in Taxonomy
83,"""curated routine ideas""",Mismatch / Not in Taxonomy
83,"""customizable tasks and schedules""",Mismatch / Not in Taxonomy
83,"""reminders""",Valid (reminders)
83,"""daily rewards""",Mismatch / Not in Taxonomy
83,"""bonus claims""",Mismatch / Not in Taxonomy
83,"""play games for points""",Mismatch / Not in Taxonomy
83,"""complete surveys for points""",Mismatch / Not in Taxonomy
83,"""referral program""",Mismatch / Not in Taxonomy
83,"""multiple payment options""",Mismatch / Not in Taxonomy
83,"""fast payouts""",Mismatch / Not in Taxonomy
83,"""goal setting""",Mismatch / Not in Taxonomy
83,"""progress tracking""",Mismatch / Not in Taxonomy
83,"""user feedback""]",Mismatch / Not in Taxonomy
84,"[""block porn""",Mismatch / Not in Taxonomy
84,"""block adult sites""",Mismatch / Not in Taxonomy
84,"""block online gaming and timewasting sites""",Mismatch / Not in Taxonomy
84,"""block socialnetworking",Mismatch / Not in Taxonomy
84,"dating and media streaming""",Mismatch / Not in Taxonomy
84,"""block sites related to gambling""",Mismatch / Not in Taxonomy
84,"""applies screen time limit for internet access or specific websites""",Mismatch / Not in Taxonomy
84,"""personalized filter rules""",Mismatch / Not in Taxonomy
84,"""categories based blocking""",Mismatch / Not in Taxonomy
84,"""custom white list and black list""",Mismatch / Not in Taxonomy
84,"""websites access report""",Mismatch / Not in Taxonomy
84,"""screen time controls for internet access""",Mismatch / Not in Taxonomy
84,"""remote management""",Mismatch / Not in Taxonomy
84,"""one click internet on/off kill switch""",Mismatch / Not in Taxonomy
84,"""vpn service for web content filtering""",Mismatch / Not in Taxonomy
84,"""accessibility service api for uninstall protection""]",Mismatch / Not in Taxonomy
85,"[""instant lock""",Mismatch / Not in Taxonomy
85,"""screen time schedules""",Mismatch / Not in Taxonomy
85,"""daily time limits""",Mismatch / Not in Taxonomy
85,"""screen time rewards""",Mismatch / Not in Taxonomy
85,"""monitor activities""",Mismatch / Not in Taxonomy
85,"""custom modes""",Mismatch / Not in Taxonomy
85,"""gps tracking""",Mismatch / Not in Taxonomy
85,"""geofencing notifications""",Valid (reminders)
85,"""location history""",Mismatch / Not in Taxonomy
85,"""content filtering""",Mismatch / Not in Taxonomy
85,"""block inapp purchases""",Mismatch / Not in Taxonomy
85,"""lock safe search""",Mismatch / Not in Taxonomy
85,"""full internet blocker""",Mismatch / Not in Taxonomy
85,"""mobile app for android and ios""",Mismatch / Not in Taxonomy
85,"""desktop app for windows and mac""",Mismatch / Not in Taxonomy
85,"""browserbased access""",Mismatch / Not in Taxonomy
85,"""control up to 10 devices""",Mismatch / Not in Taxonomy
85,"""individual app blocking""",Mismatch / Not in Taxonomy
85,"""reporting on app usage""",Mismatch / Not in Taxonomy
85,"""web filtering""]",Mismatch / Not in Taxonomy
86,"[""track daily routine""",Valid (habit_tracking)
86,"""track habits""",Mismatch / Not in Taxonomy
86,"""track rituals""",Mismatch / Not in Taxonomy
86,"""track tasks""",Mismatch / Not in Taxonomy
86,"""create todo lists""",Mismatch / Not in Taxonomy
86,"""provide routine ideas""",Mismatch / Not in Taxonomy
86,"""customize tasks and schedules""",Mismatch / Not in Taxonomy
86,"""track progress""",Mismatch / Not in Taxonomy
86,"""send reminders""",Valid (reminders)
86,"""segment tasks for easier management""]",Mismatch / Not in Taxonomy
87,"[""earn more screen time""",Mismatch / Not in Taxonomy
87,"""multiple access times""",Mismatch / Not in Taxonomy
87,"""works across multiple platforms""",Mismatch / Not in Taxonomy
87,"""allowance management""",Mismatch / Not in Taxonomy
87,"""customizable activities""",Mismatch / Not in Taxonomy
87,"""modes for school time",Mismatch / Not in Taxonomy
87,"fun time & sleep""",Mismatch / Not in Taxonomy
87,"""interactive parent dashboard""",Valid (analytics)
87,"""app blocking""",Mismatch / Not in Taxonomy
87,"""childdriven fun""",Mismatch / Not in Taxonomy
87,"""tamperproof & kidsmart""",Mismatch / Not in Taxonomy
87,"""allowance",Mismatch / Not in Taxonomy
87,"rewards & saving""",Mismatch / Not in Taxonomy
87,"""gamified rewards system""",Mismatch / Not in Taxonomy
87,"""track screen time across devices""",Mismatch / Not in Taxonomy
87,"""create routines for app blocking""",Mismatch / Not in Taxonomy
87,"""autopilot mode for selfmanagement""",Mismatch / Not in Taxonomy
87,"""alerts for parental attention""",Mismatch / Not in Taxonomy
87,"""virtual bank account for kids""]",Mismatch / Not in Taxonomy
88,"[""countdown timer for each task""",Valid (timer)
88,"""variety of alarm types""",Valid (reminders)
88,"""display start and end time for each task""",Mismatch / Not in Taxonomy
88,"""chimes for reminders""",Valid (reminders)
88,"""random task generator""",Mismatch / Not in Taxonomy
88,"""personalization options for tasks (emoji and background color)""",Mismatch / Not in Taxonomy
88,"""preset lists for frequently performed tasks""",Mismatch / Not in Taxonomy
88,"""overtime tracking when the timer ends""",Mismatch / Not in Taxonomy
88,"""soundscapes to reduce background noise""",Mismatch / Not in Taxonomy
88,"""desktop and mobile compatibility""",Mismatch / Not in Taxonomy
88,"""templates for tasks""]",Mismatch / Not in Taxonomy
89,"[""set a countdown timer for each task""",Valid (timer)
89,"""variety of alarm types""",Valid (reminders)
89,"""display start and end time for each task""",Mismatch / Not in Taxonomy
89,"""chimes for reminders""",Valid (reminders)
89,"""random task generator""",Mismatch / Not in Taxonomy
89,"""personalize tasks with emoji and background color""",Mismatch / Not in Taxonomy
89,"""create preset lists for frequently performed tasks""",Mismatch / Not in Taxonomy
89,"""count overtime after timer ends""",Mismatch / Not in Taxonomy
89,"""soundscapes to reduce background noise""",Mismatch / Not in Taxonomy
89,"""integration with todoist""",Mismatch / Not in Taxonomy
89,"""keyboard shortcuts""",Mismatch / Not in Taxonomy
89,"""mobile app version""",Mismatch / Not in Taxonomy
89,"""desktop app version""]",Mismatch / Not in Taxonomy
90,"[""allpurpose timer for activities""",Mismatch / Not in Taxonomy
90,"""simple mode for quick configuration""",Mismatch / Not in Taxonomy
90,"""advanced mode for custom timers""",Mismatch / Not in Taxonomy
90,"""save own timer presets""",Mismatch / Not in Taxonomy
90,"""text to speech for exercise announcements""",Mismatch / Not in Taxonomy
90,"""control the timer from notifications""",Valid (reminders)
90,"""control the timer from lock screen""",Mismatch / Not in Taxonomy
90,"""statistics tracking""",Mismatch / Not in Taxonomy
90,"""set weekly goals""",Mismatch / Not in Taxonomy
90,"""track progress""",Mismatch / Not in Taxonomy
90,"""check active days""",Mismatch / Not in Taxonomy
90,"""wear os companion app""",Mismatch / Not in Taxonomy
90,"""control the timer on the watch""",Mismatch / Not in Taxonomy
90,"""record heart rate""",Mismatch / Not in Taxonomy
90,"""analyze heart rate zones""",Mismatch / Not in Taxonomy
90,"""analyze training intensity""",Mismatch / Not in Taxonomy
90,"""analyze calories burned""",Mismatch / Not in Taxonomy
90,"""transfer saved timers to watch""",Mismatch / Not in Taxonomy
90,"""no registration required""",Mismatch / Not in Taxonomy
90,"""no ads""",Mismatch / Not in Taxonomy
90,"""no internet connection required""",Mismatch / Not in Taxonomy
90,"""all data saved locally""",Mismatch / Not in Taxonomy
90,"""pause timer on incoming calls""]",Mismatch / Not in Taxonomy
91,"[""guided meditation tracks""",Mismatch / Not in Taxonomy
91,"""curated list of meditation topics""",Mismatch / Not in Taxonomy
91,"""short meditation tracks (5 minutes)""",Mismatch / Not in Taxonomy
91,"""long meditation tracks (over 40 minutes)""",Mismatch / Not in Taxonomy
91,"""selective downloading""",Mismatch / Not in Taxonomy
91,"""offline support""",Mismatch / Not in Taxonomy
91,"""no ads""",Mismatch / Not in Taxonomy
91,"""no sign ups""",Mismatch / Not in Taxonomy
91,"""clean interface""]",Mismatch / Not in Taxonomy
92,"[""200+ guided meditations""",Mismatch / Not in Taxonomy
92,"""breathing exercises""",Mismatch / Not in Taxonomy
92,"""music tracks""",Mismatch / Not in Taxonomy
92,"""soothing sounds""",Mismatch / Not in Taxonomy
92,"""meditations for kids""",Mismatch / Not in Taxonomy
92,"""offline listening""",Mismatch / Not in Taxonomy
92,"""curated collections""",Mismatch / Not in Taxonomy
92,"""daily reminders""",Valid (reminders)
92,"""journal feature""",Mismatch / Not in Taxonomy
92,"""sleep stories""",Mismatch / Not in Taxonomy
92,"""transformative affirmations""",Mismatch / Not in Taxonomy
92,"""walking meditations""",Mismatch / Not in Taxonomy
92,"""sound healing music""",Mismatch / Not in Taxonomy
92,"""binaural and bilateral beats""",Mismatch / Not in Taxonomy
92,"""study beats""",Mismatch / Not in Taxonomy
92,"""focus music""",Mismatch / Not in Taxonomy
92,"""relaxing piano music""",Mismatch / Not in Taxonomy
92,"""white noise""",Mismatch / Not in Taxonomy
92,"""programs about breathing and meditation""",Mismatch / Not in Taxonomy
92,"""short and easy to follow prerecorded lessons""]",Mismatch / Not in Taxonomy
93,"[""ai chat assistant""",Mismatch / Not in Taxonomy
93,"""ai photo generator""",Mismatch / Not in Taxonomy
93,"""voice chat capabilities""",Mismatch / Not in Taxonomy
93,"""summarized answers""",Mismatch / Not in Taxonomy
93,"""grocery list generation""",Mismatch / Not in Taxonomy
93,"""translation and proofreading""",Mismatch / Not in Taxonomy
93,"""email composition""",Mismatch / Not in Taxonomy
93,"""story and script composition""",Mismatch / Not in Taxonomy
93,"""high quality visual creation from text prompts""",Mismatch / Not in Taxonomy
93,"""image search""",Mismatch / Not in Taxonomy
93,"""logo design""",Mismatch / Not in Taxonomy
93,"""children's book illustrations""",Mismatch / Not in Taxonomy
93,"""social media content curation""",Mismatch / Not in Taxonomy
93,"""film and video storyboard visualization""",Mismatch / Not in Taxonomy
93,"""portfolio building and updating""]",Mismatch / Not in Taxonomy
94,"[""create charts""",Mismatch / Not in Taxonomy
94,"""budgeting""",Mismatch / Not in Taxonomy
94,"""data analytics""",Valid (analytics)
94,"""view files""",Mismatch / Not in Taxonomy
94,"""edit files""",Mismatch / Not in Taxonomy
94,"""share files""",Mismatch / Not in Taxonomy
94,"""expense tracking""",Mismatch / Not in Taxonomy
94,"""file editor""",Mismatch / Not in Taxonomy
94,"""sort columns""",Mismatch / Not in Taxonomy
94,"""filter columns""",Mismatch / Not in Taxonomy
94,"""annotate charts""",Mismatch / Not in Taxonomy
94,"""highlight worksheet parts""",Mismatch / Not in Taxonomy
94,"""create shapes""",Mismatch / Not in Taxonomy
94,"""write equations""",Mismatch / Not in Taxonomy
94,"""share files for collaboration""",Mismatch / Not in Taxonomy
94,"""edit worksheets in email""",Mismatch / Not in Taxonomy
94,"""use accounting calculator""",Mismatch / Not in Taxonomy
94,"""run calculations with formulas""",Mismatch / Not in Taxonomy
94,"""create templates""",Mismatch / Not in Taxonomy
94,"""track expenses""",Mismatch / Not in Taxonomy
94,"""use pivot tables""",Mismatch / Not in Taxonomy
94,"""create budgets""",Mismatch / Not in Taxonomy
94,"""use budget templates""",Mismatch / Not in Taxonomy
94,"""use budget planner""",Mismatch / Not in Taxonomy
94,"""use budget tracker""",Mismatch / Not in Taxonomy
94,"""add chart labels""",Mismatch / Not in Taxonomy
94,"""insert charts""",Mismatch / Not in Taxonomy
94,"""edit templates""",Mismatch / Not in Taxonomy
94,"""access spreadsheets""",Mismatch / Not in Taxonomy
94,"""use rich formatting options""",Mismatch / Not in Taxonomy
94,"""create task lists""",Mismatch / Not in Taxonomy
94,"""compile data""",Mismatch / Not in Taxonomy
94,"""access worksheet resources""",Mismatch / Not in Taxonomy
94,"""edit documents from anywhere""",Mismatch / Not in Taxonomy
94,"""copy worksheets""",Mismatch / Not in Taxonomy
94,"""access on multiple devices""]",Mismatch / Not in Taxonomy
95,"[""copilot chat""",Mismatch / Not in Taxonomy
95,"""word integration""",Mismatch / Not in Taxonomy
95,"""excel integration""",Mismatch / Not in Taxonomy
95,"""powerpoint integration""",Mismatch / Not in Taxonomy
95,"""copilot pages""",Mismatch / Not in Taxonomy
95,"""pdf converter tool""",Mismatch / Not in Taxonomy
95,"""pdf editing""",Mismatch / Not in Taxonomy
95,"""pdf reader""",Mismatch / Not in Taxonomy
95,"""cloud document access""",Mismatch / Not in Taxonomy
95,"""template usage for documents""",Mismatch / Not in Taxonomy
95,"""presenter coach in powerpoint""",Mismatch / Not in Taxonomy
95,"""spreadsheet templates in excel""",Mismatch / Not in Taxonomy
95,"""aipowered design tools in designer""",Mismatch / Not in Taxonomy
95,"""search functionality""",Mismatch / Not in Taxonomy
95,"""ai assistance in outlook""",Mismatch / Not in Taxonomy
95,"""content creation templates""",Mismatch / Not in Taxonomy
95,"""dynamic canvas for collaboration""]",Mismatch / Not in Taxonomy
96,"[""create slideshows""",Mismatch / Not in Taxonomy
96,"""edit slideshows""",Mismatch / Not in Taxonomy
96,"""view slideshows""",Mismatch / Not in Taxonomy
96,"""present slideshows""",Mismatch / Not in Taxonomy
96,"""access recently used powerpoint files""",Mismatch / Not in Taxonomy
96,"""sync presentations across devices""",Mismatch / Not in Taxonomy
96,"""use presenter coach for public speaking training""",Mismatch / Not in Taxonomy
96,"""practice presentations with a presentation timer""",Mismatch / Not in Taxonomy
96,"""receive realtime suggestions from presenter coach""",Mismatch / Not in Taxonomy
96,"""customize presentations""",Mismatch / Not in Taxonomy
96,"""collaborate and edit ppt or pptx files in real time""",Mismatch / Not in Taxonomy
96,"""share presentations for feedback and edits""",Mismatch / Not in Taxonomy
96,"""view presentation permissions""",Mismatch / Not in Taxonomy
96,"""integrated comments on slides""",Mismatch / Not in Taxonomy
96,"""add photos to slideshows""",Mismatch / Not in Taxonomy
96,"""insert videos into slideshows""",Mismatch / Not in Taxonomy
96,"""record videos within the app""]",Mismatch / Not in Taxonomy
97,"[""create documents on mobile devices""",Mismatch / Not in Taxonomy
97,"""edit documents on mobile devices""",Mismatch / Not in Taxonomy
97,"""share notes""",Mismatch / Not in Taxonomy
97,"""convert documents to pdf""",Mismatch / Not in Taxonomy
97,"""collaborate on projects""",Mismatch / Not in Taxonomy
97,"""access files and documents""",Mismatch / Not in Taxonomy
97,"""read documents in reading view""",Mismatch / Not in Taxonomy
97,"""edit pdfs using pdf converter""",Mismatch / Not in Taxonomy
97,"""leave comments for collaboration""",Mismatch / Not in Taxonomy
97,"""view documents using builtin viewer""",Mismatch / Not in Taxonomy
97,"""edit documents as a team""",Mismatch / Not in Taxonomy
97,"""view editor history""",Mismatch / Not in Taxonomy
97,"""create templates for resumes",Mismatch / Not in Taxonomy
97,cover letters,Mismatch / Not in Taxonomy
97,"and forms""",Mismatch / Not in Taxonomy
97,"""proofread and check spelling""",Mismatch / Not in Taxonomy
97,"""share documents as links",Mismatch / Not in Taxonomy
97,emails,Mismatch / Not in Taxonomy
97,"or attachments""",Mismatch / Not in Taxonomy
97,"""manage file and document permissions""",Mismatch / Not in Taxonomy
97,"""copy files into email body with formatting intact""]",Mismatch / Not in Taxonomy
98,"[""app block""",Mismatch / Not in Taxonomy
98,"""app lock""",Mismatch / Not in Taxonomy
98,"""personalized challenge recommendations""",Mismatch / Not in Taxonomy
98,"""dashboard for usage time and unlock count""",Valid (analytics)
98,"""goal spots for addiction level analysis""",Mismatch / Not in Taxonomy
98,"""floating timer for realtime statistics""",Mismatch / Not in Taxonomy
98,"""progress bar for individual app usage""",Mismatch / Not in Taxonomy
98,"""timeline for daily app usage""",Mismatch / Not in Taxonomy
98,"""daily",Mismatch / Not in Taxonomy
98,weekly,Mismatch / Not in Taxonomy
98,"and monthly reports""",Mismatch / Not in Taxonomy
98,"""export reports to pdf""",Mismatch / Not in Taxonomy
98,"""export data to xlsx format""]",Mismatch / Not in Taxonomy
99,"[""mindfulness practices and meditations""",Mismatch / Not in Taxonomy
99,"""personalized daily video coaching""",Mismatch / Not in Taxonomy
99,"""short mindfulness practices and breathing exercises""",Mismatch / Not in Taxonomy
99,"""mindfulness courses from renowned teachers""",Mismatch / Not in Taxonomy
99,"""guided meditations""",Mismatch / Not in Taxonomy
99,"""meditation sessions of varying lengths (5",Mismatch / Not in Taxonomy
99,10,Mismatch / Not in Taxonomy
99,15,Mismatch / Not in Taxonomy
99,"20 minutes)""",Mismatch / Not in Taxonomy
99,"""sleep shuffle feature""",Mismatch / Not in Taxonomy
99,"""guided sleep meditations""",Mismatch / Not in Taxonomy
99,"""sleep music""",Mismatch / Not in Taxonomy
99,"""soothing nature soundscapes""",Mismatch / Not in Taxonomy
99,"""community support""",Mismatch / Not in Taxonomy
99,"""complimentary year of subscription for those in need""",Mismatch / Not in Taxonomy
99,"""daily mindfulness radio""",Mismatch / Not in Taxonomy
99,"""mini mindfulness exercises""",Mismatch / Not in Taxonomy
99,"""courses and masterclasses""",Mismatch / Not in Taxonomy
99,"""mindfulness programs for beginners""",Mismatch / Not in Taxonomy
99,"""daily gratitude practices""",Mismatch / Not in Taxonomy
99,"""mindfulness content for kids""]",Mismatch / Not in Taxonomy
100,"[""mindfulness practices and meditations""",Mismatch / Not in Taxonomy
100,"""personalized daily video coaching""",Mismatch / Not in Taxonomy
100,"""short mindfulness practices and breathing exercises""",Mismatch / Not in Taxonomy
100,"""mindfulness courses from renowned teachers""",Mismatch / Not in Taxonomy
100,"""guided meditations""",Mismatch / Not in Taxonomy
100,"""meditation sessions of varying lengths (5",Mismatch / Not in Taxonomy
100,10,Mismatch / Not in Taxonomy
100,15,Mismatch / Not in Taxonomy
100,"20 minutes)""",Mismatch / Not in Taxonomy
100,"""sleep shuffle""",Mismatch / Not in Taxonomy
100,"""guided sleep meditations""",Mismatch / Not in Taxonomy
100,"""sleep music""",Mismatch / Not in Taxonomy
100,"""soothing nature soundscapes""",Mismatch / Not in Taxonomy
100,"""community support""",Mismatch / Not in Taxonomy
100,"""complimentary year of subscription for those in need""",Mismatch / Not in Taxonomy
100,"""daily mindfulness radio""",Mismatch / Not in Taxonomy
100,"""mini mindfulness exercises""",Mismatch / Not in Taxonomy
100,"""courses and masterclasses""",Mismatch / Not in Taxonomy
100,"""mindfulness programs for beginners""",Mismatch / Not in Taxonomy
100,"""daily guided practices""",Mismatch / Not in Taxonomy
100,"""mindfulness and intention setting meditations""",Mismatch / Not in Taxonomy
100,"""body scan meditation""]",Mismatch / Not in Taxonomy
101,"[""daily routine organizer""",Valid (habit_tracking)
101,"""chronological task display""",Mismatch / Not in Taxonomy
101,"""task planning with time settings""",Mismatch / Not in Taxonomy
101,"""manage routines",Mismatch / Not in Taxonomy
101,todos,Mismatch / Not in Taxonomy
101,"and new habits""",Mismatch / Not in Taxonomy
101,"""check off tasks with emojis""",Mismatch / Not in Taxonomy
101,"""highlight important tasks""",Mismatch / Not in Taxonomy
101,"""monthly statistics for routine completion""",Mismatch / Not in Taxonomy
101,"""individual habit statistics""",Mismatch / Not in Taxonomy
101,"""mood tracking""",Mismatch / Not in Taxonomy
101,"""mood pattern analysis""",Mismatch / Not in Taxonomy
101,"""routine reminders""",Valid (reminders)
101,"""separate reminders for tasks""",Valid (reminders)
101,"""widget for quick access to routines""",Mismatch / Not in Taxonomy
101,"""galaxy watch and wear os optimization""",Mismatch / Not in Taxonomy
101,"""recommended routines by themes""",Mismatch / Not in Taxonomy
101,"""explore other users' routines""",Mismatch / Not in Taxonomy
101,"""public account sharing""",Mismatch / Not in Taxonomy
101,"""follow and share feeds""",Mismatch / Not in Taxonomy
101,"""customizable habit tracker""",Mismatch / Not in Taxonomy
101,"""multiple device synchronization""",Mismatch / Not in Taxonomy
101,"""set repetition cycles for habits""",Mismatch / Not in Taxonomy
101,"""unlimited habit tracking with premium""",Mismatch / Not in Taxonomy
101,"""unlimited diary entries with premium""",Mismatch / Not in Taxonomy
101,"""unlimited memo notes with premium""",Mismatch / Not in Taxonomy
101,"""weekly and monthly habit statistics with premium""",Mismatch / Not in Taxonomy
101,"""no ads with premium""]",Mismatch / Not in Taxonomy
102,"[""daily routine organizer""",Valid (habit_tracking)
102,"""chronological task display""",Mismatch / Not in Taxonomy
102,"""task planning with time settings""",Mismatch / Not in Taxonomy
102,"""manage routines",Mismatch / Not in Taxonomy
102,todos,Mismatch / Not in Taxonomy
102,"and new habits""",Mismatch / Not in Taxonomy
102,"""check off tasks with emojis""",Mismatch / Not in Taxonomy
102,"""highlight important tasks""",Mismatch / Not in Taxonomy
102,"""monthly statistics for routine completion""",Mismatch / Not in Taxonomy
102,"""individual habit statistics""",Mismatch / Not in Taxonomy
102,"""mood tracking""",Mismatch / Not in Taxonomy
102,"""routine reminders""",Valid (reminders)
102,"""widget for quick access to routines""",Mismatch / Not in Taxonomy
102,"""optimized for galaxy watch and wear os""",Mismatch / Not in Taxonomy
102,"""recommended routines by themes""",Mismatch / Not in Taxonomy
102,"""explore other users' routines""",Mismatch / Not in Taxonomy
102,"""follow and share routines with friends""",Mismatch / Not in Taxonomy
102,"""multiple device synchronization""",Mismatch / Not in Taxonomy
102,"""customizable habit tracker""",Mismatch / Not in Taxonomy
102,"""set repetition cycles for habits""",Mismatch / Not in Taxonomy
102,"""unlimited diary entries and notes in premium version""",Mismatch / Not in Taxonomy
102,"""no ads in premium version""]",Mismatch / Not in Taxonomy
103,"[""view messages""",Mismatch / Not in Taxonomy
103,"""receive safety alerts""",Mismatch / Not in Taxonomy
103,"""set limits for screen time""",Mismatch / Not in Taxonomy
103,"""set limits for app usage""",Mismatch / Not in Taxonomy
103,"""monitor sms text messages""",Mismatch / Not in Taxonomy
103,"""monitor web browsing activity""",Mismatch / Not in Taxonomy
103,"""monitor application usage""",Mismatch / Not in Taxonomy
103,"""monitor phone call recipients""",Mismatch / Not in Taxonomy
103,"""monitor social media chat messages""",Mismatch / Not in Taxonomy
103,"""receive alerts for sexting""",Mismatch / Not in Taxonomy
103,"""receive alerts for cyberbullying""",Mismatch / Not in Taxonomy
103,"""receive alerts for suicidal thoughts""",Mismatch / Not in Taxonomy
103,"""receive alerts for drugrelated content""",Mismatch / Not in Taxonomy
103,"""receive alerts for violence""",Mismatch / Not in Taxonomy
103,"""receive alerts for child grooming""",Mismatch / Not in Taxonomy
103,"""view comprehensive reports for text messages""",Mismatch / Not in Taxonomy
103,"""view comprehensive reports for app usage""",Mismatch / Not in Taxonomy
103,"""view comprehensive reports for web browsing""",Mismatch / Not in Taxonomy
103,"""view comprehensive reports for voice calls""",Mismatch / Not in Taxonomy
103,"""locate child's phone""",Mismatch / Not in Taxonomy
103,"""lock child's phone""",Mismatch / Not in Taxonomy
103,"""unlock child's phone""",Mismatch / Not in Taxonomy
103,"""web filtering""",Mismatch / Not in Taxonomy
103,"""block specific apps""",Mismatch / Not in Taxonomy
103,"""block social media""",Mismatch / Not in Taxonomy
103,"""restrict phone calls to approved numbers""",Mismatch / Not in Taxonomy
103,"""block unwanted contacts""",Mismatch / Not in Taxonomy
103,"""receive alerts for dangerous situations""",Mismatch / Not in Taxonomy
103,"""receive alerts for adult content in images""",Mismatch / Not in Taxonomy
103,"""remote management from parent's phone""",Mismatch / Not in Taxonomy
103,"""customizable web access""",Mismatch / Not in Taxonomy
103,"""tamperproof features""]",Mismatch / Not in Taxonomy
104,"[""habit strength meter""",Mismatch / Not in Taxonomy
104,"""autocomplete tracking mode""",Mismatch / Not in Taxonomy
104,"""interactive widgets for home screen""",Mismatch / Not in Taxonomy
104,"""detailed statistics""",Mismatch / Not in Taxonomy
104,"""collections for habit organization""",Mismatch / Not in Taxonomy
104,"""customizable icons and colors""",Mismatch / Not in Taxonomy
104,"""adjustable goals and repeat intervals""",Mismatch / Not in Taxonomy
104,"""rich text notes for habits""",Mismatch / Not in Taxonomy
104,"""habit reminders""",Valid (reminders)
104,"""morning and evening summaries""]",Mismatch / Not in Taxonomy
105,"[""spaces for limited app access""",Mismatch / Not in Taxonomy
105,"""parental control features""",Valid (parental_control)
105,"""set time limits on device usage""",Mismatch / Not in Taxonomy
105,"""monitor app usage""",Mismatch / Not in Taxonomy
105,"""location tracking""",Mismatch / Not in Taxonomy
105,"""content filtering based on family values""",Mismatch / Not in Taxonomy
105,"""screen time management""",Mismatch / Not in Taxonomy
105,"""app blocking (ondemand and scheduled)""",Mismatch / Not in Taxonomy
105,"""customizable family experience""",Mismatch / Not in Taxonomy
105,"""accessibility services integration""]",Mismatch / Not in Taxonomy
106,"[""block all adult content with one click""",Mismatch / Not in Taxonomy
106,"""dnsbased filter to block adult websites and unwanted apps""",Mismatch / Not in Taxonomy
106,"""regularly updated filter with more than 4 million websites""",Mismatch / Not in Taxonomy
106,"""black and white lists to enable or disable selected websites""",Mismatch / Not in Taxonomy
106,"""automatic safe search on major search engines""",Mismatch / Not in Taxonomy
106,"""limit access to unwanted apps on the device""",Mismatch / Not in Taxonomy
106,"""select types or categories of apps to block after installation""",Mismatch / Not in Taxonomy
106,"""log of blocked websites and apps with time and date""",Mismatch / Not in Taxonomy
106,"""use of accessibility services to block unwanted apps and websites""",Mismatch / Not in Taxonomy
106,"""use of system alert window permission for blocking notifications""",Valid (reminders)
106,"""use of vpnservice to block adult websites and activate safe search""",Mismatch / Not in Taxonomy
106,"""create custom blocklists for specific sites""",Mismatch / Not in Taxonomy
106,"""dynamic blocking of content across 18+ categories""",Mismatch / Not in Taxonomy
106,"""neutralize vpns and proxy sites""",Mismatch / Not in Taxonomy
106,"""monitor access attempts through detailed activity logs""",Mismatch / Not in Taxonomy
106,"""enforce safe search on multiple search platforms""",Mismatch / Not in Taxonomy
106,"""aipowered realtime detection and blocking of pornography""",Mismatch / Not in Taxonomy
106,"""choose blocking style for apps (complete block",Mismatch / Not in Taxonomy
106,password lock,Mismatch / Not in Taxonomy
106,"or disguise)""",Mismatch / Not in Taxonomy
106,"""maintain a complete log of all blocked activity""",Mismatch / Not in Taxonomy
106,"""block uninstallation of the app with password protection""]",Mismatch / Not in Taxonomy
107,"[""shorts & reels blocker""",Mismatch / Not in Taxonomy
107,"""app & site blocker""",Mismatch / Not in Taxonomy
107,"""curious mode""",Mismatch / Not in Taxonomy
107,"""flexible restriction controls""",Mismatch / Not in Taxonomy
107,"""custom blocker""",Mismatch / Not in Taxonomy
107,"""targeted blocking""",Mismatch / Not in Taxonomy
107,"""foreground service usage""",Mismatch / Not in Taxonomy
107,"""accessibility service usage""]",Mismatch / Not in Taxonomy
108,"[""access a large range of mindfulness practices""",Mismatch / Not in Taxonomy
108,"""join live daily mindfulness sessions""",Mismatch / Not in Taxonomy
108,"""complete selfpaced introductory courses""",Mismatch / Not in Taxonomy
108,"""access uptodate information and research""",Mismatch / Not in Taxonomy
108,"""content developed by the oxford mindfulness foundation""",Mismatch / Not in Taxonomy
108,"""content developed by the university of oxford""",Mismatch / Not in Taxonomy
108,"""content offered by assessed teachers trained in researchbased mindfulness programmes""]",Mismatch / Not in Taxonomy
109,"[""image generation""",Mismatch / Not in Taxonomy
109,"""advanced voice mode""",Mismatch / Not in Taxonomy
109,"""photo upload""",Mismatch / Not in Taxonomy
109,"""creative inspiration""",Mismatch / Not in Taxonomy
109,"""tailored advice""",Mismatch / Not in Taxonomy
109,"""personalized learning""",Mismatch / Not in Taxonomy
109,"""professional input""",Mismatch / Not in Taxonomy
109,"""instant answers""",Mismatch / Not in Taxonomy
109,"""syncs history across devices""]",Mismatch / Not in Taxonomy
110,"[""image generation""",Mismatch / Not in Taxonomy
110,"""advanced voice mode""",Mismatch / Not in Taxonomy
110,"""photo upload""",Mismatch / Not in Taxonomy
110,"""creative inspiration""",Mismatch / Not in Taxonomy
110,"""tailored advice""",Mismatch / Not in Taxonomy
110,"""personalized learning""",Mismatch / Not in Taxonomy
110,"""professional input""",Mismatch / Not in Taxonomy
110,"""instant answers""",Mismatch / Not in Taxonomy
110,"""account login and billing""",Mismatch / Not in Taxonomy
110,"""refund requests""",Mismatch / Not in Taxonomy
110,"""api access""",Mismatch / Not in Taxonomy
110,"""chatgpt business management""",Mismatch / Not in Taxonomy
110,"""chatgpt enterprise features""",Mismatch / Not in Taxonomy
110,"""codex for coding assistance""",Mismatch / Not in Taxonomy
110,"""open models information""",Mismatch / Not in Taxonomy
110,"""open source products""",Mismatch / Not in Taxonomy
110,"""secure sign in""",Mismatch / Not in Taxonomy
110,"""sso",Mismatch / Not in Taxonomy
110,scim,Mismatch / Not in Taxonomy
110,"and user management""]",Mismatch / Not in Taxonomy
111,"[""track multiple habits""",Mismatch / Not in Taxonomy
111,"""streak counter""",Mismatch / Not in Taxonomy
111,"""percentage successful for each habit""",Mismatch / Not in Taxonomy
111,"""yes/no or number goals""",Mismatch / Not in Taxonomy
111,"""flexible goals (e.g.",Mismatch / Not in Taxonomy
111,"number of times per day/week/month)""",Mismatch / Not in Taxonomy
111,"""inspiring quotes per category""",Mismatch / Not in Taxonomy
111,"""graphs with success percentage and entered values""",Mismatch / Not in Taxonomy
111,"""powerful reminders""",Valid (reminders)
111,"""home screen/lock screen widget""",Mismatch / Not in Taxonomy
111,"""multidevice syncing""",Mismatch / Not in Taxonomy
111,"""cloud backup""",Mismatch / Not in Taxonomy
111,"""motivational images""",Mismatch / Not in Taxonomy
111,"""export to csv""",Mismatch / Not in Taxonomy
111,"""dark theme""",Mismatch / Not in Taxonomy
111,"""google fit integration""]",Mismatch / Not in Taxonomy
112,"[""block apps""",Mismatch / Not in Taxonomy
112,"""manage texts""",Mismatch / Not in Taxonomy
112,"""see location""",Mismatch / Not in Taxonomy
112,"""view device usage""",Mismatch / Not in Taxonomy
112,"""view online activity""",Mismatch / Not in Taxonomy
112,"""automated periodic views of online activity""",Mismatch / Not in Taxonomy
112,"""ondemand views of online activity""",Mismatch / Not in Taxonomy
112,"""gallery views of online activity""",Mismatch / Not in Taxonomy
112,"""text & app blocker""",Mismatch / Not in Taxonomy
112,"""website blocker""",Valid (blocking)
112,"""gps family tracking""",Mismatch / Not in Taxonomy
112,"""block specific apps""",Mismatch / Not in Taxonomy
112,"""allow specific apps""",Mismatch / Not in Taxonomy
112,"""block specific websites""",Mismatch / Not in Taxonomy
112,"""block texting apps""",Mismatch / Not in Taxonomy
112,"""receive alerts for new app installations""",Mismatch / Not in Taxonomy
112,"""set block schedules""",Mismatch / Not in Taxonomy
112,"""set daily screen time limits""",Mismatch / Not in Taxonomy
112,"""create gps geofences""",Mismatch / Not in Taxonomy
112,"""receive realtime alerts for geofences""",Mismatch / Not in Taxonomy
112,"""locate family members using geolocation""",Mismatch / Not in Taxonomy
112,"""live location tracking""",Mismatch / Not in Taxonomy
112,"""location history tracking""",Mismatch / Not in Taxonomy
112,"""set location alerts""",Mismatch / Not in Taxonomy
112,"""instant screenshots""",Mismatch / Not in Taxonomy
112,"""automated screenshots""",Mismatch / Not in Taxonomy
112,"""encrypted screenshot gallery""",Mismatch / Not in Taxonomy
112,"""aipowered content flagging""",Mismatch / Not in Taxonomy
112,"""customized detection triggers""",Mismatch / Not in Taxonomy
112,"""web filter for harmful content""",Mismatch / Not in Taxonomy
112,"""block adult content""",Mismatch / Not in Taxonomy
112,"""iphone & ipad restrictions""",Mismatch / Not in Taxonomy
112,"""android restrictions""",Mismatch / Not in Taxonomy
112,"""removal protection""]",Mismatch / Not in Taxonomy
113,"[""customizable timers""",Mismatch / Not in Taxonomy
113,"""task timers""",Mismatch / Not in Taxonomy
113,"""kitchen timers""",Mismatch / Not in Taxonomy
113,"""pomodoro timers""",Valid (pomodoro)
113,"""countdown timers""",Valid (timer)
113,"""quick start timers""",Mismatch / Not in Taxonomy
113,"""count up timers""",Mismatch / Not in Taxonomy
113,"""interval timers""",Mismatch / Not in Taxonomy
113,"""stopwatch""",Mismatch / Not in Taxonomy
113,"""counter""",Mismatch / Not in Taxonomy
113,"""clock""",Mismatch / Not in Taxonomy
113,"""multiple timer boards""",Mismatch / Not in Taxonomy
113,"""adaptive layouts""",Mismatch / Not in Taxonomy
113,"""flexible layouts""",Mismatch / Not in Taxonomy
113,"""copy timers""",Mismatch / Not in Taxonomy
113,"""delete timers""",Mismatch / Not in Taxonomy
113,"""move timers""",Mismatch / Not in Taxonomy
113,"""personalized labels""",Mismatch / Not in Taxonomy
113,"""custom colors""",Mismatch / Not in Taxonomy
113,"""custom icons""",Mismatch / Not in Taxonomy
113,"""alert styles""",Mismatch / Not in Taxonomy
113,"""custom sounds""",Mismatch / Not in Taxonomy
113,"""notifications""",Valid (reminders)
113,"""set timer start delays""",Mismatch / Not in Taxonomy
113,"""add time to running timers""",Mismatch / Not in Taxonomy
113,"""subtract time from running timers""",Mismatch / Not in Taxonomy
113,"""autorepeat option""",Mismatch / Not in Taxonomy
113,"""track timer history""",Mismatch / Not in Taxonomy
113,"""export timer data""",Mismatch / Not in Taxonomy
113,"""share timers via web link""",Mismatch / Not in Taxonomy
113,"""fullscreen mode""",Mismatch / Not in Taxonomy
113,"""interactive widget""",Mismatch / Not in Taxonomy
113,"""run multiple timers simultaneously""",Mismatch / Not in Taxonomy
113,"""undo last actions""",Mismatch / Not in Taxonomy
113,"""timer board export""]",Mismatch / Not in Taxonomy
114,"[""customizable timers""",Mismatch / Not in Taxonomy
114,"""task timers""",Mismatch / Not in Taxonomy
114,"""kitchen timers""",Mismatch / Not in Taxonomy
114,"""pomodoro timers""",Valid (pomodoro)
114,"""countdown timers""",Valid (timer)
114,"""quick start timers""",Mismatch / Not in Taxonomy
114,"""count up timers""",Mismatch / Not in Taxonomy
114,"""interval timers""",Mismatch / Not in Taxonomy
114,"""stopwatch""",Mismatch / Not in Taxonomy
114,"""counter""",Mismatch / Not in Taxonomy
114,"""clock""",Mismatch / Not in Taxonomy
114,"""multiple timer boards""",Mismatch / Not in Taxonomy
114,"""adaptive layouts""",Mismatch / Not in Taxonomy
114,"""flexible layouts""",Mismatch / Not in Taxonomy
114,"""copy timers""",Mismatch / Not in Taxonomy
114,"""delete timers""",Mismatch / Not in Taxonomy
114,"""move timers""",Mismatch / Not in Taxonomy
114,"""personalized labels""",Mismatch / Not in Taxonomy
114,"""custom colors""",Mismatch / Not in Taxonomy
114,"""custom icons""",Mismatch / Not in Taxonomy
114,"""alert styles""",Mismatch / Not in Taxonomy
114,"""notification sounds""",Valid (reminders)
114,"""set timer start delays""",Mismatch / Not in Taxonomy
114,"""add time to running timers""",Mismatch / Not in Taxonomy
114,"""subtract time from running timers""",Mismatch / Not in Taxonomy
114,"""autorepeat option""",Mismatch / Not in Taxonomy
114,"""track timer history""",Mismatch / Not in Taxonomy
114,"""export timer data""",Mismatch / Not in Taxonomy
114,"""share timers via web link""",Mismatch / Not in Taxonomy
114,"""fullscreen mode""",Mismatch / Not in Taxonomy
114,"""interactive widget""",Mismatch / Not in Taxonomy
114,"""undo last actions""",Mismatch / Not in Taxonomy
114,"""support for apple watch""",Mismatch / Not in Taxonomy
114,"""timer board export feature""]",Mismatch / Not in Taxonomy
115,"[""introductory sessions for adults and children""",Mismatch / Not in Taxonomy
115,"""discovery and discovery for kids programmes""",Mismatch / Not in Taxonomy
115,"""3 daily meditations of your choice""",Mismatch / Not in Taxonomy
115,"""selection of background music""",Mismatch / Not in Taxonomy
115,"""animated stories on mindfulness principles""",Mismatch / Not in Taxonomy
115,"""unlimited access to freebreathing and meditation tool""",Mismatch / Not in Taxonomy
115,"""customer service support""",Mismatch / Not in Taxonomy
115,"""complete catalogue of meditation programmes""",Mismatch / Not in Taxonomy
115,"""daily meditation with customisable time slots""",Mismatch / Not in Taxonomy
115,"""access to relaxing sound and ambience library""",Mismatch / Not in Taxonomy
115,"""guided sessions on various themes""",Mismatch / Not in Taxonomy
115,"""synchronization across devices""",Mismatch / Not in Taxonomy
115,"""account access via website and application""",Mismatch / Not in Taxonomy
115,"""monthly",Mismatch / Not in Taxonomy
115,halfyearly,Mismatch / Not in Taxonomy
115,yearly,Mismatch / Not in Taxonomy
115,"or lifetime subscription options""",Mismatch / Not in Taxonomy
115,"""mindfulness meditation programs""",Mismatch / Not in Taxonomy
115,"""mindful breathing exercises""]",Mismatch / Not in Taxonomy
116,"[""block adult content""",Mismatch / Not in Taxonomy
116,"""block specific apps or websites""",Mismatch / Not in Taxonomy
116,"""uninstall protection""",Mismatch / Not in Taxonomy
116,"""accountability partner""",Mismatch / Not in Taxonomy
116,"""timedelay feature""",Mismatch / Not in Taxonomy
116,"""safe search""",Mismatch / Not in Taxonomy
116,"""youtube safe search""",Mismatch / Not in Taxonomy
116,"""focus mode""",Valid (focus_mode)
116,"""track your streak""",Mismatch / Not in Taxonomy
116,"""limit social media apps""",Mismatch / Not in Taxonomy
116,"""block gambling apps""",Mismatch / Not in Taxonomy
116,"""block games""",Mismatch / Not in Taxonomy
116,"""accessibility service permission""",Mismatch / Not in Taxonomy
116,"""system alert window permission""",Mismatch / Not in Taxonomy
116,"""device admin app permission""]",Mismatch / Not in Taxonomy
117,"[""customisable focus time""",Mismatch / Not in Taxonomy
117,"""notification & vibration at the end of a pomodoro""",Valid (pomodoro)
117,"""pause and resume pomodoro""",Valid (pomodoro)
117,"""autorun mode""",Mismatch / Not in Taxonomy
117,"""white noise for concentration""",Mismatch / Not in Taxonomy
117,"""various ambient sounds""",Mismatch / Not in Taxonomy
117,"""simple stretching exercises after a focus session""",Mismatch / Not in Taxonomy
117,"""vivid voice and illustration guidance for stretches""",Mismatch / Not in Taxonomy
117,"""stretches for neck",Mismatch / Not in Taxonomy
117,shoulder,Mismatch / Not in Taxonomy
117,back,Mismatch / Not in Taxonomy
117,hands,Mismatch / Not in Taxonomy
117,legs,Mismatch / Not in Taxonomy
117,"and whole body""",Mismatch / Not in Taxonomy
117,"""statistics of focus time over time""",Mismatch / Not in Taxonomy
117,"""distribution of time on each pomodoro category""",Valid (pomodoro)
117,"""create custom focus categories with names and colours""",Mismatch / Not in Taxonomy
117,"""integration with statistics reports for tracking focus performance""",Mismatch / Not in Taxonomy
117,"""option to start stretching exercises",Mismatch / Not in Taxonomy
117,take a break,Mismatch / Not in Taxonomy
117,"or skip break session""",Mismatch / Not in Taxonomy
117,"""settings for battery saving mode and app stability""]",Mismatch / Not in Taxonomy
118,"[""minimalist phone interface""",Mismatch / Not in Taxonomy
118,"""screen time control""",Mismatch / Not in Taxonomy
118,"""app blocker""",Mismatch / Not in Taxonomy
118,"""notification filter""",Valid (reminders)
118,"""customizable color theme""",Mismatch / Not in Taxonomy
118,"""customizable font and font size""",Mismatch / Not in Taxonomy
118,"""grayscale mode""",Mismatch / Not in Taxonomy
118,"""blocking schedules""",Mismatch / Not in Taxonomy
118,"""rename apps""",Mismatch / Not in Taxonomy
118,"""supports work profile apps""",Mismatch / Not in Taxonomy
118,"""monochrome mode""",Mismatch / Not in Taxonomy
118,"""hide undesired apps""",Mismatch / Not in Taxonomy
118,"""set time limits for apps""",Mismatch / Not in Taxonomy
118,"""digital detox features""",Mismatch / Not in Taxonomy
118,"""accessibility services for inapp reminders and blocking""]",Valid (reminders)
119,"[""daily screen time limits""",Mismatch / Not in Taxonomy
119,"""app blocking""",Mismatch / Not in Taxonomy
119,"""kid tracking""",Mismatch / Not in Taxonomy
119,"""ai powered search alerts""",Mismatch / Not in Taxonomy
119,"""message alerts""",Mismatch / Not in Taxonomy
119,"""social media monitoring""",Mismatch / Not in Taxonomy
119,"""porn blocking""",Mismatch / Not in Taxonomy
119,"""family locator""",Mismatch / Not in Taxonomy
119,"""gps family tracker""",Mismatch / Not in Taxonomy
119,"""content filtering""",Mismatch / Not in Taxonomy
119,"""web activity alerts""",Mismatch / Not in Taxonomy
119,"""custom routines for apps and websites""",Mismatch / Not in Taxonomy
119,"""internet pause feature""",Mismatch / Not in Taxonomy
119,"""30day online activity reports""",Mismatch / Not in Taxonomy
119,"""daily and weekly reports""",Mismatch / Not in Taxonomy
119,"""app download alerts""",Mismatch / Not in Taxonomy
119,"""youtube activity monitoring""",Mismatch / Not in Taxonomy
119,"""call and sms tracking""",Mismatch / Not in Taxonomy
119,"""coparenting supervision""",Mismatch / Not in Taxonomy
119,"""device compatibility across platforms""",Mismatch / Not in Taxonomy
119,"""panic button feature""",Mismatch / Not in Taxonomy
119,"""realtime alerts for concerning websites""",Mismatch / Not in Taxonomy
119,"""location monitoring""",Mismatch / Not in Taxonomy
119,"""sos feature""]",Mismatch / Not in Taxonomy
120,"[""daily screen time limits""",Mismatch / Not in Taxonomy
120,"""app blocking""",Mismatch / Not in Taxonomy
120,"""kid tracking""",Mismatch / Not in Taxonomy
120,"""ai powered search alerts""",Mismatch / Not in Taxonomy
120,"""message alerts""",Mismatch / Not in Taxonomy
120,"""social media monitoring""",Mismatch / Not in Taxonomy
120,"""porn blocking""",Mismatch / Not in Taxonomy
120,"""family locator""",Mismatch / Not in Taxonomy
120,"""gps family tracker""",Mismatch / Not in Taxonomy
120,"""content filtering""",Mismatch / Not in Taxonomy
120,"""web activity alerts""",Mismatch / Not in Taxonomy
120,"""custom routines for apps and websites""",Mismatch / Not in Taxonomy
120,"""internet pause feature""",Mismatch / Not in Taxonomy
120,"""30day online activity reports""",Mismatch / Not in Taxonomy
120,"""daily and weekly reports""",Mismatch / Not in Taxonomy
120,"""app download alerts""",Mismatch / Not in Taxonomy
120,"""youtube activity monitoring""",Mismatch / Not in Taxonomy
120,"""call and sms tracking""",Mismatch / Not in Taxonomy
120,"""coparenting supervision""",Mismatch / Not in Taxonomy
120,"""device compatibility across platforms""",Mismatch / Not in Taxonomy
120,"""panic button feature""",Mismatch / Not in Taxonomy
120,"""realtime alerts for concerning websites""",Mismatch / Not in Taxonomy
120,"""location monitoring""",Mismatch / Not in Taxonomy
120,"""sos feature""]",Mismatch / Not in Taxonomy
121,"[""mobile security & privacy""",Mismatch / Not in Taxonomy
121,"""secure vpn""",Mismatch / Not in Taxonomy
121,"""scam & tracker blocker""",Mismatch / Not in Taxonomy
121,"""blocking of intrusive tools""",Mismatch / Not in Taxonomy
121,"""no account required""",Mismatch / Not in Taxonomy
121,"""fast & reliable connections""",Mismatch / Not in Taxonomy
121,"""privacy score""",Mismatch / Not in Taxonomy
121,"""data footprint tracking""",Mismatch / Not in Taxonomy
121,"""block trackers""",Mismatch / Not in Taxonomy
121,"""app activity insights""",Valid (analytics)
121,"""block scam sites""]",Mismatch / Not in Taxonomy
122,"[""collection of buddhist quotes""",Mismatch / Not in Taxonomy
122,"""buddhist teachings""",Mismatch / Not in Taxonomy
122,"""meditations""",Mismatch / Not in Taxonomy
122,"""breathing exercises""",Mismatch / Not in Taxonomy
122,"""audioguided meditations""",Mismatch / Not in Taxonomy
122,"""dhammapada text""",Mismatch / Not in Taxonomy
122,"""pali canon texts""",Mismatch / Not in Taxonomy
122,"""four noble truths""",Mismatch / Not in Taxonomy
122,"""parables from buddhism""",Mismatch / Not in Taxonomy
122,"""illustrated buddhist scriptures""",Mismatch / Not in Taxonomy
122,"""audio meditation collection: impermanence""]",Mismatch / Not in Taxonomy
123,"[""block spam calls""",Mismatch / Not in Taxonomy
123,"""block spam text messages""",Mismatch / Not in Taxonomy
123,"""use as default sms app""",Mismatch / Not in Taxonomy
123,"""mark unknown caller id as spam""",Mismatch / Not in Taxonomy
123,"""add unwanted callers to blocklist""",Mismatch / Not in Taxonomy
123,"""customize spam blocking level""",Mismatch / Not in Taxonomy
123,"""pause call blocking""",Mismatch / Not in Taxonomy
123,"""keep contacts in allow list""",Mismatch / Not in Taxonomy
123,"""view missed calls""",Mismatch / Not in Taxonomy
123,"""scan the web for personal info""",Mismatch / Not in Taxonomy
123,"""remove private info from public search sites""",Mismatch / Not in Taxonomy
123,"""monitor for new exposures of personal info""",Mismatch / Not in Taxonomy
123,"""screen phone calls in real time""",Mismatch / Not in Taxonomy
123,"""automatic answering service""",Mismatch / Not in Taxonomy
123,"""get transcriptions of caller responses""",Mismatch / Not in Taxonomy
123,"""send spammers to answer bots""",Mismatch / Not in Taxonomy
123,"""choose from various answer bots""",Mismatch / Not in Taxonomy
123,"""listen to blocked and recorded calls""",Mismatch / Not in Taxonomy
123,"""report specific numbers or unknown callers""",Mismatch / Not in Taxonomy
123,"""check scam activity in your state""",Mismatch / Not in Taxonomy
123,"""contact customer service 24/7""",Mismatch / Not in Taxonomy
123,"""automatic blocklist updates""]",Mismatch / Not in Taxonomy
124,"[""track progress with tilebased grid charts""",Mismatch / Not in Taxonomy
124,"""customize dashboard with colors",Valid (analytics)
124,icons,Mismatch / Not in Taxonomy
124,"and descriptions""",Mismatch / Not in Taxonomy
124,"""add habits with name",Mismatch / Not in Taxonomy
124,description,Mismatch / Not in Taxonomy
124,icon,Mismatch / Not in Taxonomy
124,"and color""",Mismatch / Not in Taxonomy
124,"""display habits on a grid chart""",Mismatch / Not in Taxonomy
124,"""set completion frequency for habits""",Mismatch / Not in Taxonomy
124,"""track streaks of habit completions""",Mismatch / Not in Taxonomy
124,"""add reminders for habit completions""",Valid (reminders)
124,"""manage past completions with a calendar""",Mismatch / Not in Taxonomy
124,"""archive habits""",Mismatch / Not in Taxonomy
124,"""import data from a file""",Mismatch / Not in Taxonomy
124,"""export data to a file""",Mismatch / Not in Taxonomy
124,"""no signin required""",Mismatch / Not in Taxonomy
124,"""data stored locally on the phone""",Mismatch / Not in Taxonomy
124,"""multiple completions per day""",Mismatch / Not in Taxonomy
124,"""choose between different themes""",Mismatch / Not in Taxonomy
124,"""toggle between dark and light mode""]",Mismatch / Not in Taxonomy
125,"[""track progress with tilebased grid charts""",Mismatch / Not in Taxonomy
125,"""customize dashboard with colors",Valid (analytics)
125,icons,Mismatch / Not in Taxonomy
125,"and descriptions""",Mismatch / Not in Taxonomy
125,"""add habits with name",Mismatch / Not in Taxonomy
125,description,Mismatch / Not in Taxonomy
125,icon,Mismatch / Not in Taxonomy
125,"and color""",Mismatch / Not in Taxonomy
125,"""display habits on a dashboard""",Valid (analytics)
125,"""track streaks for habit completion""",Mismatch / Not in Taxonomy
125,"""set reminders for habit completion""",Valid (reminders)
125,"""manage past completions with a calendar""",Mismatch / Not in Taxonomy
125,"""archive habits""",Mismatch / Not in Taxonomy
125,"""import data from a file""",Mismatch / Not in Taxonomy
125,"""export data to a file""",Mismatch / Not in Taxonomy
125,"""multiple completions per day""",Mismatch / Not in Taxonomy
125,"""choose between different themes""",Mismatch / Not in Taxonomy
125,"""toggle between dark and light mode""]",Mismatch / Not in Taxonomy
126,"[""blocks pornographic and adult websites""",Mismatch / Not in Taxonomy
126,"""blocks 50+ popular apps and games""",Mismatch / Not in Taxonomy
126,"""remote site blocking via web dashboard""",Valid (analytics)
126,"""view device's browsing history remotely""",Mismatch / Not in Taxonomy
126,"""mail alerts for blocked sites and screen blackout events""",Mismatch / Not in Taxonomy
126,"""view detailed browsing history stats""",Mismatch / Not in Taxonomy
126,"""builtin pin lock functionality""",Mismatch / Not in Taxonomy
126,"""prevent uninstalling or disabling the app with a pin code""",Mismatch / Not in Taxonomy
126,"""screen blackout feature with screenshot capture""",Mismatch / Not in Taxonomy
126,"""protection on wifi and cellular networks""",Mismatch / Not in Taxonomy
126,"""adfree experience""",Mismatch / Not in Taxonomy
126,"""low resource footprint""",Mismatch / Not in Taxonomy
126,"""uses android accessibilityservice api""",Mismatch / Not in Taxonomy
126,"""uses android vpnservice api for content filtering""]",Mismatch / Not in Taxonomy
127,"[""realtime monitoring""",Mismatch / Not in Taxonomy
127,"""sync app notification""",Valid (reminders)
127,"""screen time management""",Mismatch / Not in Taxonomy
127,"""app blocker""",Mismatch / Not in Taxonomy
127,"""gps location tracker""",Mismatch / Not in Taxonomy
127,"""location alert""",Mismatch / Not in Taxonomy
127,"""battery check""",Mismatch / Not in Taxonomy
127,"""content monitoring""",Mismatch / Not in Taxonomy
127,"""web filtering""",Mismatch / Not in Taxonomy
127,"""usage report""",Mismatch / Not in Taxonomy
127,"""geofencing""",Mismatch / Not in Taxonomy
127,"""screen mirroring""",Mismatch / Not in Taxonomy
127,"""calls and sms monitoring""",Mismatch / Not in Taxonomy
127,"""social content monitoring""",Mismatch / Not in Taxonomy
127,"""inappropriate image detection""",Mismatch / Not in Taxonomy
127,"""instant block""",Mismatch / Not in Taxonomy
127,"""schedule downtime""",Mismatch / Not in Taxonomy
127,"""app limits""",Mismatch / Not in Taxonomy
127,"""website limits""",Mismatch / Not in Taxonomy
127,"""route history tracking""]",Mismatch / Not in Taxonomy
128,"[""manage screen time on android and ios devices""",Mismatch / Not in Taxonomy
128,"""set time limits for screen usage""",Mismatch / Not in Taxonomy
128,"""use content blocker""",Mismatch / Not in Taxonomy
128,"""location tracking""",Mismatch / Not in Taxonomy
128,"""monitor screen time""",Mismatch / Not in Taxonomy
128,"""track app usage duration""",Mismatch / Not in Taxonomy
128,"""view visited websites""",Mismatch / Not in Taxonomy
128,"""monitor social media usage""",Mismatch / Not in Taxonomy
128,"""track youtube video views""",Mismatch / Not in Taxonomy
128,"""receive notifications for new app installations""",Valid (reminders)
128,"""receive daily usage summaries""",Mismatch / Not in Taxonomy
128,"""set specific daily time limits""",Mismatch / Not in Taxonomy
128,"""set schedules for device usage""",Mismatch / Not in Taxonomy
128,"""instantly pause device usage""",Mismatch / Not in Taxonomy
128,"""block app activity during bedtime""",Mismatch / Not in Taxonomy
128,"""block specific apps""",Mismatch / Not in Taxonomy
128,"""view web history""",Mismatch / Not in Taxonomy
128,"""block websites""",Mismatch / Not in Taxonomy
128,"""gps phone location tracking""",Mismatch / Not in Taxonomy
128,"""receive alerts for location changes""",Mismatch / Not in Taxonomy
128,"""receive daily email summaries""",Mismatch / Not in Taxonomy
128,"""set tasks and chores for additional screen time""",Mismatch / Not in Taxonomy
128,"""free play mode to override settings temporarily""",Mismatch / Not in Taxonomy
128,"""share app management with other adults""",Mismatch / Not in Taxonomy
128,"""support for up to 5 devices per account""",Mismatch / Not in Taxonomy
128,"""approve or reject new app downloads""",Mismatch / Not in Taxonomy
128,"""track daily app activity""",Mismatch / Not in Taxonomy
128,"""web filtering to block inappropriate sites""",Mismatch / Not in Taxonomy
128,"""realtime location tracking""",Mismatch / Not in Taxonomy
128,"""track child's route""",Mismatch / Not in Taxonomy
128,"""geofencing for location alerts""",Mismatch / Not in Taxonomy
128,"""prevent uninstallation of the app""",Mismatch / Not in Taxonomy
128,"""manage multiple devices from one account""]",Mismatch / Not in Taxonomy
129,"[""control screen time""",Mismatch / Not in Taxonomy
129,"""block apps and websites""",Mismatch / Not in Taxonomy
129,"""pause before opening apps""",Mismatch / Not in Taxonomy
129,"""limit time on distracting apps""",Mismatch / Not in Taxonomy
129,"""set usage goals""",Mismatch / Not in Taxonomy
129,"""define daily limits per app""",Mismatch / Not in Taxonomy
129,"""block access when usage goals are met""",Mismatch / Not in Taxonomy
129,"""customize settings by day and time""",Mismatch / Not in Taxonomy
129,"""mindful prompts before opening apps""",Mismatch / Not in Taxonomy
129,"""track time on distracting apps only""",Mismatch / Not in Taxonomy
129,"""use accessibility permissions to block websites""]",Mismatch / Not in Taxonomy
130,"[""customizable alarms""",Valid (reminders)
130,"""onetime alarms""",Valid (reminders)
130,"""weekly repeat alarms""",Valid (reminders)
130,"""specific date alarms""",Valid (reminders)
130,"""multiple alarm stopping methods (math",Valid (reminders)
130,captcha,Mismatch / Not in Taxonomy
130,shaking,Mismatch / Not in Taxonomy
130,"walking)""",Mismatch / Not in Taxonomy
130,"""wake to music (ringtone",Mismatch / Not in Taxonomy
130,music,Mismatch / Not in Taxonomy
130,song playlist,Mismatch / Not in Taxonomy
130,"online radio)""",Mismatch / Not in Taxonomy
130,"""17 free unique alarm sounds""",Valid (reminders)
130,"""mayday mode for backup alarm""",Valid (reminders)
130,"""voice command alarm setting with ok google""",Valid (reminders)
130,"""custom alarm label""",Valid (reminders)
130,"""alarm volume control""",Valid (reminders)
130,"""prevent lowering volume option""",Mismatch / Not in Taxonomy
130,"""volume crescendo feature""",Mismatch / Not in Taxonomy
130,"""speak time feature""",Mismatch / Not in Taxonomy
130,"""custom snooze options""",Valid (reminders)
130,"""custom dismiss options""",Mismatch / Not in Taxonomy
130,"""vibration option during alarm""",Valid (reminders)
130,"""current weather display on dismiss screen""",Mismatch / Not in Taxonomy
130,"""upcoming alarm notifications""",Valid (reminders)
130,"""delete alarm after dismissal option""",Valid (reminders)
130,"""copy",Mismatch / Not in Taxonomy
130,reset,Mismatch / Not in Taxonomy
130,"and preview alarm features""",Valid (reminders)
130,"""multifunctional use (alarm",Valid (reminders)
130,reminder,Valid (reminders)
130,stopwatch,Mismatch / Not in Taxonomy
130,countdown timers,Valid (timer)
130,world clocks,Mismatch / Not in Taxonomy
130,"screensaver)""",Mismatch / Not in Taxonomy
130,"""available in 22 languages""",Mismatch / Not in Taxonomy
130,"""adfree version purchase option""",Mismatch / Not in Taxonomy
130,"""anonymous analytics collection option""]",Valid (analytics)
131,"[""focus timer""",Mismatch / Not in Taxonomy
131,"""study timer""",Mismatch / Not in Taxonomy
131,"""gamified learning""",Mismatch / Not in Taxonomy
131,"""beat phone addiction""",Mismatch / Not in Taxonomy
131,"""concentration tracking""",Mismatch / Not in Taxonomy
131,"""collect raindrops""",Mismatch / Not in Taxonomy
131,"""grow plants""",Mismatch / Not in Taxonomy
131,"""turn plants into forest""",Mismatch / Not in Taxonomy
131,"""clean up trash in magical worlds""",Mismatch / Not in Taxonomy
131,"""track focused time""",Mismatch / Not in Taxonomy
131,"""gamified tasks and rewards""",Mismatch / Not in Taxonomy
131,"""social raindrop collection""",Mismatch / Not in Taxonomy
131,"""pomodoro mode""",Valid (pomodoro)
131,"""sync with google fit""",Mismatch / Not in Taxonomy
131,"""convert meditation time from other apps""]",Mismatch / Not in Taxonomy
132,"[""gamification elements""",Mismatch / Not in Taxonomy
132,"""focus booster""",Mismatch / Not in Taxonomy
132,"""challenges and rewards""",Mismatch / Not in Taxonomy
132,"""to do management""",Mismatch / Not in Taxonomy
132,"""resource collection""",Mismatch / Not in Taxonomy
132,"""hero training""",Mismatch / Not in Taxonomy
132,"""gear forging""",Mismatch / Not in Taxonomy
132,"""stages to battle through""",Mismatch / Not in Taxonomy
132,"""monster fighting""",Mismatch / Not in Taxonomy
132,"""task tracking""",Mismatch / Not in Taxonomy
132,"""gamified tasks""",Mismatch / Not in Taxonomy
132,"""meditation gamification""",Mismatch / Not in Taxonomy
132,"""pomodoro timer""",Valid (pomodoro)
132,"""data syncing with google fit""]",Mismatch / Not in Taxonomy
133,"[""countdown timer""",Valid (timer)
133,"""stopwatch""",Mismatch / Not in Taxonomy
133,"""pomodoro timer""",Valid (pomodoro)
133,"""records with pie chart and line chart""",Mismatch / Not in Taxonomy
133,"""strict mode to block access to other apps""",Mismatch / Not in Taxonomy
133,"""sync focus minutes to focus plant and focus quest""",Mismatch / Not in Taxonomy
133,"""meditation gamification""",Mismatch / Not in Taxonomy
133,"""sync data with google fit""]",Mismatch / Not in Taxonomy
134,"[""guided mindfulness sessions""",Mismatch / Not in Taxonomy
134,"""guided meditation sessions""",Mismatch / Not in Taxonomy
134,"""daily motivation content""",Mismatch / Not in Taxonomy
134,"""guided sleep sessions""",Mismatch / Not in Taxonomy
134,"""coaching by experts""",Mismatch / Not in Taxonomy
134,"""personalized sessions""",Mismatch / Not in Taxonomy
134,"""progress tracking with mindful minutes""",Mismatch / Not in Taxonomy
134,"""offline access with premium subscription""",Mismatch / Not in Taxonomy
134,"""onthego feature for quick anxiety relief""",Mismatch / Not in Taxonomy
134,"""streak tracking""",Mismatch / Not in Taxonomy
134,"""subscription options""]",Mismatch / Not in Taxonomy
135,"[""personalized habit tracking""",Mismatch / Not in Taxonomy
135,"""visualization with charts and diagrams""",Mismatch / Not in Taxonomy
135,"""tagging for habits""",Mismatch / Not in Taxonomy
135,"""performance reports""",Mismatch / Not in Taxonomy
135,"""sidebyside habit comparison""",Mismatch / Not in Taxonomy
135,"""analytics for uncovering patterns""",Valid (analytics)
135,"""flexible startofday feature""",Mismatch / Not in Taxonomy
135,"""wear os companion app""",Mismatch / Not in Taxonomy
135,"""multiple tiles for progress tracking on wear os""",Mismatch / Not in Taxonomy
135,"""unlimited habit tracking""]",Mismatch / Not in Taxonomy
136,"[""700+ lessons",Mismatch / Not in Taxonomy
136,"practices and meditations""",Mismatch / Not in Taxonomy
136,"""50+ curated collections""",Mismatch / Not in Taxonomy
136,"""beginner meditations through to programs for experienced practitioners""",Mismatch / Not in Taxonomy
136,"""meditations in indigenous australian languages (kriol",Mismatch / Not in Taxonomy
136,"ngaanyatjarra & pitjantjatjara)""",Mismatch / Not in Taxonomy
136,"""content and programs covering sleep",Mismatch / Not in Taxonomy
136,calm,Mismatch / Not in Taxonomy
136,relationships,Mismatch / Not in Taxonomy
136,stress,Mismatch / Not in Taxonomy
136,"mindful eating""",Mismatch / Not in Taxonomy
136,"""programs for kids and families including sleep",Mismatch / Not in Taxonomy
136,emotional skills development,Mismatch / Not in Taxonomy
136,"back to school""",Mismatch / Not in Taxonomy
136,"""develop mental fitness skills""",Mismatch / Not in Taxonomy
136,"""manage technology use""",Mismatch / Not in Taxonomy
136,"""track your mood with wellbeing checkins""",Mismatch / Not in Taxonomy
136,"""see your skill development progress with the mental fitness tracker""",Mismatch / Not in Taxonomy
136,"""download content to use offline""",Mismatch / Not in Taxonomy
136,"""build mental fitness habits with personalised routines""",Mismatch / Not in Taxonomy
136,"""dark mode to help you relax before sleep""]",Mismatch / Not in Taxonomy
137,"[""100",Mismatch / Not in Taxonomy
137,"000+ guided meditations""",Mismatch / Not in Taxonomy
137,"""select by time for short meditations""",Mismatch / Not in Taxonomy
137,"""thousands of music tracks and ambient sounds""",Mismatch / Not in Taxonomy
137,"""customizable meditation timer""",Mismatch / Not in Taxonomy
137,"""follow your favourite teachers""",Mismatch / Not in Taxonomy
137,"""thousands of discussion groups""",Mismatch / Not in Taxonomy
137,"""stats and milestones for tracking progress""",Mismatch / Not in Taxonomy
137,"""sleep music""",Mismatch / Not in Taxonomy
137,"""soundscapes""",Mismatch / Not in Taxonomy
137,"""bedtime tales""",Mismatch / Not in Taxonomy
137,"""sleep meditations""",Mismatch / Not in Taxonomy
137,"""sleep mode for all music""",Mismatch / Not in Taxonomy
137,"""meditation courses for sleep""",Mismatch / Not in Taxonomy
137,"""practice secular mindfulness""",Mismatch / Not in Taxonomy
137,"""practice yoga nidra""",Mismatch / Not in Taxonomy
137,"""practice mindful sleep""",Mismatch / Not in Taxonomy
137,"""practice buddhist mindfulness""",Mismatch / Not in Taxonomy
137,"""practice zen""",Mismatch / Not in Taxonomy
137,"""practice insight meditation""",Mismatch / Not in Taxonomy
137,"""practice vipassana""",Mismatch / Not in Taxonomy
137,"""practice mbsr""",Mismatch / Not in Taxonomy
137,"""practice walking meditation""",Mismatch / Not in Taxonomy
137,"""practice breathing meditation""",Mismatch / Not in Taxonomy
137,"""practice kundalini yoga""",Mismatch / Not in Taxonomy
137,"""practice metta""",Mismatch / Not in Taxonomy
137,"""practice advaita vedanta""",Mismatch / Not in Taxonomy
137,"""join groups for beginners meditation""",Mismatch / Not in Taxonomy
137,"""join groups for sleep meditation""",Mismatch / Not in Taxonomy
137,"""join groups for poetry""",Mismatch / Not in Taxonomy
137,"""join groups for atheism""",Mismatch / Not in Taxonomy
137,"""join groups for christianity""",Mismatch / Not in Taxonomy
137,"""join groups for hinduism""",Mismatch / Not in Taxonomy
137,"""join groups for transcendental meditation""",Mismatch / Not in Taxonomy
137,"""1",Mismatch / Not in Taxonomy
137,"000+ courses""",Mismatch / Not in Taxonomy
137,"""listen offline""",Mismatch / Not in Taxonomy
137,"""advanced player features""",Mismatch / Not in Taxonomy
137,"""highquality audio""]",Mismatch / Not in Taxonomy
138,"[""app blocker""",Mismatch / Not in Taxonomy
138,"""website blocker""",Valid (blocking)
138,"""screen time tracker""",Mismatch / Not in Taxonomy
138,"""app usage timer""",Mismatch / Not in Taxonomy
138,"""productivity reminders""",Valid (reminders)
138,"""donotdisturb timer""",Mismatch / Not in Taxonomy
138,"""customizable blocking schedules""",Mismatch / Not in Taxonomy
138,"""distraction blocker""",Mismatch / Not in Taxonomy
138,"""keywords blocking""",Mismatch / Not in Taxonomy
138,"""strict mode""",Mismatch / Not in Taxonomy
138,"""custom timers""",Mismatch / Not in Taxonomy
138,"""app usage tracker""",Mismatch / Not in Taxonomy
138,"""notifications blocker""",Valid (reminders)
138,"""usage statistics""",Mismatch / Not in Taxonomy
138,"""take a break feature""",Mismatch / Not in Taxonomy
138,"""operating modes""",Mismatch / Not in Taxonomy
138,"""blocking profiles""",Mismatch / Not in Taxonomy
138,"""screen time limits""",Mismatch / Not in Taxonomy
138,"""activity timeline""]",Mismatch / Not in Taxonomy
139,"[""habit tracker""",Mismatch / Not in Taxonomy
139,"""custom habits""",Mismatch / Not in Taxonomy
139,"""suggestions for habit ideas""",Mismatch / Not in Taxonomy
139,"""set daily",Mismatch / Not in Taxonomy
139,weekly,Mismatch / Not in Taxonomy
139,monthly,Mismatch / Not in Taxonomy
139,"or yearly goals""",Mismatch / Not in Taxonomy
139,"""multiple reminders per habit""",Valid (reminders)
139,"""log unlimited activity entries""",Mismatch / Not in Taxonomy
139,"""track streaks and statistics""",Mismatch / Not in Taxonomy
139,"""stopwatch timer""",Mismatch / Not in Taxonomy
139,"""countdown timer""",Valid (timer)
139,"""health sync with health connect""",Mismatch / Not in Taxonomy
139,"""bad habit tracker""",Mismatch / Not in Taxonomy
139,"""routine groups""",Mismatch / Not in Taxonomy
139,"""detailed notes for habits""",Mismatch / Not in Taxonomy
139,"""rich text editor for notes""",Mismatch / Not in Taxonomy
139,"""centralized view for habit activity and notes""",Mismatch / Not in Taxonomy
139,"""filtering journal entries by habit""",Mismatch / Not in Taxonomy
139,"""bookmarking notes""",Mismatch / Not in Taxonomy
139,"""onetime",Mismatch / Not in Taxonomy
139,daily,Valid (habit_tracking)
139,weekly,Mismatch / Not in Taxonomy
139,"or monthly reminders""",Valid (reminders)
139,"""unlimited reminders for each habit""",Valid (reminders)
139,"""calendar view""",Mismatch / Not in Taxonomy
139,"""dark mode""",Mismatch / Not in Taxonomy
139,"""customization options""",Mismatch / Not in Taxonomy
139,"""sync across devices""",Mismatch / Not in Taxonomy
139,"""inapp customer support""]",Mismatch / Not in Taxonomy
140,"[""habit tracker""",Mismatch / Not in Taxonomy
140,"""custom habits""",Mismatch / Not in Taxonomy
140,"""suggestions for habit ideas""",Mismatch / Not in Taxonomy
140,"""set daily",Mismatch / Not in Taxonomy
140,weekly,Mismatch / Not in Taxonomy
140,monthly,Mismatch / Not in Taxonomy
140,"or yearly goals""",Mismatch / Not in Taxonomy
140,"""multiple reminders per habit""",Valid (reminders)
140,"""log unlimited activity entries""",Mismatch / Not in Taxonomy
140,"""track streaks and statistics""",Mismatch / Not in Taxonomy
140,"""stopwatch timer""",Mismatch / Not in Taxonomy
140,"""countdown timer""",Valid (timer)
140,"""health sync with health connect""",Mismatch / Not in Taxonomy
140,"""bad habit tracker""",Mismatch / Not in Taxonomy
140,"""routine groups""",Mismatch / Not in Taxonomy
140,"""detailed notes for habits""",Mismatch / Not in Taxonomy
140,"""rich text editor for notes""",Mismatch / Not in Taxonomy
140,"""centralized view for habit activity and notes""",Mismatch / Not in Taxonomy
140,"""filtering journal entries by habit""",Mismatch / Not in Taxonomy
140,"""bookmarking notes""",Mismatch / Not in Taxonomy
140,"""onetime",Mismatch / Not in Taxonomy
140,daily,Valid (habit_tracking)
140,weekly,Mismatch / Not in Taxonomy
140,"or monthly reminders""",Valid (reminders)
140,"""unlimited reminders for each habit""",Valid (reminders)
140,"""calendar view""",Mismatch / Not in Taxonomy
140,"""dark mode""",Mismatch / Not in Taxonomy
140,"""customization options""",Mismatch / Not in Taxonomy
140,"""sync across devices""",Mismatch / Not in Taxonomy
140,"""inapp customer support""]",Mismatch / Not in Taxonomy
141,"[""guided meditations""",Mismatch / Not in Taxonomy
141,"""breathing exercises""",Mismatch / Not in Taxonomy
141,"""gratitude techniques""",Mismatch / Not in Taxonomy
141,"""mindfulness practices""",Mismatch / Not in Taxonomy
141,"""positive psychology""",Mismatch / Not in Taxonomy
141,"""no ads""",Mismatch / Not in Taxonomy
141,"""no sign ups""",Mismatch / Not in Taxonomy
141,"""simple design""",Mismatch / Not in Taxonomy
141,"""short meditation tracks""",Mismatch / Not in Taxonomy
141,"""game design elements for motivation""",Mismatch / Not in Taxonomy
141,"""reward system with calming trees""",Mismatch / Not in Taxonomy
141,"""selfreflection tools""",Mismatch / Not in Taxonomy
141,"""journals""",Mismatch / Not in Taxonomy
141,"""meditation courses""",Mismatch / Not in Taxonomy
141,"""work and productivity meditation""",Mismatch / Not in Taxonomy
141,"""focus and body scan meditations""",Mismatch / Not in Taxonomy
141,"""daily bitesized insights""",Valid (analytics)
141,"""21 day guided meditation journey""",Mismatch / Not in Taxonomy
141,"""gradually increasing meditation duration""",Mismatch / Not in Taxonomy
141,"""types of meditations: gratitude",Mismatch / Not in Taxonomy
141,breath focus,Mismatch / Not in Taxonomy
141,noting,Mismatch / Not in Taxonomy
141,mindfulness meditation,Mismatch / Not in Taxonomy
141,visualisations,Mismatch / Not in Taxonomy
141,healing light,Mismatch / Not in Taxonomy
141,meta,Mismatch / Not in Taxonomy
141,"body scan""]",Mismatch / Not in Taxonomy
142,"[""focus timer""",Mismatch / Not in Taxonomy
142,"""pause functionality""",Mismatch / Not in Taxonomy
142,"""motivational advice""",Mismatch / Not in Taxonomy
142,"""coin earning system""",Mismatch / Not in Taxonomy
142,"""inapp store for items and music""",Mismatch / Not in Taxonomy
142,"""to do list""",Mismatch / Not in Taxonomy
142,"""flashcards""",Mismatch / Not in Taxonomy
142,"""customizable study tracker""",Mismatch / Not in Taxonomy
142,"""tutorial""",Mismatch / Not in Taxonomy
142,"""faq section""]",Mismatch / Not in Taxonomy
143,"[""focus timer""",Mismatch / Not in Taxonomy
143,"""pause functionality for motivational advice""",Mismatch / Not in Taxonomy
143,"""coin earning system""",Mismatch / Not in Taxonomy
143,"""inapp store for items or music""",Mismatch / Not in Taxonomy
143,"""to do list""",Mismatch / Not in Taxonomy
143,"""flashcards""",Mismatch / Not in Taxonomy
143,"""customizable study tracker""",Mismatch / Not in Taxonomy
143,"""tutorial available""",Mismatch / Not in Taxonomy
143,"""faq section""]",Mismatch / Not in Taxonomy
144,"[""pomodoro timer""",Valid (pomodoro)
144,"""task management""",Mismatch / Not in Taxonomy
144,"""to do list""",Mismatch / Not in Taxonomy
144,"""task organizer""",Mismatch / Not in Taxonomy
144,"""schedule planner""",Mismatch / Not in Taxonomy
144,"""reminder""",Valid (reminders)
144,"""habit tracker""",Mismatch / Not in Taxonomy
144,"""time tracker""",Mismatch / Not in Taxonomy
144,"""recurring tasks""",Mismatch / Not in Taxonomy
144,"""subtasks""",Mismatch / Not in Taxonomy
144,"""task priority""",Mismatch / Not in Taxonomy
144,"""estimated pomodoro number""",Valid (pomodoro)
144,"""detailed statistics of time distribution""",Mismatch / Not in Taxonomy
144,"""gantt chart of focus time""",Mismatch / Not in Taxonomy
144,"""allplatform synchronization""",Mismatch / Not in Taxonomy
144,"""app whitelist""",Mismatch / Not in Taxonomy
144,"""focus timer finished alarm""",Valid (reminders)
144,"""vibration reminding""",Mismatch / Not in Taxonomy
144,"""various white noise""",Mismatch / Not in Taxonomy
144,"""wear os support""",Mismatch / Not in Taxonomy
144,"""daily/weekly/monthly report""",Mismatch / Not in Taxonomy
144,"""prevention of screen lock""",Mismatch / Not in Taxonomy
144,"""checklist widget""]",Mismatch / Not in Taxonomy
145,"[""assign points to habits and tasks""",Mismatch / Not in Taxonomy
145,"""create and modify rewards""",Mismatch / Not in Taxonomy
145,"""create and customize challenges""",Mismatch / Not in Taxonomy
145,"""deduct points from tasks to break bad habits""",Mismatch / Not in Taxonomy
145,"""schedule repeating tasks""",Mismatch / Not in Taxonomy
145,"""set reminders for habits""",Valid (reminders)
145,"""add comments to habits""",Mismatch / Not in Taxonomy
145,"""track progress with customizable widgets""",Mismatch / Not in Taxonomy
145,"""access templates for habits and rewards""",Mismatch / Not in Taxonomy
145,"""view charts and stats for progress""",Mismatch / Not in Taxonomy
145,"""create unlimited habits and tasks""",Mismatch / Not in Taxonomy
145,"""create unlimited rewards""]",Mismatch / Not in Taxonomy
146,"[""block chosen apps""",Mismatch / Not in Taxonomy
146,"""allow chosen apps""",Mismatch / Not in Taxonomy
146,"""allow lockscreen only""",Mismatch / Not in Taxonomy
146,"""block chosen websites""",Mismatch / Not in Taxonomy
146,"""schedule regular lockouts""",Mismatch / Not in Taxonomy
146,"""trigger lockouts automatically based on app usage""",Mismatch / Not in Taxonomy
146,"""trigger lockouts at chosen locations""",Mismatch / Not in Taxonomy
146,"""hide notifications from blocked apps""",Valid (reminders)
146,"""turn on do not disturb (dnd)""",Mismatch / Not in Taxonomy
146,"""silence ringer""",Mismatch / Not in Taxonomy
146,"""blocks split screen""",Mismatch / Not in Taxonomy
146,"""blocks pictureinpicture""",Mismatch / Not in Taxonomy
146,"""blocks samsung's popup views""",Mismatch / Not in Taxonomy
146,"""password protection for entry""",Mismatch / Not in Taxonomy
146,"""password protection for uninstall""",Mismatch / Not in Taxonomy
146,"""password protection for tampering""",Mismatch / Not in Taxonomy
146,"""temporary emergency access""",Mismatch / Not in Taxonomy
146,"""view usage statistics""",Mismatch / Not in Taxonomy
146,"""usage warning notifications""",Valid (reminders)
146,"""no ads""",Mismatch / Not in Taxonomy
146,"""unlock periodically with regular breaks""",Mismatch / Not in Taxonomy
146,"""pause lockout on demand""",Mismatch / Not in Taxonomy
146,"""pause lockout automatically on a regular basis""",Mismatch / Not in Taxonomy
146,"""pause lockout relative to wall clock time""",Mismatch / Not in Taxonomy
146,"""end lockouts early with password""",Mismatch / Not in Taxonomy
146,"""end lockouts early with payment""",Mismatch / Not in Taxonomy
146,"""lock based on chosen locations""",Mismatch / Not in Taxonomy
146,"""hide notifications issued by blocked apps""",Valid (reminders)
146,"""pause background audio playback from blocked apps""",Mismatch / Not in Taxonomy
146,"""prevent uninstallation and tampering""]",Mismatch / Not in Taxonomy
147,"[""sober day tracker""",Mismatch / Not in Taxonomy
147,"""remember reasons for quitting""",Mismatch / Not in Taxonomy
147,"""daily pledge tracker""",Mismatch / Not in Taxonomy
147,"""sobriety calculator""",Mismatch / Not in Taxonomy
147,"""analyze triggers""",Mismatch / Not in Taxonomy
147,"""share recovery story""",Mismatch / Not in Taxonomy
147,"""milestone tracker""",Mismatch / Not in Taxonomy
147,"""withdrawal timeline""",Mismatch / Not in Taxonomy
147,"""customize user experience""",Mismatch / Not in Taxonomy
147,"""create a group""",Mismatch / Not in Taxonomy
147,"""locked access for privacy""",Mismatch / Not in Taxonomy
147,"""data backups""",Mismatch / Not in Taxonomy
147,"""sobriety counter for all addictions""]",Mismatch / Not in Taxonomy
148,"[""stepbystep guided meditation path""",Mismatch / Not in Taxonomy
148,"""daily guided meditations""",Mismatch / Not in Taxonomy
148,"""meditation talks""",Mismatch / Not in Taxonomy
148,"""access to teachings from an authorized zen master""",Mismatch / Not in Taxonomy
148,"""exploration of zen koans""",Mismatch / Not in Taxonomy
148,"""nondual awareness techniques""",Mismatch / Not in Taxonomy
148,"""mindfulness practices""",Mismatch / Not in Taxonomy
148,"""jhana practice""",Mismatch / Not in Taxonomy
148,"""sanbo zen teaching""",Mismatch / Not in Taxonomy
148,"""calming the nervous system""",Mismatch / Not in Taxonomy
148,"""stress reduction techniques""",Mismatch / Not in Taxonomy
148,"""trauma release practices""",Mismatch / Not in Taxonomy
148,"""mental health prioritization""",Mismatch / Not in Taxonomy
148,"""relaxation mode activation""",Mismatch / Not in Taxonomy
148,"""support and gratitude exploration""",Mismatch / Not in Taxonomy
148,"""flow and absorption states during meditation""",Mismatch / Not in Taxonomy
148,"""insights into nonduality""",Valid (analytics)
148,"""understanding of true nature of reality""",Mismatch / Not in Taxonomy
148,"""subscription management through apple account""",Mismatch / Not in Taxonomy
148,"""scholarship program for free subscription""]",Mismatch / Not in Taxonomy
149,"[""meditation music focused on third eye opening""",Mismatch / Not in Taxonomy
149,"""pineal gland stimulation using brainwave entrainment music""",Mismatch / Not in Taxonomy
149,"""isochronic modulation for brainwave entrainment""",Mismatch / Not in Taxonomy
149,"""daily pinealwave meditation""",Mismatch / Not in Taxonomy
149,"""7 chakra meditations audio""",Mismatch / Not in Taxonomy
149,"""root chakra meditation""",Mismatch / Not in Taxonomy
149,"""sacral chakra meditation""",Mismatch / Not in Taxonomy
149,"""solar plexus chakra meditation""",Mismatch / Not in Taxonomy
149,"""heart chakra meditation""",Mismatch / Not in Taxonomy
149,"""throat chakra meditation""",Mismatch / Not in Taxonomy
149,"""third eye chakra meditation""",Mismatch / Not in Taxonomy
149,"""crown chakra meditation""",Mismatch / Not in Taxonomy
149,"""7 chakra meditation""",Mismatch / Not in Taxonomy
149,"""chakra meditation collection""",Mismatch / Not in Taxonomy
149,"""chakra meditation handbook""",Mismatch / Not in Taxonomy
149,"""delta brainwave stimulation""",Mismatch / Not in Taxonomy
149,"""theta brainwave stimulation""",Mismatch / Not in Taxonomy
149,"""alpha brainwave stimulation""",Mismatch / Not in Taxonomy
149,"""beta brainwave stimulation""",Mismatch / Not in Taxonomy
149,"""gamma brainwave stimulation""]",Mismatch / Not in Taxonomy
150,"[""todo list management""",Mismatch / Not in Taxonomy
150,"""scheduling""",Mismatch / Not in Taxonomy
150,"""reminders""",Valid (reminders)
150,"""pomodoro timer""",Valid (pomodoro)
150,"""habit tracking""",Mismatch / Not in Taxonomy
150,"""task collaboration""",Mismatch / Not in Taxonomy
150,"""voice input for tasks and notes""",Mismatch / Not in Taxonomy
150,"""smart date parsing""",Mismatch / Not in Taxonomy
150,"""multiple alerts for tasks""",Mismatch / Not in Taxonomy
150,"""calendar integration""",Mismatch / Not in Taxonomy
150,"""widget for home screen""",Mismatch / Not in Taxonomy
150,"""recurring tasks""",Mismatch / Not in Taxonomy
150,"""task sharing""",Mismatch / Not in Taxonomy
150,"""theme customization""",Mismatch / Not in Taxonomy
150,"""filtering tasks""",Mismatch / Not in Taxonomy
150,"""keyboard shortcuts""",Mismatch / Not in Taxonomy
150,"""statistics tracking""",Mismatch / Not in Taxonomy
150,"""realtime sync across devices""",Mismatch / Not in Taxonomy
150,"""eisenhower matrix for prioritization""",Mismatch / Not in Taxonomy
150,"""various calendar views (monthly",Mismatch / Not in Taxonomy
150,weekly,Mismatch / Not in Taxonomy
150,daily,Valid (habit_tracking)
150,"agenda)""]",Mismatch / Not in Taxonomy
151,"[""create up to 3 timers""",Mismatch / Not in Taxonomy
151,"""run multiple timers at once""",Mismatch / Not in Taxonomy
151,"""use the original 60minute red disk or choose any duration""",Mismatch / Not in Taxonomy
151,"""adjust sound",Mismatch / Not in Taxonomy
151,vibration,Mismatch / Not in Taxonomy
151,"and color""",Mismatch / Not in Taxonomy
151,"""unlimited customization""",Mismatch / Not in Taxonomy
151,"""build routines with timer sequencing""",Mismatch / Not in Taxonomy
151,"""organize timers with groups""",Mismatch / Not in Taxonomy
151,"""sync across mobile and desktop devices""",Mismatch / Not in Taxonomy
151,"""quick set +/buttons for fast adjustments""",Mismatch / Not in Taxonomy
151,"""customize disk size and detail level""]",Mismatch / Not in Taxonomy
152,"[""add daily tasks""",Mismatch / Not in Taxonomy
152,"""set reminders""",Valid (reminders)
152,"""multiple views (calendar",Mismatch / Not in Taxonomy
152,list,Mismatch / Not in Taxonomy
152,"board)""",Mismatch / Not in Taxonomy
152,"""filter activity by work and personal life""",Mismatch / Not in Taxonomy
152,"""share notes""",Mismatch / Not in Taxonomy
152,"""collaborate on projects""",Mismatch / Not in Taxonomy
152,"""assign tasks to others""",Mismatch / Not in Taxonomy
152,"""add deadlines",Mismatch / Not in Taxonomy
152,notes,Mismatch / Not in Taxonomy
152,"and files to tasks""",Mismatch / Not in Taxonomy
152,"""use templates for various planning needs""",Mismatch / Not in Taxonomy
152,"""capture tasks using natural language""",Mismatch / Not in Taxonomy
152,"""sort tasks into today",Mismatch / Not in Taxonomy
152,upcoming,Mismatch / Not in Taxonomy
152,"or custom filters""",Mismatch / Not in Taxonomy
152,"""schedule due dates""",Mismatch / Not in Taxonomy
152,"""set recurring tasks""",Mismatch / Not in Taxonomy
152,"""sync across devices (phone",Mismatch / Not in Taxonomy
152,tablet,Mismatch / Not in Taxonomy
152,desktop,Mismatch / Not in Taxonomy
152,"wear os)""",Mismatch / Not in Taxonomy
152,"""locationbased reminders""",Valid (reminders)
152,"""task list widget""",Mismatch / Not in Taxonomy
152,"""productivity widget""",Mismatch / Not in Taxonomy
152,"""quick add tile""",Mismatch / Not in Taxonomy
152,"""notifications""",Valid (reminders)
152,"""integrate with calendar and other tools (outlook",Mismatch / Not in Taxonomy
152,gmail,Mismatch / Not in Taxonomy
152,"slack)""",Mismatch / Not in Taxonomy
152,"""access to 50+ templates for various tasks""",Mismatch / Not in Taxonomy
152,"""visualize week in calendar view""]",Mismatch / Not in Taxonomy
153,"[""block websites""",Mismatch / Not in Taxonomy
153,"""block apps""",Mismatch / Not in Taxonomy
153,"""adult site blocker""",Mismatch / Not in Taxonomy
153,"""porn blocker""",Mismatch / Not in Taxonomy
153,"""custom block screen""",Mismatch / Not in Taxonomy
153,"""password protection""",Mismatch / Not in Taxonomy
153,"""uninstall protection""",Mismatch / Not in Taxonomy
153,"""scheduling""",Mismatch / Not in Taxonomy
153,"""safe search""",Mismatch / Not in Taxonomy
153,"""multiple language support""",Mismatch / Not in Taxonomy
153,"""accessibility services for blocking""]",Mismatch / Not in Taxonomy
154,"[""block adult sites""",Mismatch / Not in Taxonomy
154,"""block distracting apps""",Mismatch / Not in Taxonomy
154,"""custom block screen""",Mismatch / Not in Taxonomy
154,"""password protection""",Mismatch / Not in Taxonomy
154,"""uninstall protection""",Mismatch / Not in Taxonomy
154,"""scheduling""",Mismatch / Not in Taxonomy
154,"""safe search""",Mismatch / Not in Taxonomy
154,"""block list management""",Mismatch / Not in Taxonomy
154,"""focus mode""",Valid (focus_mode)
154,"""insights on browsing trends""",Valid (analytics)
154,"""sync across multiple platforms""",Mismatch / Not in Taxonomy
154,"""block by category""",Mismatch / Not in Taxonomy
154,"""block by keyword""",Mismatch / Not in Taxonomy
154,"""site redirect""",Mismatch / Not in Taxonomy
154,"""custom block page""",Mismatch / Not in Taxonomy
154,"""uninstall prevention""",Mismatch / Not in Taxonomy
154,"""multiple language support""]",Mismatch / Not in Taxonomy
155,"[""live activity: see your timer progress when your phone is locked""",Mismatch / Not in Taxonomy
155,"""deep focus mode: lock distracting apps during your focus sessions""",Valid (focus_mode)
155,"""break timers: decorate on your breaks",Mismatch / Not in Taxonomy
155,"using the pomodoro method""",Valid (pomodoro)
155,"""hundreds of decorations: decorate your room in different fun themes""",Mismatch / Not in Taxonomy
155,"""bean skins: customize your focus friend with different bean types""]",Mismatch / Not in Taxonomy
156,"[""block apps""",Mismatch / Not in Taxonomy
156,"""create custom schedules for app blocking""",Mismatch / Not in Taxonomy
156,"""whitelist contacts for notifications""",Valid (reminders)
156,"""use distraction barriers to access blocked apps""",Mismatch / Not in Taxonomy
156,"""track screen time and progress""",Mismatch / Not in Taxonomy
156,"""use unpluq tag for unlocking apps""",Mismatch / Not in Taxonomy
156,"""select different types of distraction barriers""",Mismatch / Not in Taxonomy
156,"""set unlimited app blocking""",Mismatch / Not in Taxonomy
156,"""set unlimited schedules""",Mismatch / Not in Taxonomy
156,"""pair unpluq tag with the app""]",Mismatch / Not in Taxonomy
157,"[""limited access to your phone during the challenge""",Mismatch / Not in Taxonomy
157,"""multiple difficulty levels with builtin accountability""",Mismatch / Not in Taxonomy
157,"""scheduling and whitelisting capabilities""",Mismatch / Not in Taxonomy
157,"""achievements and leader board at play games""",Mismatch / Not in Taxonomy
157,"""automation to start detox automatically from tasker or similar""",Mismatch / Not in Taxonomy
157,"""accessibility service to block addictive and distracting apps""",Mismatch / Not in Taxonomy
157,"""device administrator permission to prevent cheating""]",Mismatch / Not in Taxonomy
158,"[""add unwanted numbers to blacklist""",Mismatch / Not in Taxonomy
158,"""block calls from private",Mismatch / Not in Taxonomy
158,unknown,Mismatch / Not in Taxonomy
158,"or all numbers""",Mismatch / Not in Taxonomy
158,"""onetap toggle to turn blocking on/off""",Mismatch / Not in Taxonomy
158,"""schedule blocking time""",Mismatch / Not in Taxonomy
158,"""protect app access with a password""",Mismatch / Not in Taxonomy
158,"""add numbers to whitelist""",Mismatch / Not in Taxonomy
158,"""keep a record of blocked calls in log""",Mismatch / Not in Taxonomy
158,"""block numbers based on 'number begins with' option""",Mismatch / Not in Taxonomy
158,"""block numbers based on 'number contains' option""]",Mismatch / Not in Taxonomy
159,"[""block shorts and reels""",Mismatch / Not in Taxonomy
159,"""block entire applications""",Mismatch / Not in Taxonomy
159,"""hold down a button to unlock apps""",Mismatch / Not in Taxonomy
159,"""set customizable unlock duration""",Mismatch / Not in Taxonomy
159,"""block specific distracting features within apps""",Mismatch / Not in Taxonomy
159,"""onetime setup for background operation""",Mismatch / Not in Taxonomy
159,"""enhanced habit reinforcement features""",Mismatch / Not in Taxonomy
159,"""disable shortform content""",Mismatch / Not in Taxonomy
159,"""hide distractions behind an unlockable digital wall""",Mismatch / Not in Taxonomy
159,"""customize app settings to match user routine""]",Mismatch / Not in Taxonomy
160,"[""pomodoro timer""",Valid (pomodoro)
160,"""track work habits""",Mismatch / Not in Taxonomy
160,"""earn/lose ranks based on performance""",Mismatch / Not in Taxonomy
160,"""earn achievements""",Mismatch / Not in Taxonomy
160,"""track productivity over time""",Mismatch / Not in Taxonomy
160,"""track time spent on projects""",Mismatch / Not in Taxonomy
160,"""set minimum work session length of 10 minutes""",Mismatch / Not in Taxonomy
160,"""no pause feature for work sessions""",Mismatch / Not in Taxonomy
160,"""no recognition of weekends or holidays""]",Mismatch / Not in Taxonomy
161,"[""screen time control""",Mismatch / Not in Taxonomy
161,"""location tracking""",Mismatch / Not in Taxonomy
161,"""calls and messages monitoring""",Mismatch / Not in Taxonomy
161,"""app blocker""",Mismatch / Not in Taxonomy
161,"""sensitive content monitoring""",Mismatch / Not in Taxonomy
161,"""sensitive words detection""",Mismatch / Not in Taxonomy
161,"""sensitive picture detection""",Mismatch / Not in Taxonomy
161,"""remote screen capture""",Mismatch / Not in Taxonomy
161,"""oneway audio""",Mismatch / Not in Taxonomy
161,"""panic button""",Mismatch / Not in Taxonomy
161,"""activity report""",Mismatch / Not in Taxonomy
161,"""web filtering""",Mismatch / Not in Taxonomy
161,"""youtube parental control""",Valid (parental_control)
161,"""tiktok history tracking""",Mismatch / Not in Taxonomy
161,"""social app detection""]",Mismatch / Not in Taxonomy
162,"[""block apps and websites at specific times during the week""",Mismatch / Not in Taxonomy
162,"""view phone usage""",Mismatch / Not in Taxonomy
162,"""limit app and website usage""",Mismatch / Not in Taxonomy
162,"""set hourly or daily usage limits""",Mismatch / Not in Taxonomy
162,"""get weekly usage reports""",Mismatch / Not in Taxonomy
162,"""create a custom time schedule for blocking apps""",Mismatch / Not in Taxonomy
162,"""temporarily activate blocks for a specific duration""",Mismatch / Not in Taxonomy
162,"""analyze phone usage over different time periods""",Mismatch / Not in Taxonomy
162,"""configure hourly/daily usage limits for specific apps""",Mismatch / Not in Taxonomy
162,"""receive an overview of app usage at the start of each week""",Mismatch / Not in Taxonomy
162,"""configure strictness of app blocking""",Mismatch / Not in Taxonomy
162,"""prevent pausing or editing active restrictions in strict mode""",Mismatch / Not in Taxonomy
162,"""use device administrator permission to prevent force closing or uninstalling""",Mismatch / Not in Taxonomy
162,"""place widgets on home screen to start a block""",Mismatch / Not in Taxonomy
162,"""tasker support for automating block starting""",Mismatch / Not in Taxonomy
162,"""use accessibility service to detect and block app and website usage""]",Mismatch / Not in Taxonomy
163,"[""collaboration in realtime""",Mismatch / Not in Taxonomy
163,"""note sharing via link""",Mismatch / Not in Taxonomy
163,"""sync across platforms (ios",Mismatch / Not in Taxonomy
163,android,Mismatch / Not in Taxonomy
163,"web)""",Mismatch / Not in Taxonomy
163,"""offline note access""",Mismatch / Not in Taxonomy
163,"""scribble to erase""",Mismatch / Not in Taxonomy
163,"""hold to draw""",Mismatch / Not in Taxonomy
163,"""image background removal""",Mismatch / Not in Taxonomy
163,"""customizable tables""",Mismatch / Not in Taxonomy
163,"""document scanning""",Mismatch / Not in Taxonomy
163,"""ruler and protractor tools""",Mismatch / Not in Taxonomy
163,"""handwriting recognition""",Mismatch / Not in Taxonomy
163,"""import and export files""",Mismatch / Not in Taxonomy
163,"""organizational tools (folders",Mismatch / Not in Taxonomy
163,tags,Mismatch / Not in Taxonomy
163,"search)""",Mismatch / Not in Taxonomy
163,"""multiple pen styles and color options""]",Mismatch / Not in Taxonomy
164,"[""block apps""",Mismatch / Not in Taxonomy
164,"""block websites""",Mismatch / Not in Taxonomy
164,"""block ads""",Mismatch / Not in Taxonomy
164,"""schedule blocking""",Mismatch / Not in Taxonomy
164,"""adult website blocker""",Valid (blocking)
164,"""social media blocking""",Mismatch / Not in Taxonomy
164,"""uninstall protection""",Mismatch / Not in Taxonomy
164,"""multiple language support""",Mismatch / Not in Taxonomy
164,"""pause notifications""]",Valid (reminders)
165,"[""block apps""",Mismatch / Not in Taxonomy
165,"""block websites""",Mismatch / Not in Taxonomy
165,"""block social media""",Mismatch / Not in Taxonomy
165,"""monitor app screen time usage""",Mismatch / Not in Taxonomy
165,"""restrict access to websites""",Mismatch / Not in Taxonomy
165,"""customizable blocking schedules""",Mismatch / Not in Taxonomy
165,"""enforce focus during work or study hours""",Mismatch / Not in Taxonomy
165,"""strict mode to prevent bypassing restrictions""",Mismatch / Not in Taxonomy
165,"""schedule study sessions""",Mismatch / Not in Taxonomy
165,"""manage downtime""",Mismatch / Not in Taxonomy
165,"""access educational resources without distractions""",Mismatch / Not in Taxonomy
165,"""create a personalized learning environment""",Mismatch / Not in Taxonomy
165,"""use accessibility services for content blocking""]",Mismatch / Not in Taxonomy
166,"[""daily routine planner""",Valid (habit_tracking)
166,"""habit tracker""",Mismatch / Not in Taxonomy
166,"""mood tracker""",Mismatch / Not in Taxonomy
166,"""progress tracker""",Mismatch / Not in Taxonomy
166,"""todo list""",Mismatch / Not in Taxonomy
166,"""customizable daily and morning routines""",Mismatch / Not in Taxonomy
166,"""friendly reminders for tasks""",Valid (reminders)
166,"""evidencebased selfcare information""",Mismatch / Not in Taxonomy
166,"""professional planning template""",Mismatch / Not in Taxonomy
166,"""daily habit tracking""",Mismatch / Not in Taxonomy
166,"""mbti test for personalized routines""",Mismatch / Not in Taxonomy
166,"""selfcare schedule creation""]",Mismatch / Not in Taxonomy
167,"[""daily routine planner""",Valid (habit_tracking)
167,"""habit tracker""",Mismatch / Not in Taxonomy
167,"""mood tracker""",Mismatch / Not in Taxonomy
167,"""progress tracker""",Mismatch / Not in Taxonomy
167,"""todo list""",Mismatch / Not in Taxonomy
167,"""customizable daily and morning routines""",Mismatch / Not in Taxonomy
167,"""friendly reminders for tasks""",Valid (reminders)
167,"""evidencebased selfcare information""",Mismatch / Not in Taxonomy
167,"""professional planning template""",Mismatch / Not in Taxonomy
167,"""daily habit tracker""",Mismatch / Not in Taxonomy
167,"""mbti test for personalized routines""]",Mismatch / Not in Taxonomy
168,"[""restrict apps' access to the internet""",Mismatch / Not in Taxonomy
168,"""allow or deny access to wifi and mobile connection per application""",Mismatch / Not in Taxonomy
168,"""no root required""",Mismatch / Not in Taxonomy
168,"""100% open source""",Mismatch / Not in Taxonomy
168,"""no calling home""",Mismatch / Not in Taxonomy
168,"""no tracking or analytics""",Valid (analytics)
168,"""no advertisements""",Mismatch / Not in Taxonomy
168,"""actively developed and supported""",Mismatch / Not in Taxonomy
168,"""supports android 5.1 and later""",Mismatch / Not in Taxonomy
168,"""supports ipv4/ipv6 tcp/udp""",Mismatch / Not in Taxonomy
168,"""supports tethering""",Mismatch / Not in Taxonomy
168,"""multiple device users supported""",Mismatch / Not in Taxonomy
168,"""optionally allow access when screen is on""",Mismatch / Not in Taxonomy
168,"""optionally block access when roaming""",Mismatch / Not in Taxonomy
168,"""optionally block system applications""",Mismatch / Not in Taxonomy
168,"""optionally notify when an application accesses the internet""",Mismatch / Not in Taxonomy
168,"""optionally record network usage per application per address""",Mismatch / Not in Taxonomy
168,"""material design theme with light and dark theme""",Mismatch / Not in Taxonomy
168,"""log all outgoing traffic""",Mismatch / Not in Taxonomy
168,"""search and filter access attempts""",Mismatch / Not in Taxonomy
168,"""export pcap files""",Mismatch / Not in Taxonomy
168,"""allow/block individual addresses per application""",Mismatch / Not in Taxonomy
168,"""new application notifications""",Valid (reminders)
168,"""configure netguard from notifications""",Valid (reminders)
168,"""display network speed graph in status bar notification""",Valid (reminders)
168,"""select from five additional themes in light and dark versions""]",Mismatch / Not in Taxonomy
169,"[""set focus timer""",Mismatch / Not in Taxonomy
169,"""block distractions""",Mismatch / Not in Taxonomy
169,"""earn items""",Mismatch / Not in Taxonomy
169,"""build digital garden""",Mismatch / Not in Taxonomy
169,"""invite friends""",Mismatch / Not in Taxonomy
169,"""participate in challenges""",Mismatch / Not in Taxonomy
169,"""join shared gardens""",Mismatch / Not in Taxonomy
169,"""compete with other communities""",Mismatch / Not in Taxonomy
169,"""buy & sell items on marketplaces""]",Mismatch / Not in Taxonomy
170,"[""customizable daily habits""",Mismatch / Not in Taxonomy
170,"""preset library of popular habits""",Mismatch / Not in Taxonomy
170,"""30day challenge with habitbuilding method""",Mismatch / Not in Taxonomy
170,"""builtin timer""",Mismatch / Not in Taxonomy
170,"""white noise feature""",Mismatch / Not in Taxonomy
170,"""smart reminders""",Valid (reminders)
170,"""detailed statistics""",Mismatch / Not in Taxonomy
170,"""achievement medals""",Mismatch / Not in Taxonomy
170,"""multitype todo list""",Mismatch / Not in Taxonomy
170,"""monthly and annual habit planning""",Mismatch / Not in Taxonomy
170,"""onetime todo list management""",Mismatch / Not in Taxonomy
170,"""home workouts without equipment""",Mismatch / Not in Taxonomy
170,"""daily workout routines for muscle groups""",Mismatch / Not in Taxonomy
170,"""step counter""",Mismatch / Not in Taxonomy
170,"""calorie tracking""",Mismatch / Not in Taxonomy
170,"""walking distance tracking""",Mismatch / Not in Taxonomy
170,"""time tracking""",Mismatch / Not in Taxonomy
170,"""batterysaving pedometer""",Mismatch / Not in Taxonomy
170,"""intermittent fasting tracking""",Mismatch / Not in Taxonomy
170,"""various fasting plans""]",Mismatch / Not in Taxonomy
171,"[""create",Mismatch / Not in Taxonomy
171,"edit and remove multiple alarms""",Valid (reminders)
171,"""set alarms for specific dates""",Valid (reminders)
171,"""set alarm title",Valid (reminders)
171,snooze options,Valid (reminders)
171,"and repeating days""",Mismatch / Not in Taxonomy
171,"""voice command alarm setting via google assistant""",Valid (reminders)
171,"""gradual volume increase for alarms""",Valid (reminders)
171,"""alarm functionality when screen is off or in silent mode""",Valid (reminders)
171,"""automatic timezone adjustment for alarms""",Valid (reminders)
171,"""loud alarm and vibration options""",Valid (reminders)
171,"""set alarm sounds from music library or radio""",Valid (reminders)
171,"""math challenges to dismiss alarms""",Valid (reminders)
171,"""upcoming alarm notifications""",Valid (reminders)
171,"""autosnooze and autodismiss options""",Valid (reminders)
171,"""nap alarm widget""",Valid (reminders)
171,"""world clock functionality""",Mismatch / Not in Taxonomy
171,"""countdown timer""",Valid (timer)
171,"""advanced stopwatch with lap time sharing""",Mismatch / Not in Taxonomy
171,"""beautiful clock widgets""",Mismatch / Not in Taxonomy
171,"""colorful themes and dark mode""]",Mismatch / Not in Taxonomy
172,"[""personalized daily selfcare routine""",Mismatch / Not in Taxonomy
172,"""guided meditations""",Mismatch / Not in Taxonomy
172,"""breathing exercises""",Mismatch / Not in Taxonomy
172,"""mindfulness practices""",Mismatch / Not in Taxonomy
172,"""create your own daily selfcare routine""",Mismatch / Not in Taxonomy
172,"""100+ guided meditations""",Mismatch / Not in Taxonomy
172,"""sleep audios""",Mismatch / Not in Taxonomy
172,"""affirmations""",Mismatch / Not in Taxonomy
172,"""journaling prompts""",Mismatch / Not in Taxonomy
172,"""gratitude journaling""",Mismatch / Not in Taxonomy
172,"""daily journal prompts""",Mismatch / Not in Taxonomy
172,"""guided meditation sessions for sleep""",Mismatch / Not in Taxonomy
172,"""relaxation techniques""",Mismatch / Not in Taxonomy
172,"""soothing music for relaxation""",Mismatch / Not in Taxonomy
172,"""body scan meditations""",Mismatch / Not in Taxonomy
172,"""visualization meditations""",Mismatch / Not in Taxonomy
172,"""selfmeditation""",Mismatch / Not in Taxonomy
172,"""daily affirmations""",Mismatch / Not in Taxonomy
172,"""cognitive behavioral therapy (cbt) techniques""",Mismatch / Not in Taxonomy
172,"""mindfulness techniques""",Mismatch / Not in Taxonomy
172,"""dialectical behavioral therapy (dbt) techniques""",Mismatch / Not in Taxonomy
172,"""inclusive content for lgbtqia community""",Mismatch / Not in Taxonomy
172,"""special meditations for lgbtqia individuals""]",Mismatch / Not in Taxonomy
173,"[""daily activities and visual reminders""",Valid (reminders)
173,"""challenges to practice adhd/add strategies""",Mismatch / Not in Taxonomy
173,"""daily focus feature for prioritization""",Mismatch / Not in Taxonomy
173,"""personalized journal for behavior habits""",Mismatch / Not in Taxonomy
173,"""live events with professionals""",Mismatch / Not in Taxonomy
173,"""routine building tools""",Mismatch / Not in Taxonomy
173,"""goal setting tools""",Mismatch / Not in Taxonomy
173,"""mood and emotional regulation tools""",Mismatch / Not in Taxonomy
173,"""distraction reduction tools""",Mismatch / Not in Taxonomy
173,"""time management tools""",Mismatch / Not in Taxonomy
173,"""organization tools""",Mismatch / Not in Taxonomy
173,"""impulsivity management tools""",Mismatch / Not in Taxonomy
173,"""procrastination management tools""",Mismatch / Not in Taxonomy
173,"""mindfulness tools""",Mismatch / Not in Taxonomy
173,"""nutrition guidance""",Mismatch / Not in Taxonomy
173,"""supportive community for adhd/add""]",Mismatch / Not in Taxonomy
174,"[""adult content blocker""",Mismatch / Not in Taxonomy
174,"""app/website blocking functionality""",Mismatch / Not in Taxonomy
174,"""uninstall notification""",Valid (reminders)
174,"""limit social media""",Mismatch / Not in Taxonomy
174,"""game blocker""",Mismatch / Not in Taxonomy
174,"""community feature""",Mismatch / Not in Taxonomy
174,"""accountability partner""",Mismatch / Not in Taxonomy
174,"""safe search""",Mismatch / Not in Taxonomy
174,"""restrict unwanted words""",Mismatch / Not in Taxonomy
174,"""block distracting apps""",Mismatch / Not in Taxonomy
174,"""block gambling apps""",Mismatch / Not in Taxonomy
174,"""articles & video courses""",Mismatch / Not in Taxonomy
174,"""whitelist option""",Mismatch / Not in Taxonomy
174,"""image blocking""",Mismatch / Not in Taxonomy
174,"""incognito mode compatibility""",Mismatch / Not in Taxonomy
174,"""my stats""",Mismatch / Not in Taxonomy
174,"""vpn support""",Mismatch / Not in Taxonomy
174,"""accessibility services""",Mismatch / Not in Taxonomy
174,"""system alert window""]",Mismatch / Not in Taxonomy
175,"[""visual planner""",Mismatch / Not in Taxonomy
175,"""calendar integration""",Mismatch / Not in Taxonomy
175,"""task management""",Mismatch / Not in Taxonomy
175,"""todo list""",Mismatch / Not in Taxonomy
175,"""timeline view""",Mismatch / Not in Taxonomy
175,"""create tasks""",Mismatch / Not in Taxonomy
175,"""set deadlines""",Mismatch / Not in Taxonomy
175,"""capture thoughts in inbox""",Mismatch / Not in Taxonomy
175,"""organize thoughts later""",Mismatch / Not in Taxonomy
175,"""notes and subtasks""",Mismatch / Not in Taxonomy
175,"""smart reminders""",Valid (reminders)
175,"""colorcoding""",Mismatch / Not in Taxonomy
175,"""task icons""",Mismatch / Not in Taxonomy
175,"""custom app colors""",Mismatch / Not in Taxonomy
175,"""energy monitor""",Mismatch / Not in Taxonomy
175,"""create repeating tasks""",Mismatch / Not in Taxonomy
175,"""structured ai for scheduling""",Mismatch / Not in Taxonomy
175,"""personalized notifications""",Valid (reminders)
175,"""weekly view""",Mismatch / Not in Taxonomy
175,"""monthly view""",Mismatch / Not in Taxonomy
175,"""import existing calendars""",Mismatch / Not in Taxonomy
175,"""access on mobile and desktop""",Mismatch / Not in Taxonomy
175,"""notifications""",Valid (reminders)
175,"""widgets""]",Mismatch / Not in Taxonomy
176,"[""visual planner""",Mismatch / Not in Taxonomy
176,"""calendar integration""",Mismatch / Not in Taxonomy
176,"""task management""",Mismatch / Not in Taxonomy
176,"""todo lists""",Mismatch / Not in Taxonomy
176,"""timeline view""",Mismatch / Not in Taxonomy
176,"""task creation""",Mismatch / Not in Taxonomy
176,"""deadline setting""",Mismatch / Not in Taxonomy
176,"""subtasks""",Mismatch / Not in Taxonomy
176,"""notes""",Mismatch / Not in Taxonomy
176,"""smart reminders""",Valid (reminders)
176,"""colorcoding""",Mismatch / Not in Taxonomy
176,"""task icons""",Mismatch / Not in Taxonomy
176,"""custom app colors""",Mismatch / Not in Taxonomy
176,"""energy tracking""",Mismatch / Not in Taxonomy
176,"""repeating tasks""",Mismatch / Not in Taxonomy
176,"""natural language scheduling""",Mismatch / Not in Taxonomy
176,"""personalized notifications""",Valid (reminders)
176,"""weekly view""",Mismatch / Not in Taxonomy
176,"""monthly view""",Mismatch / Not in Taxonomy
176,"""import calendars""",Mismatch / Not in Taxonomy
176,"""mobile access""",Mismatch / Not in Taxonomy
176,"""desktop access""",Mismatch / Not in Taxonomy
176,"""smartwatch access""",Mismatch / Not in Taxonomy
176,"""widgets""]",Mismatch / Not in Taxonomy
177,"[""cold turkey mode""",Mismatch / Not in Taxonomy
177,"""dopamine detox""",Mismatch / Not in Taxonomy
177,"""track app usage""",Mismatch / Not in Taxonomy
177,"""set custom limits""",Mismatch / Not in Taxonomy
177,"""select and track distracting apps""",Mismatch / Not in Taxonomy
177,"""mindful pause""",Mismatch / Not in Taxonomy
177,"""custom screen time limits""",Mismatch / Not in Taxonomy
177,"""create focus schedules""",Mismatch / Not in Taxonomy
177,"""focus timer""",Mismatch / Not in Taxonomy
177,"""force close distracting apps""",Mismatch / Not in Taxonomy
177,"""custom app limits""",Mismatch / Not in Taxonomy
177,"""app usage insights""",Valid (analytics)
177,"""mindful pause and schedule""",Mismatch / Not in Taxonomy
177,"""session timers""",Valid (timer)
177,"""quick block""",Mismatch / Not in Taxonomy
177,"""unlock time limit""",Mismatch / Not in Taxonomy
177,"""strict mode""]",Mismatch / Not in Taxonomy
178,"[""sleep tracking""",Mismatch / Not in Taxonomy
178,"""premium sleep sounds""",Mismatch / Not in Taxonomy
178,"""guided content""",Mismatch / Not in Taxonomy
178,"""sleep science education""",Mismatch / Not in Taxonomy
178,"""more than 300 soothing sounds""",Mismatch / Not in Taxonomy
178,"""mixing sounds to create custom soundscapes""",Mismatch / Not in Taxonomy
178,"""bedtime stories""",Mismatch / Not in Taxonomy
178,"""sleeptales""",Mismatch / Not in Taxonomy
178,"""sleep moves exercises""",Mismatch / Not in Taxonomy
178,"""breathing techniques""",Mismatch / Not in Taxonomy
178,"""bedtime reminder""",Valid (reminders)
178,"""timer""",Mismatch / Not in Taxonomy
178,"""favorites access""",Mismatch / Not in Taxonomy
178,"""playlist creation""",Mismatch / Not in Taxonomy
178,"""smart mix for seamless sound transitions""",Mismatch / Not in Taxonomy
178,"""inapp purchases for premium features""]",Mismatch / Not in Taxonomy
179,"[""family gps locator""",Mismatch / Not in Taxonomy
179,"""child monitoring""",Mismatch / Not in Taxonomy
179,"""movement history""",Mismatch / Not in Taxonomy
179,"""surroundings listening""",Mismatch / Not in Taxonomy
179,"""family chat""",Mismatch / Not in Taxonomy
179,"""loud alarm""",Valid (reminders)
179,"""app usage statistics""",Mismatch / Not in Taxonomy
179,"""battery control""",Mismatch / Not in Taxonomy
179,"""messenger monitoring""",Mismatch / Not in Taxonomy
179,"""games time limit""",Mismatch / Not in Taxonomy
179,"""circumvent silent mode""",Mismatch / Not in Taxonomy
179,"""sos signal""]",Mismatch / Not in Taxonomy
180,"[""guided meditation""",Mismatch / Not in Taxonomy
180,"""mindfulness courses""",Mismatch / Not in Taxonomy
180,"""breathing exercises""",Mismatch / Not in Taxonomy
180,"""sleep stories""",Mismatch / Not in Taxonomy
180,"""personalised programmes""",Mismatch / Not in Taxonomy
180,"""offline mode""",Mismatch / Not in Taxonomy
180,"""background audio""",Mismatch / Not in Taxonomy
180,"""track streaks""",Mismatch / Not in Taxonomy
180,"""gentle reminders""",Valid (reminders)
180,"""meditation packs""",Mismatch / Not in Taxonomy
180,"""darkmode friendly design""",Mismatch / Not in Taxonomy
180,"""white noise""",Mismatch / Not in Taxonomy
180,"""nature sounds""",Mismatch / Not in Taxonomy
180,"""sleep meditations""",Mismatch / Not in Taxonomy
180,"""bedtime stories for adults""]",Mismatch / Not in Taxonomy
181,"[""study timer with custom targets""",Mismatch / Not in Taxonomy
181,"""pomodoro timer with 25 minute intervals""",Valid (pomodoro)
181,"""variable daily study targets for each activity""",Mismatch / Not in Taxonomy
181,"""actual vs. target chart""",Mismatch / Not in Taxonomy
181,"""performance tracking over defined periods""",Mismatch / Not in Taxonomy
181,"""short & long breaks between pomodoro sessions""",Valid (pomodoro)
181,"""multidevice synchronization""",Mismatch / Not in Taxonomy
181,"""create and switch between activities""",Mismatch / Not in Taxonomy
181,"""charts and metrics for each activity""",Mismatch / Not in Taxonomy
181,"""daily",Mismatch / Not in Taxonomy
181,weekly,Mismatch / Not in Taxonomy
181,"monthly charts for each activity""",Mismatch / Not in Taxonomy
181,"""status levels including noob",Mismatch / Not in Taxonomy
181,bronze,Mismatch / Not in Taxonomy
181,silver,Mismatch / Not in Taxonomy
181,"gold & platinum""",Mismatch / Not in Taxonomy
181,"""streak leaderboard""",Mismatch / Not in Taxonomy
181,"""daily",Mismatch / Not in Taxonomy
181,weekly,Mismatch / Not in Taxonomy
181,"monthly & lifetime leaderboards""",Mismatch / Not in Taxonomy
181,"""customize session time""",Mismatch / Not in Taxonomy
181,"""customize alarm sounds""",Valid (reminders)
181,"""customize long breaks""]",Mismatch / Not in Taxonomy
182,"[""study timer with custom targets""",Mismatch / Not in Taxonomy
182,"""pomodoro timer with 25 minute intervals""",Valid (pomodoro)
182,"""variable daily study targets for each activity""",Mismatch / Not in Taxonomy
182,"""actual vs. target chart""",Mismatch / Not in Taxonomy
182,"""performance tracking over defined periods""",Mismatch / Not in Taxonomy
182,"""short & long breaks between pomodoro sessions""",Valid (pomodoro)
182,"""multidevice synchronization""",Mismatch / Not in Taxonomy
182,"""create and switch between activities""",Mismatch / Not in Taxonomy
182,"""charts and metrics for each activity""",Mismatch / Not in Taxonomy
182,"""daily",Mismatch / Not in Taxonomy
182,weekly,Mismatch / Not in Taxonomy
182,"monthly charts for each activity""",Mismatch / Not in Taxonomy
182,"""status levels including noob",Mismatch / Not in Taxonomy
182,bronze,Mismatch / Not in Taxonomy
182,silver,Mismatch / Not in Taxonomy
182,"gold & platinum""",Mismatch / Not in Taxonomy
182,"""streak leaderboard""",Mismatch / Not in Taxonomy
182,"""daily",Mismatch / Not in Taxonomy
182,weekly,Mismatch / Not in Taxonomy
182,"monthly & lifetime leaderboards""",Mismatch / Not in Taxonomy
182,"""customize session time""",Mismatch / Not in Taxonomy
182,"""customize alarm sounds""",Valid (reminders)
182,"""customize long breaks""]",Mismatch / Not in Taxonomy
183,"[""screen time limits & schedules""",Mismatch / Not in Taxonomy
183,"""app blocker & usage controls""",Mismatch / Not in Taxonomy
183,"""porn & web filter""",Mismatch / Not in Taxonomy
183,"""messaging control""",Mismatch / Not in Taxonomy
183,"""social media monitoring""",Mismatch / Not in Taxonomy
183,"""youtube controls""",Mismatch / Not in Taxonomy
183,"""pause internet""",Mismatch / Not in Taxonomy
183,"""app install alerts""",Mismatch / Not in Taxonomy
183,"""gps tracking & geofencing""",Mismatch / Not in Taxonomy
183,"""family locator""",Mismatch / Not in Taxonomy
183,"""screen time reports""",Valid (screen_time)
183,"""uninstall protection""",Mismatch / Not in Taxonomy
183,"""expert safety tips""",Mismatch / Not in Taxonomy
183,"""activity summary""",Mismatch / Not in Taxonomy
183,"""collaboration with coparents/guardians""",Mismatch / Not in Taxonomy
183,"""child dashboard""]",Valid (analytics)
184,"[""gamified todo list""",Mismatch / Not in Taxonomy
184,"""habit tracker""",Mismatch / Not in Taxonomy
184,"""planner""",Mismatch / Not in Taxonomy
184,"""record and complete tasks""",Mismatch / Not in Taxonomy
184,"""earn experience points (xp) and coins""",Mismatch / Not in Taxonomy
184,"""improve attributes and skill levels""",Mismatch / Not in Taxonomy
184,"""customizable reward system""",Mismatch / Not in Taxonomy
184,"""set up achievements""",Mismatch / Not in Taxonomy
184,"""pomodoro timer""",Valid (pomodoro)
184,"""track task progress""",Mismatch / Not in Taxonomy
184,"""create custom skills""",Mismatch / Not in Taxonomy
184,"""shop for rewards""",Mismatch / Not in Taxonomy
184,"""autotrack task completions""",Mismatch / Not in Taxonomy
184,"""create realistic milestones""",Mismatch / Not in Taxonomy
184,"""loot boxes for random rewards""",Mismatch / Not in Taxonomy
184,"""custom crafting recipes""",Mismatch / Not in Taxonomy
184,"""offline mode""",Mismatch / Not in Taxonomy
184,"""data backup options (google drive",Mismatch / Not in Taxonomy
184,dropbox,Mismatch / Not in Taxonomy
184,"webdav)""",Mismatch / Not in Taxonomy
184,"""basic todo functions (repeats",Mismatch / Not in Taxonomy
184,reminders,Valid (reminders)
184,notes,Mismatch / Not in Taxonomy
184,deadlines,Mismatch / Not in Taxonomy
184,history,Mismatch / Not in Taxonomy
184,checklists,Mismatch / Not in Taxonomy
184,"attachments)""",Mismatch / Not in Taxonomy
184,"""world module for task teams""",Mismatch / Not in Taxonomy
184,"""app widgets""",Mismatch / Not in Taxonomy
184,"""theme color customization""",Mismatch / Not in Taxonomy
184,"""night mode""",Mismatch / Not in Taxonomy
184,"""statistics tracking""",Mismatch / Not in Taxonomy
184,"""feelings tracking""]",Mismatch / Not in Taxonomy
185,"[""big and clear display""",Mismatch / Not in Taxonomy
185,"""simple navigation""",Mismatch / Not in Taxonomy
185,"""motivational sound support""",Mismatch / Not in Taxonomy
185,"""timer for amrap workouts""",Mismatch / Not in Taxonomy
185,"""timer for emom workouts""",Mismatch / Not in Taxonomy
185,"""timer for for time workouts""",Mismatch / Not in Taxonomy
185,"""timer for tabata workouts""",Mismatch / Not in Taxonomy
185,"""integrated round counter""",Mismatch / Not in Taxonomy
185,"""workout log""",Mismatch / Not in Taxonomy
185,"""runs in background""",Mismatch / Not in Taxonomy
185,"""integrated warmups""",Mismatch / Not in Taxonomy
185,"""workout summary with round times""",Mismatch / Not in Taxonomy
185,"""progress tracking""",Mismatch / Not in Taxonomy
185,"""available on apple watch""",Mismatch / Not in Taxonomy
185,"""workout presets for easy access""",Mismatch / Not in Taxonomy
185,"""create your own workouts""",Mismatch / Not in Taxonomy
185,"""share workouts with others""",Mismatch / Not in Taxonomy
185,"""filter workouts by type""",Mismatch / Not in Taxonomy
185,"""filter workouts by movement""",Mismatch / Not in Taxonomy
185,"""filter workouts by body part""]",Mismatch / Not in Taxonomy
186,"[""organize class notes""",Mismatch / Not in Taxonomy
186,"""track homework assignments""",Mismatch / Not in Taxonomy
186,"""manage projects""",Mismatch / Not in Taxonomy
186,"""track grades and goals""",Mismatch / Not in Taxonomy
186,"""create notes and docs""",Mismatch / Not in Taxonomy
186,"""use templates""",Mismatch / Not in Taxonomy
186,"""import google docs",Mismatch / Not in Taxonomy
186,pdfs,Mismatch / Not in Taxonomy
186,"and other content types""",Mismatch / Not in Taxonomy
186,"""write and organize meeting notes""",Mismatch / Not in Taxonomy
186,"""transcribe with ai""",Mismatch / Not in Taxonomy
186,"""collaboration tools""",Mismatch / Not in Taxonomy
186,"""connect tools like figma",Mismatch / Not in Taxonomy
186,slack,Mismatch / Not in Taxonomy
186,"and github""",Mismatch / Not in Taxonomy
186,"""create docs with templates",Mismatch / Not in Taxonomy
186,images,Mismatch / Not in Taxonomy
186,"and todos""",Mismatch / Not in Taxonomy
186,"""search with powerful filters""",Mismatch / Not in Taxonomy
186,"""create priority labels and status tags""",Mismatch / Not in Taxonomy
186,"""automate workflows""",Mismatch / Not in Taxonomy
186,"""capture details in a table""",Mismatch / Not in Taxonomy
186,"""break projects into manageable tasks""",Mismatch / Not in Taxonomy
186,"""search and generate content""",Mismatch / Not in Taxonomy
186,"""ask questions and get answers from notion ai""",Mismatch / Not in Taxonomy
186,"""autofill tables""",Mismatch / Not in Taxonomy
186,"""sync across browser",Mismatch / Not in Taxonomy
186,mac,Mismatch / Not in Taxonomy
186,"and windows apps""",Mismatch / Not in Taxonomy
186,"""create a study planner""",Mismatch / Not in Taxonomy
186,"""create todo lists""",Mismatch / Not in Taxonomy
186,"""manage any project""",Mismatch / Not in Taxonomy
186,"""publish content""",Mismatch / Not in Taxonomy
186,"""download web clipper""",Mismatch / Not in Taxonomy
186,"""download desktop app""",Mismatch / Not in Taxonomy
186,"""create custom agents""",Mismatch / Not in Taxonomy
186,"""manage scheduling""",Mismatch / Not in Taxonomy
186,"""create a team wiki""",Mismatch / Not in Taxonomy
186,"""project management tools""",Mismatch / Not in Taxonomy
186,"""forms""]",Mismatch / Not in Taxonomy
187,"[""organize class notes""",Mismatch / Not in Taxonomy
187,"""track homework assignments""",Mismatch / Not in Taxonomy
187,"""manage projects""",Mismatch / Not in Taxonomy
187,"""track grades""",Mismatch / Not in Taxonomy
187,"""set goals""",Mismatch / Not in Taxonomy
187,"""create notes""",Mismatch / Not in Taxonomy
187,"""create documents""",Mismatch / Not in Taxonomy
187,"""use templates""",Mismatch / Not in Taxonomy
187,"""import google docs""",Mismatch / Not in Taxonomy
187,"""import pdfs""",Mismatch / Not in Taxonomy
187,"""write meeting notes""",Mismatch / Not in Taxonomy
187,"""transcribe with ai""",Mismatch / Not in Taxonomy
187,"""collaborate in a connected workspace""",Mismatch / Not in Taxonomy
187,"""connect tools like figma",Mismatch / Not in Taxonomy
187,slack,Mismatch / Not in Taxonomy
187,"and github""",Mismatch / Not in Taxonomy
187,"""create todo lists""",Mismatch / Not in Taxonomy
187,"""search with filters""",Mismatch / Not in Taxonomy
187,"""create priority labels""",Mismatch / Not in Taxonomy
187,"""create status tags""",Mismatch / Not in Taxonomy
187,"""set automations""",Mismatch / Not in Taxonomy
187,"""capture details in a table""",Mismatch / Not in Taxonomy
187,"""break projects into tasks""",Mismatch / Not in Taxonomy
187,"""use notion ai for writing assistance""",Mismatch / Not in Taxonomy
187,"""ask notion ai questions""",Mismatch / Not in Taxonomy
187,"""autofill tables""",Mismatch / Not in Taxonomy
187,"""sync across devices""",Mismatch / Not in Taxonomy
187,"""download mobile app""",Mismatch / Not in Taxonomy
187,"""download desktop app""",Mismatch / Not in Taxonomy
187,"""use web clipper""",Mismatch / Not in Taxonomy
187,"""explore ai use cases""",Mismatch / Not in Taxonomy
187,"""browse marketplace""",Mismatch / Not in Taxonomy
187,"""view integrations""",Mismatch / Not in Taxonomy
187,"""centralize knowledge""",Mismatch / Not in Taxonomy
187,"""manage any project""",Mismatch / Not in Taxonomy
187,"""publish content""",Mismatch / Not in Taxonomy
187,"""access help center""",Mismatch / Not in Taxonomy
187,"""access notion academy""",Mismatch / Not in Taxonomy
187,"""build api""]",Mismatch / Not in Taxonomy
188,"[""focus sessions""",Mismatch / Not in Taxonomy
188,"""app blocklist""",Mismatch / Not in Taxonomy
188,"""screen time control""",Mismatch / Not in Taxonomy
188,"""system alert window permission""",Mismatch / Not in Taxonomy
188,"""daily app usage limits""",Mismatch / Not in Taxonomy
188,"""custom website blocking""",Mismatch / Not in Taxonomy
188,"""whitelist option""",Mismatch / Not in Taxonomy
188,"""image blocking""",Mismatch / Not in Taxonomy
188,"""incognito mode compatibility""",Mismatch / Not in Taxonomy
188,"""accountability partner feature""",Mismatch / Not in Taxonomy
188,"""access to community support""",Mismatch / Not in Taxonomy
188,"""personalized recovery plan""",Mismatch / Not in Taxonomy
188,"""alert systems for inappropriate activities""",Mismatch / Not in Taxonomy
188,"""resource access for recovery""",Mismatch / Not in Taxonomy
188,"""browser extension for chrome""",Mismatch / Not in Taxonomy
188,"""mobile apps for android and ios""",Mismatch / Not in Taxonomy
188,"""devicelevel blockers""]",Mismatch / Not in Taxonomy
189,"[""custom blocklist""",Mismatch / Not in Taxonomy
189,"""focus session timer""",Valid (timer)
189,"""block images & videos""",Mismatch / Not in Taxonomy
189,"""category blocking""",Mismatch / Not in Taxonomy
189,"""vpnservice for content blocking""",Mismatch / Not in Taxonomy
189,"""accessibility services for website blocking""",Mismatch / Not in Taxonomy
189,"""system alert window for block notifications""]",Valid (reminders)
190,"[""website blocker""",Valid (blocking)
190,"""screen time manager""",Mismatch / Not in Taxonomy
190,"""website blocker feature""",Valid (blocking)
190,"""custom blocklist""",Mismatch / Not in Taxonomy
190,"""block unsupported browsers""",Mismatch / Not in Taxonomy
190,"""tailored study sessions""",Mismatch / Not in Taxonomy
190,"""custom study profiles""",Mismatch / Not in Taxonomy
190,"""resource access""",Mismatch / Not in Taxonomy
190,"""accessibility services""",Mismatch / Not in Taxonomy
190,"""vpnservice""",Mismatch / Not in Taxonomy
190,"""system alert window""",Mismatch / Not in Taxonomy
190,"""whitelist option""",Mismatch / Not in Taxonomy
190,"""image blocking""",Mismatch / Not in Taxonomy
190,"""incognito mode compatibility""",Mismatch / Not in Taxonomy
190,"""my stats""",Mismatch / Not in Taxonomy
190,"""accountability partner feature""",Mismatch / Not in Taxonomy
190,"""alert systems for inappropriate activities""",Mismatch / Not in Taxonomy
190,"""social media restrictions""]",Mismatch / Not in Taxonomy
191,"[""kid’s live location and route""",Mismatch / Not in Taxonomy
191,"""parental control""",Valid (parental_control)
191,"""live listen to sound around""",Mismatch / Not in Taxonomy
191,"""bypass silent mode""",Mismatch / Not in Taxonomy
191,"""ai route prediction""",Mismatch / Not in Taxonomy
191,"""movement alerts""",Mismatch / Not in Taxonomy
191,"""sos signal on kid’s phone""",Mismatch / Not in Taxonomy
191,"""battery control""",Mismatch / Not in Taxonomy
191,"""chat with your kid""",Mismatch / Not in Taxonomy
191,"""track location history""",Mismatch / Not in Taxonomy
191,"""block unwanted calls""",Mismatch / Not in Taxonomy
191,"""manage app usage statistics""",Mismatch / Not in Taxonomy
191,"""send a loud signal""",Mismatch / Not in Taxonomy
191,"""receive notifications""",Valid (reminders)
191,"""access to location",Mismatch / Not in Taxonomy
191,camera,Mismatch / Not in Taxonomy
191,contacts,Mismatch / Not in Taxonomy
191,microphone,Mismatch / Not in Taxonomy
191,"and accessibility features""]",Mismatch / Not in Taxonomy
192,"[""website blocking""",Mismatch / Not in Taxonomy
192,"""app blocking""",Mismatch / Not in Taxonomy
192,"""screen time control""",Mismatch / Not in Taxonomy
192,"""automated blocking""",Mismatch / Not in Taxonomy
192,"""human accountability""",Mismatch / Not in Taxonomy
192,"""realtime alerts""",Mismatch / Not in Taxonomy
192,"""standard rules""",Mismatch / Not in Taxonomy
192,"""custom rules""",Mismatch / Not in Taxonomy
192,"""parental control""",Valid (parental_control)
192,"""daily journaling prompts""",Mismatch / Not in Taxonomy
192,"""customizable trigger rules""",Mismatch / Not in Taxonomy
192,"""encrypted data transfers""",Mismatch / Not in Taxonomy
192,"""selective monitoring""",Mismatch / Not in Taxonomy
192,"""support across unlimited android devices""",Mismatch / Not in Taxonomy
192,"""online support""",Mismatch / Not in Taxonomy
192,"""email support""",Mismatch / Not in Taxonomy
192,"""chat support""",Mismatch / Not in Taxonomy
192,"""phone support""",Mismatch / Not in Taxonomy
192,"""accessibility services""",Mismatch / Not in Taxonomy
192,"""device administrator permissions""]",Mismatch / Not in Taxonomy
193,"[""1:1 coaching sessions""",Mismatch / Not in Taxonomy
193,"""personalized growth plan""",Mismatch / Not in Taxonomy
193,"""weekly checkins with a coach""",Mismatch / Not in Taxonomy
193,"""textbased accountability checkins""",Mismatch / Not in Taxonomy
193,"""bitesized learning modules""",Mismatch / Not in Taxonomy
193,"""tailored skills and strategies""",Mismatch / Not in Taxonomy
193,"""daily body doubling sessions""",Mismatch / Not in Taxonomy
193,"""memberonly discussion spaces""",Mismatch / Not in Taxonomy
193,"""weekly workshops and q&as""",Mismatch / Not in Taxonomy
193,"""indepth assessments""",Mismatch / Not in Taxonomy
193,"""productivity tools and insights""",Valid (analytics)
193,"""access to coach between sessions""",Mismatch / Not in Taxonomy
193,"""personalized plan each week""",Mismatch / Not in Taxonomy
193,"""experimentation with strategies""",Mismatch / Not in Taxonomy
193,"""guidance for understanding adhd""",Mismatch / Not in Taxonomy
193,"""support for goal setting and habit building""",Mismatch / Not in Taxonomy
193,"""resources for creating routines and schedules""",Mismatch / Not in Taxonomy
193,"""expertcrafted resources""",Mismatch / Not in Taxonomy
193,"""sciencebacked learning journeys""]",Mismatch / Not in Taxonomy
194,"[""introductory course""",Mismatch / Not in Taxonomy
194,"""daily meditation""",Mismatch / Not in Taxonomy
194,"""moments""",Mismatch / Not in Taxonomy
194,"""daily quote""",Mismatch / Not in Taxonomy
194,"""reflections""",Mismatch / Not in Taxonomy
194,"""sleep content""",Mismatch / Not in Taxonomy
194,"""meditation timer""",Mismatch / Not in Taxonomy
194,"""library of meditations""",Mismatch / Not in Taxonomy
194,"""theory sessions""",Mismatch / Not in Taxonomy
194,"""life courses""",Mismatch / Not in Taxonomy
194,"""conversations""",Mismatch / Not in Taxonomy
194,"""q&as""",Mismatch / Not in Taxonomy
194,"""mindfulness techniques""",Mismatch / Not in Taxonomy
194,"""lovingkindness techniques""",Mismatch / Not in Taxonomy
194,"""body scans""",Mismatch / Not in Taxonomy
194,"""yoga nidra""",Mismatch / Not in Taxonomy
194,"""nondual awareness practices""",Mismatch / Not in Taxonomy
194,"""daily mindfulness reminder""",Valid (reminders)
194,"""access to worldrenowned teachers""",Mismatch / Not in Taxonomy
194,"""community discussions""]",Mismatch / Not in Taxonomy
195,"[""introductory course""",Mismatch / Not in Taxonomy
195,"""daily meditation""",Mismatch / Not in Taxonomy
195,"""moments""",Mismatch / Not in Taxonomy
195,"""daily quote""",Mismatch / Not in Taxonomy
195,"""reflections""",Mismatch / Not in Taxonomy
195,"""sleep talks and meditations""",Mismatch / Not in Taxonomy
195,"""meditation timer""",Mismatch / Not in Taxonomy
195,"""library of meditations""",Mismatch / Not in Taxonomy
195,"""library of theory sessions""",Mismatch / Not in Taxonomy
195,"""library of life courses""",Mismatch / Not in Taxonomy
195,"""library of conversations""",Mismatch / Not in Taxonomy
195,"""library of q&as""",Mismatch / Not in Taxonomy
195,"""community discussions""",Mismatch / Not in Taxonomy
195,"""mindfulness techniques""",Mismatch / Not in Taxonomy
195,"""lovingkindness techniques""",Mismatch / Not in Taxonomy
195,"""body scans""",Mismatch / Not in Taxonomy
195,"""yoga nidra""",Mismatch / Not in Taxonomy
195,"""nondual awareness practices""",Mismatch / Not in Taxonomy
195,"""neuroscience topics""",Mismatch / Not in Taxonomy
195,"""psychology topics""",Mismatch / Not in Taxonomy
195,"""stoicism topics""",Mismatch / Not in Taxonomy
195,"""ethics topics""",Mismatch / Not in Taxonomy
195,"""psychedelics topics""",Mismatch / Not in Taxonomy
195,"""productivity topics""",Mismatch / Not in Taxonomy
195,"""happiness topics""",Mismatch / Not in Taxonomy
195,"""guided meditations from trusted practitioners""",Mismatch / Not in Taxonomy
195,"""daily mindfulness reminder""",Valid (reminders)
195,"""access to worldrenowned teachers and scholars""",Mismatch / Not in Taxonomy
195,"""scholarship program for those who can't afford it""]",Mismatch / Not in Taxonomy
196,"[""set exact limits on app usage""",Mismatch / Not in Taxonomy
196,"""get reminders for exceeding app usage limits""",Valid (reminders)
196,"""block distracting apps during work hours""",Mismatch / Not in Taxonomy
196,"""block adult content across all apps""",Mismatch / Not in Taxonomy
196,"""set limits on political content""",Mismatch / Not in Taxonomy
196,"""set daily limits for tiktok",Mismatch / Not in Taxonomy
196,reels,Mismatch / Not in Taxonomy
196,"and youtube shorts""",Mismatch / Not in Taxonomy
196,"""block distracting topics across all apps""",Mismatch / Not in Taxonomy
196,"""observe app actions""",Mismatch / Not in Taxonomy
196,"""collect anonymous metrics about smartphone usage""",Mismatch / Not in Taxonomy
196,"""display app usage information""]",Mismatch / Not in Taxonomy
197,"[""app blocker""",Mismatch / Not in Taxonomy
197,"""digital detox timer""",Mismatch / Not in Taxonomy
197,"""phone locking for set time""",Mismatch / Not in Taxonomy
197,"""accessibility permission for poweroff prevention""",Mismatch / Not in Taxonomy
197,"""block access to recent apps""]",Mismatch / Not in Taxonomy
198,"[""task management""",Mismatch / Not in Taxonomy
198,"""habit tracking""",Mismatch / Not in Taxonomy
198,"""focus timer""",Mismatch / Not in Taxonomy
198,"""distraction blocking""",Valid (blocking)
198,"""visual time blocking""",Mismatch / Not in Taxonomy
198,"""daily and weekly routines""",Mismatch / Not in Taxonomy
198,"""subtasks""",Mismatch / Not in Taxonomy
198,"""autorescheduling""",Mismatch / Not in Taxonomy
198,"""accountability sharing""",Mismatch / Not in Taxonomy
198,"""ai task suggestions""",Mismatch / Not in Taxonomy
198,"""calendar sync with google calendar""",Mismatch / Not in Taxonomy
198,"""custom themes""",Mismatch / Not in Taxonomy
198,"""reminders""",Valid (reminders)
198,"""data backup""",Mismatch / Not in Taxonomy
198,"""quickadd task feature""",Mismatch / Not in Taxonomy
198,"""notifications and nudges""",Valid (reminders)
198,"""offline access""]",Mismatch / Not in Taxonomy
199,"[""over 350 guided meditations and courses""",Mismatch / Not in Taxonomy
199,"""guided meditations and courses in over 10 different languages""",Mismatch / Not in Taxonomy
199,"""sleep stories""",Mismatch / Not in Taxonomy
199,"""personalized user statistics""",Mismatch / Not in Taxonomy
199,"""personalized reminders to meditate""",Valid (reminders)
199,"""locationbased reminders""",Valid (reminders)
199,"""399 minute meditation options""",Mismatch / Not in Taxonomy
199,"""option for silent or guided meditations""",Mismatch / Not in Taxonomy
199,"""inclusion of bells and guided introductions""",Mismatch / Not in Taxonomy
199,"""different background sounds (forest",Mismatch / Not in Taxonomy
199,rain,Mismatch / Not in Taxonomy
199,waves,Mismatch / Not in Taxonomy
199,"etc.)""",Mismatch / Not in Taxonomy
199,"""ability to save favorite meditations""",Mismatch / Not in Taxonomy
199,"""unlimited access to all meditations and courses in over 20 topics""",Mismatch / Not in Taxonomy
199,"""offline access to meditations and courses""",Mismatch / Not in Taxonomy
199,"""regularly updated content""",Mismatch / Not in Taxonomy
199,"""5day beginner's journey""",Mismatch / Not in Taxonomy
199,"""fully localized interface and guidedaudio library in multiple languages""",Mismatch / Not in Taxonomy
199,"""downloadable content for offline use""",Mismatch / Not in Taxonomy
199,"""14day free trial for new users""",Mismatch / Not in Taxonomy
199,"""personalized reminders with streak tracking""",Valid (reminders)
199,"""accessible across ios",Mismatch / Not in Taxonomy
199,android,Mismatch / Not in Taxonomy
199,"and web""]",Mismatch / Not in Taxonomy
200,"[""track screen time""",Mismatch / Not in Taxonomy
200,"""set up screen time goals""",Mismatch / Not in Taxonomy
200,"""get daily insights on screen time""",Valid (analytics)
200,"""view screen time activities""",Mismatch / Not in Taxonomy
200,"""read sleep data from health app""",Mismatch / Not in Taxonomy
200,"""focus mode with three modes: pomodoro",Valid (pomodoro)
200,countdown,Valid (timer)
200,"time accumulation""",Mismatch / Not in Taxonomy
200,"""support lock screen focus""",Mismatch / Not in Taxonomy
200,"""support flip screen focus""",Mismatch / Not in Taxonomy
200,"""set concentration app whitelist""",Mismatch / Not in Taxonomy
200,"""categorize focus sessions by tag""",Mismatch / Not in Taxonomy
200,"""pause focus mode at any time""",Valid (focus_mode)
200,"""visualize data in week/month/year view""",Mismatch / Not in Taxonomy
200,"""share data with a welldesigned share card""",Mismatch / Not in Taxonomy
200,"""screen time challenge""",Mismatch / Not in Taxonomy
200,"""pick up challenge""",Mismatch / Not in Taxonomy
200,"""sleep challenge""]",Mismatch / Not in Taxonomy
201,"[""block websites""",Mismatch / Not in Taxonomy
201,"""block apps""",Mismatch / Not in Taxonomy
201,"""schedule blocking sessions""",Mismatch / Not in Taxonomy
201,"""create custom blocklists""",Mismatch / Not in Taxonomy
201,"""sync across multiple devices""",Mismatch / Not in Taxonomy
201,"""locked mode""",Mismatch / Not in Taxonomy
201,"""focus sounds""",Mismatch / Not in Taxonomy
201,"""session history and annotation""",Mismatch / Not in Taxonomy
201,"""block all except specified sites""",Mismatch / Not in Taxonomy
201,"""multidevice support""]",Mismatch / Not in Taxonomy
202,"[""limit screen time""",Mismatch / Not in Taxonomy
202,"""track kid's location""",Mismatch / Not in Taxonomy
202,"""block apps""",Mismatch / Not in Taxonomy
202,"""set daily time limits""",Mismatch / Not in Taxonomy
202,"""block inappropriate content""",Mismatch / Not in Taxonomy
202,"""monitor social media chats""",Mismatch / Not in Taxonomy
202,"""sound around the child""",Mismatch / Not in Taxonomy
202,"""screen captures""",Mismatch / Not in Taxonomy
202,"""eyes protection""",Mismatch / Not in Taxonomy
202,"""realtime gps tracking""",Mismatch / Not in Taxonomy
202,"""set geozone notifications""",Valid (reminders)
202,"""detailed daily phone usage view""",Mismatch / Not in Taxonomy
202,"""manage specific daily app time limits""",Mismatch / Not in Taxonomy
202,"""monitor apps usage statistics""",Mismatch / Not in Taxonomy
202,"""limit app usage time remotely""",Mismatch / Not in Taxonomy
202,"""set schedules for app and phone usage""",Mismatch / Not in Taxonomy
202,"""remotely connect to the microphone""",Mismatch / Not in Taxonomy
202,"""record sound around the child""",Mismatch / Not in Taxonomy
202,"""access child's device camera""",Mismatch / Not in Taxonomy
202,"""take screenshots and photos""",Mismatch / Not in Taxonomy
202,"""monitor and filter websites""",Mismatch / Not in Taxonomy
202,"""monitor youtube video history""",Mismatch / Not in Taxonomy
202,"""turn on safe search""",Mismatch / Not in Taxonomy
202,"""monitor messengers""",Mismatch / Not in Taxonomy
202,"""monitor call and sms history""",Mismatch / Not in Taxonomy
202,"""manage kid's phonebook""",Mismatch / Not in Taxonomy
202,"""monitor latest photos""",Mismatch / Not in Taxonomy
202,"""monitor battery level""",Mismatch / Not in Taxonomy
202,"""enable eyes protection""",Mismatch / Not in Taxonomy
202,"""enable night mode""",Mismatch / Not in Taxonomy
202,"""configure app settings""]",Mismatch / Not in Taxonomy
203,"[""guided meditations""",Mismatch / Not in Taxonomy
203,"""mindfulness techniques""",Mismatch / Not in Taxonomy
203,"""7 day audio course""",Mismatch / Not in Taxonomy
203,"""foundations of mindfulness""",Mismatch / Not in Taxonomy
203,"""sleep guides""",Mismatch / Not in Taxonomy
203,"""stress relief techniques""",Mismatch / Not in Taxonomy
203,"""quick meditations""",Mismatch / Not in Taxonomy
203,"""daily meditations""",Mismatch / Not in Taxonomy
203,"""no sign up/log in required""",Mismatch / Not in Taxonomy
203,"""over 2 hrs of free audio""",Mismatch / Not in Taxonomy
203,"""one time permanent purchases""",Mismatch / Not in Taxonomy
203,"""daily reminders""",Valid (reminders)
203,"""challenges to stay motivated""",Mismatch / Not in Taxonomy
203,"""progress monitoring with stats and graphs""",Mismatch / Not in Taxonomy
203,"""silent mind technique""",Mismatch / Not in Taxonomy
203,"""separation of thoughts from feelings""",Mismatch / Not in Taxonomy
203,"""gratitude exercises""]",Mismatch / Not in Taxonomy
204,"[""automated second thought""",Mismatch / Not in Taxonomy
204,"""block social media apps""",Mismatch / Not in Taxonomy
204,"""configure app triggers""",Mismatch / Not in Taxonomy
204,"""set intentions for app usage""",Mismatch / Not in Taxonomy
204,"""notifications to check intentions""",Valid (reminders)
204,"""app blocker for complete blocking""",Mismatch / Not in Taxonomy
204,"""scheduled blocks for specific times""",Mismatch / Not in Taxonomy
204,"""progress visualization""",Mismatch / Not in Taxonomy
204,"""breathing exercise before app access""",Mismatch / Not in Taxonomy
204,"""follow the dot exercise""",Mismatch / Not in Taxonomy
204,"""black screen delay before app access""",Mismatch / Not in Taxonomy
204,"""rotate phone to unlock app""",Mismatch / Not in Taxonomy
204,"""minimal breathing exercise""",Mismatch / Not in Taxonomy
204,"""healthy alternatives suggestions""]",Mismatch / Not in Taxonomy
205,"[""effortless habit tracking""",Mismatch / Not in Taxonomy
205,"""comprehensive weekly overview""",Mismatch / Not in Taxonomy
205,"""track your habit history""",Mismatch / Not in Taxonomy
205,"""unlimited habit creation""",Mismatch / Not in Taxonomy
205,"""stunning new widgets""",Mismatch / Not in Taxonomy
205,"""powerful and minimalistic interface""",Mismatch / Not in Taxonomy
205,"""home screen widgets""",Mismatch / Not in Taxonomy
205,"""colorcoding for habits""",Mismatch / Not in Taxonomy
205,"""check off habits in the past""",Mismatch / Not in Taxonomy
205,"""userfriendly interface""",Mismatch / Not in Taxonomy
205,"""daily notifications""",Valid (reminders)
205,"""customization options for tasks""",Mismatch / Not in Taxonomy
205,"""no ads""",Mismatch / Not in Taxonomy
205,"""export and import data""",Mismatch / Not in Taxonomy
205,"""habit streak tracking""]",Mismatch / Not in Taxonomy
206,"[""mood tracking""",Mismatch / Not in Taxonomy
206,"""daily journal""",Mismatch / Not in Taxonomy
206,"""analytics for mood trends""",Valid (analytics)
206,"""journaling habits tracking""",Mismatch / Not in Taxonomy
206,"""emotional triggers tracking""",Mismatch / Not in Taxonomy
206,"""customizable journal prompts""",Mismatch / Not in Taxonomy
206,"""reminders for mood tracking""",Valid (reminders)
206,"""reminders for journaling""",Valid (reminders)
206,"""homescreen widgets for quick access""]",Mismatch / Not in Taxonomy
207,"[""comprehensive workout tracking""",Mismatch / Not in Taxonomy
207,"""progress & performance metrics""",Mismatch / Not in Taxonomy
207,"""custom workout plans""",Mismatch / Not in Taxonomy
207,"""exercise library & instructions""",Mismatch / Not in Taxonomy
207,"""motivation & goal setting""",Mismatch / Not in Taxonomy
207,"""intuitive",Mismatch / Not in Taxonomy
207,"userfriendly interface""]",Mismatch / Not in Taxonomy
208,"[""smart payment reminders and notifications""",Valid (reminders)
208,"""track spending across multiple currencies""",Mismatch / Not in Taxonomy
208,"""custom categories and labels for easy organization""",Mismatch / Not in Taxonomy
208,"""weekly",Mismatch / Not in Taxonomy
208,monthly,Mismatch / Not in Taxonomy
208,"and yearly expense overview""",Mismatch / Not in Taxonomy
208,"""extensive prebuilt subscription templates""",Mismatch / Not in Taxonomy
208,"""import subscriptions via csv file""]",Mismatch / Not in Taxonomy
209,"[""create routines""",Mismatch / Not in Taxonomy
209,"""stepbystep guidance""",Mismatch / Not in Taxonomy
209,"""track habits and tasks""",Mismatch / Not in Taxonomy
209,"""flexible task types""",Mismatch / Not in Taxonomy
209,"""progress tracking""",Mismatch / Not in Taxonomy
209,"""custom notifications and reminders""",Valid (reminders)
209,"""habit stacking technique""",Mismatch / Not in Taxonomy
209,"""userfriendly interface""",Mismatch / Not in Taxonomy
209,"""routine library""",Mismatch / Not in Taxonomy
209,"""detailed analytics and reports""",Valid (analytics)
209,"""seamless integration with other apps""]",Mismatch / Not in Taxonomy
210,"[""browse content from multiple streaming services in one place""",Mismatch / Not in Taxonomy
210,"""instantly see where movies and shows are available to stream""",Mismatch / Not in Taxonomy
210,"""search across all platforms at once""",Mismatch / Not in Taxonomy
210,"""get smart recommendations based on viewing preferences""",Mismatch / Not in Taxonomy
210,"""discover new releases tailored to user taste""",Mismatch / Not in Taxonomy
210,"""create and manage a watchlist""",Mismatch / Not in Taxonomy
210,"""filter content by genre",Mismatch / Not in Taxonomy
210,release date,Mismatch / Not in Taxonomy
210,"and streaming service""",Mismatch / Not in Taxonomy
210,"""set up notifications for new releases of favorite shows""",Valid (reminders)
210,"""access detailed insights including ratings",Valid (analytics)
210,cast info,Mismatch / Not in Taxonomy
210,"and community reviews""",Mismatch / Not in Taxonomy
210,"""explore indepth details about movies and tv shows""",Mismatch / Not in Taxonomy
210,"""learn about cast",Mismatch / Not in Taxonomy
210,crew,Mismatch / Not in Taxonomy
210,budget,Mismatch / Not in Taxonomy
210,"and production details""",Mismatch / Not in Taxonomy
210,"""access imdb ratings and reviews""",Mismatch / Not in Taxonomy
210,"""watch trailers before deciding what to stream""]",Mismatch / Not in Taxonomy
211,"[""track the cleanliness of each room""",Mismatch / Not in Taxonomy
211,"""prioritize tasks that need urgent cleaning""",Mismatch / Not in Taxonomy
211,"""distribute workload among residents""",Mismatch / Not in Taxonomy
211,"""automatically generate a daily schedule for each member""",Mismatch / Not in Taxonomy
211,"""synchronize between devices""",Mismatch / Not in Taxonomy
211,"""visual indicators to measure cleanliness""",Mismatch / Not in Taxonomy
211,"""automatically generate a cleaning list based on availability""",Mismatch / Not in Taxonomy
211,"""add household members to share workload""",Mismatch / Not in Taxonomy
211,"""compete for a spot on the family leaderboard""",Mismatch / Not in Taxonomy
211,"""review and manually approve tasks for points""",Mismatch / Not in Taxonomy
211,"""create a list of cleaning chores""",Mismatch / Not in Taxonomy
211,"""configure tasks that need to be done""",Mismatch / Not in Taxonomy
211,"""filter tasks by level of difficulty and dirtiness""",Mismatch / Not in Taxonomy
211,"""track progress and cleaning streaks""",Mismatch / Not in Taxonomy
211,"""generate an everyday cleaning checklist for premium users""",Mismatch / Not in Taxonomy
211,"""invite family members or roommates to join""",Mismatch / Not in Taxonomy
211,"""approval system for children's tasks""]",Mismatch / Not in Taxonomy
212,"[""mood tracker""",Mismatch / Not in Taxonomy
212,"""diary with lock""",Mismatch / Not in Taxonomy
212,"""photo diary""",Mismatch / Not in Taxonomy
212,"""music diary""",Mismatch / Not in Taxonomy
212,"""stories""",Mismatch / Not in Taxonomy
212,"""rich text editor""",Mismatch / Not in Taxonomy
212,"""add pictures and voice notes""",Mismatch / Not in Taxonomy
212,"""google drive backup""",Mismatch / Not in Taxonomy
212,"""custom themes""",Mismatch / Not in Taxonomy
212,"""insightful analytics""",Valid (analytics)
212,"""offline mode""]",Mismatch / Not in Taxonomy
213,"[""cozy fantasy story""",Mismatch / Not in Taxonomy
213,"""chooseyourownpath gameplay""",Mismatch / Not in Taxonomy
213,"""unique psychedelic experience with soothing soundscapes""",Mismatch / Not in Taxonomy
213,"""11 dreams that unlock different psychological powers""",Mismatch / Not in Taxonomy
213,"""tools for self actualization""",Mismatch / Not in Taxonomy
213,"""tools for improvement""",Mismatch / Not in Taxonomy
213,"""tools for growth""",Mismatch / Not in Taxonomy
213,"""tools for wellbeing""",Mismatch / Not in Taxonomy
213,"""tools for resilience""",Mismatch / Not in Taxonomy
213,"""emotion regulation tools""",Mismatch / Not in Taxonomy
213,"""self reflection tools""",Mismatch / Not in Taxonomy
213,"""journal prompts for mental health""",Mismatch / Not in Taxonomy
213,"""elements of cognitive behavioral therapy (cbt)""",Mismatch / Not in Taxonomy
213,"""mindfulness approaches""",Mismatch / Not in Taxonomy
213,"""dialectical behaviour therapy (dbt)""",Mismatch / Not in Taxonomy
213,"""jungian theory""",Mismatch / Not in Taxonomy
213,"""interactive adventure""",Mismatch / Not in Taxonomy
213,"""immersive storytelling""",Mismatch / Not in Taxonomy
213,"""dreamlike world""",Mismatch / Not in Taxonomy
213,"""access to three free chapters""",Mismatch / Not in Taxonomy
213,"""oneoff fee for full program access""]",Mismatch / Not in Taxonomy
214,"[""pomodoro timer""",Valid (pomodoro)
214,"""structured focus sessions""",Mismatch / Not in Taxonomy
214,"""session tracking""",Mismatch / Not in Taxonomy
214,"""quick task creation""",Mismatch / Not in Taxonomy
214,"""todo lists""",Mismatch / Not in Taxonomy
214,"""track task duration""",Mismatch / Not in Taxonomy
214,"""reports & insights""",Valid (analytics)
214,"""completion metrics""",Mismatch / Not in Taxonomy
214,"""custom reports""",Mismatch / Not in Taxonomy
214,"""pomodoro timer widgets""",Valid (pomodoro)
214,"""flexible design""",Mismatch / Not in Taxonomy
214,"""session alerts""",Mismatch / Not in Taxonomy
214,"""task reminders""",Valid (reminders)
214,"""cloud sync & backup""",Mismatch / Not in Taxonomy
214,"""privacy first""",Mismatch / Not in Taxonomy
214,"""minimalist design""",Mismatch / Not in Taxonomy
214,"""crossplatform compatibility""",Mismatch / Not in Taxonomy
214,"""project list""]",Mismatch / Not in Taxonomy
215,"[""capture baby growth and pregnancy pictures""",Mismatch / Not in Taxonomy
215,"""track baby milestones""",Mismatch / Not in Taxonomy
215,"""create photo collages""",Mismatch / Not in Taxonomy
215,"""select from 450+ layouts",Mismatch / Not in Taxonomy
215,frames,Mismatch / Not in Taxonomy
215,backgrounds,Mismatch / Not in Taxonomy
215,"and fonts""",Mismatch / Not in Taxonomy
215,"""crop pictures""",Mismatch / Not in Taxonomy
215,"""edit photos with filters and text""",Mismatch / Not in Taxonomy
215,"""add unique backgrounds",Mismatch / Not in Taxonomy
215,stickers,Mismatch / Not in Taxonomy
215,"and doodles""",Mismatch / Not in Taxonomy
215,"""choose collage ratio and edit borders""",Mismatch / Not in Taxonomy
215,"""save photos in high resolution""",Mismatch / Not in Taxonomy
215,"""share pictures to social media""",Mismatch / Not in Taxonomy
215,"""apply over 15 professionally designed filters""",Mismatch / Not in Taxonomy
215,"""create custom photo sizes""",Mismatch / Not in Taxonomy
215,"""save custom themes for future use""",Mismatch / Not in Taxonomy
215,"""use over 900+ artworks for decoration""",Mismatch / Not in Taxonomy
215,"""add texts with over 100 artistic fonts""",Mismatch / Not in Taxonomy
215,"""create scrapbooks for babies and pregnancy""",Mismatch / Not in Taxonomy
215,"""use stylized templates for milestone photos""]",Mismatch / Not in Taxonomy
216,"[""logo design""",Mismatch / Not in Taxonomy
216,"""ai logo creator""",Mismatch / Not in Taxonomy
216,"""customizable logo templates""",Mismatch / Not in Taxonomy
216,"""design resources""",Mismatch / Not in Taxonomy
216,"""userfriendly interface""",Mismatch / Not in Taxonomy
216,"""premade logo templates""",Mismatch / Not in Taxonomy
216,"""logo categories""",Mismatch / Not in Taxonomy
216,"""fully adjustable logo elements""",Mismatch / Not in Taxonomy
216,"""design templates""",Mismatch / Not in Taxonomy
216,"""fonts""",Mismatch / Not in Taxonomy
216,"""symbols""",Mismatch / Not in Taxonomy
216,"""shapes""",Mismatch / Not in Taxonomy
216,"""icons""",Mismatch / Not in Taxonomy
216,"""backgrounds""",Mismatch / Not in Taxonomy
216,"""edit logo anytime""",Mismatch / Not in Taxonomy
216,"""icloud sharing""",Mismatch / Not in Taxonomy
216,"""autosave feature""",Mismatch / Not in Taxonomy
216,"""undo/redo functionality""",Mismatch / Not in Taxonomy
216,"""highresolution export""",Mismatch / Not in Taxonomy
216,"""save as png or jpeg""",Mismatch / Not in Taxonomy
216,"""transparent png images""]",Mismatch / Not in Taxonomy
217,"[""shift calendar""",Mismatch / Not in Taxonomy
217,"""builtin hours tracker""",Mismatch / Not in Taxonomy
217,"""add and remove shifts""",Mismatch / Not in Taxonomy
217,"""colorcode shifts""",Mismatch / Not in Taxonomy
217,"""work planner""",Mismatch / Not in Taxonomy
217,"""add memos""",Mismatch / Not in Taxonomy
217,"""set reminders""",Valid (reminders)
217,"""custom rotation patterns""",Mismatch / Not in Taxonomy
217,"""hourly planner""",Mismatch / Not in Taxonomy
217,"""track overtime""",Mismatch / Not in Taxonomy
217,"""notifications for shift events""",Valid (reminders)
217,"""share work planner""",Mismatch / Not in Taxonomy
217,"""monthly shift view""",Mismatch / Not in Taxonomy
217,"""set start day of the week""",Mismatch / Not in Taxonomy
217,"""share monthly shift view via email",Mismatch / Not in Taxonomy
217,sms,Mismatch / Not in Taxonomy
217,"or photo album""",Mismatch / Not in Taxonomy
217,"""push notifications for shift changes""",Valid (reminders)
217,"""automatically fill in shift calendar""",Mismatch / Not in Taxonomy
217,"""view up to two shifts per day""",Mismatch / Not in Taxonomy
217,"""copy and paste shifts""]",Mismatch / Not in Taxonomy
218,"[""trim videos""",Mismatch / Not in Taxonomy
218,"""cut videos""",Mismatch / Not in Taxonomy
218,"""edit videos""",Mismatch / Not in Taxonomy
218,"""adjust exposure""",Mismatch / Not in Taxonomy
218,"""adjust contrast""",Mismatch / Not in Taxonomy
218,"""adjust saturation""",Mismatch / Not in Taxonomy
218,"""combine clips""",Mismatch / Not in Taxonomy
218,"""add music to videos""",Mismatch / Not in Taxonomy
218,"""apply visual effects""",Mismatch / Not in Taxonomy
218,"""add slowmotion effects""",Mismatch / Not in Taxonomy
218,"""add speed ramping effects""",Mismatch / Not in Taxonomy
218,"""overlay clips""",Mismatch / Not in Taxonomy
218,"""add music from library""",Mismatch / Not in Taxonomy
218,"""add builtin tracks""",Mismatch / Not in Taxonomy
218,"""apply filters""",Mismatch / Not in Taxonomy
218,"""apply effects""",Mismatch / Not in Taxonomy
218,"""choose transition styles""",Mismatch / Not in Taxonomy
218,"""add text overlays""",Mismatch / Not in Taxonomy
218,"""add fonts""",Mismatch / Not in Taxonomy
218,"""match fonts""",Mismatch / Not in Taxonomy
218,"""add text animation""",Mismatch / Not in Taxonomy
218,"""automatically generate highlight reels""",Mismatch / Not in Taxonomy
218,"""capture voice overs""",Mismatch / Not in Taxonomy
218,"""capture ambient sounds""",Mismatch / Not in Taxonomy
218,"""add stickers""",Mismatch / Not in Taxonomy
218,"""extract audio from videos""",Mismatch / Not in Taxonomy
218,"""add picture in picture (pip) videos""",Mismatch / Not in Taxonomy
218,"""access royaltyfree music library""",Mismatch / Not in Taxonomy
218,"""share videos to social media platforms""",Mismatch / Not in Taxonomy
218,"""save videos in high resolution""",Mismatch / Not in Taxonomy
218,"""export videos in 4k""]",Mismatch / Not in Taxonomy
219,"[""daily gratitude photo""",Mismatch / Not in Taxonomy
219,"""daily acceptance""",Mismatch / Not in Taxonomy
219,"""supported introspection""]",Mismatch / Not in Taxonomy
220,"[""sleep tracker""",Mismatch / Not in Taxonomy
220,"""screen time blocker""",Mismatch / Not in Taxonomy
220,"""personalized sleep ritual""",Mismatch / Not in Taxonomy
220,"""sleep journal""",Mismatch / Not in Taxonomy
220,"""dark mode""",Mismatch / Not in Taxonomy
220,"""curated nightly content""",Mismatch / Not in Taxonomy
220,"""track bedtimes and wake times""",Mismatch / Not in Taxonomy
220,"""track habits impacting sleep""",Mismatch / Not in Taxonomy
220,"""earn streaks for completing nighttime rituals""",Mismatch / Not in Taxonomy
220,"""coaching library""",Mismatch / Not in Taxonomy
220,"""human coaching sessions""",Mismatch / Not in Taxonomy
220,"""morning",Mismatch / Not in Taxonomy
220,afternoon,Mismatch / Not in Taxonomy
220,"evening routines""",Mismatch / Not in Taxonomy
220,"""community support""]",Mismatch / Not in Taxonomy
221,"[""habit tracker""",Mismatch / Not in Taxonomy
221,"""curated habit building recommendations""",Mismatch / Not in Taxonomy
221,"""audio lessons""",Mismatch / Not in Taxonomy
221,"""mood journal""",Mismatch / Not in Taxonomy
221,"""procrastination timer""",Mismatch / Not in Taxonomy
221,"""intelligent statistics""",Mismatch / Not in Taxonomy
221,"""smart analytics""",Valid (analytics)
221,"""visualizations of longterm habit tracking progress""",Mismatch / Not in Taxonomy
221,"""gamification of progress""",Mismatch / Not in Taxonomy
221,"""focus timer""",Mismatch / Not in Taxonomy
221,"""journaling""",Mismatch / Not in Taxonomy
221,"""minimalistic interface""",Mismatch / Not in Taxonomy
221,"""habit reason creation""",Mismatch / Not in Taxonomy
221,"""goal breakdown into manageable chunks""",Mismatch / Not in Taxonomy
221,"""statistical analysis""",Mismatch / Not in Taxonomy
221,"""machine learning insights""]",Valid (analytics)
222,"[""personalized emotional journeys""",Mismatch / Not in Taxonomy
222,"""sciencebacked techniques""",Mismatch / Not in Taxonomy
222,"""emotional tracking""",Mismatch / Not in Taxonomy
222,"""interactive exercises""",Mismatch / Not in Taxonomy
222,"""behavioral coaching""",Mismatch / Not in Taxonomy
222,"""emotional toolkit""",Mismatch / Not in Taxonomy
222,"""community support""",Mismatch / Not in Taxonomy
222,"""daily reminders & notifications""",Valid (reminders)
222,"""progress tracking""",Mismatch / Not in Taxonomy
222,"""flexible subscription plans""]",Mismatch / Not in Taxonomy
223,"[""time management tool""",Mismatch / Not in Taxonomy
223,"""schedule with timeline and part of the day modes""",Mismatch / Not in Taxonomy
223,"""time tracking with bubbles""",Mismatch / Not in Taxonomy
223,"""customizing with icons and colors""",Mismatch / Not in Taxonomy
223,"""hierarchical structure of categories and subcategories""",Mismatch / Not in Taxonomy
223,"""reminders of different types""",Valid (reminders)
223,"""task priority marks""",Mismatch / Not in Taxonomy
223,"""notes with rich formatting""",Mismatch / Not in Taxonomy
223,"""alarm with captcha""",Valid (reminders)
223,"""moon calendar""",Mismatch / Not in Taxonomy
223,"""import events from google calendar""",Mismatch / Not in Taxonomy
223,"""backup""",Mismatch / Not in Taxonomy
223,"""unlimited and detailed statistics""",Mismatch / Not in Taxonomy
223,"""multiple nesting levels of subtasks""",Mismatch / Not in Taxonomy
223,"""various filters""",Mismatch / Not in Taxonomy
223,"""timer""",Mismatch / Not in Taxonomy
223,"""stopwatch""",Mismatch / Not in Taxonomy
223,"""countdown""",Valid (timer)
223,"""widget for quick access""",Mismatch / Not in Taxonomy
223,"""enriched settings with more sounds""]",Mismatch / Not in Taxonomy
224,"[""home and gym workout options""",Mismatch / Not in Taxonomy
224,"""guided ondemand pilates classes""",Mismatch / Not in Taxonomy
224,"""4",Mismatch / Not in Taxonomy
224,"5 or 6day training split options""",Mismatch / Not in Taxonomy
224,"""customisable workout planner""",Mismatch / Not in Taxonomy
224,"""exclusive workout library""",Mismatch / Not in Taxonomy
224,"""warm ups",Mismatch / Not in Taxonomy
224,target workouts,Mismatch / Not in Taxonomy
224,"sculpting circuits""",Mismatch / Not in Taxonomy
224,"""no equipment workouts""",Mismatch / Not in Taxonomy
224,"""30 min hiit workouts""",Mismatch / Not in Taxonomy
224,"""cardio options""",Mismatch / Not in Taxonomy
224,"""finishers",Mismatch / Not in Taxonomy
224,burnout challenges,Mismatch / Not in Taxonomy
224,"and cool downs""",Mismatch / Not in Taxonomy
224,"""regression",Mismatch / Not in Taxonomy
224,progression,Mismatch / Not in Taxonomy
224,"no equipment and exercise swap options""",Mismatch / Not in Taxonomy
224,"""video demonstrations and exercise descriptions""",Mismatch / Not in Taxonomy
224,"""playable workout feature and timer""",Mismatch / Not in Taxonomy
224,"""track weights",Mismatch / Not in Taxonomy
224,reps,Mismatch / Not in Taxonomy
224,sets,Mismatch / Not in Taxonomy
224,"and performance""",Mismatch / Not in Taxonomy
224,"""calories and macros based on individual measurements""",Mismatch / Not in Taxonomy
224,"""customised meal guide options""",Mismatch / Not in Taxonomy
224,"""recipe swap feature""",Mismatch / Not in Taxonomy
224,"""ingredient swap feature""",Mismatch / Not in Taxonomy
224,"""recipe filter for browsing recipes""",Mismatch / Not in Taxonomy
224,"""serving size adjustment for recipes""",Mismatch / Not in Taxonomy
224,"""diverse dietary options including dairyfree",Mismatch / Not in Taxonomy
224,glutenfree,Mismatch / Not in Taxonomy
224,vegetarian,Mismatch / Not in Taxonomy
224,"and vegan""",Mismatch / Not in Taxonomy
224,"""library of over 1200+ recipes""",Mismatch / Not in Taxonomy
224,"""daily calorie and macronutrient tracking""",Mismatch / Not in Taxonomy
224,"""interactive shopping list""",Mismatch / Not in Taxonomy
224,"""checkins with dietitians""",Mismatch / Not in Taxonomy
224,"""tools to track hydration",Mismatch / Not in Taxonomy
224,steps,Mismatch / Not in Taxonomy
224,sleep,Mismatch / Not in Taxonomy
224,"and nutrition compliance""",Mismatch / Not in Taxonomy
224,"""log weekly measurements and progress photos""",Mismatch / Not in Taxonomy
224,"""goal setting feature""",Mismatch / Not in Taxonomy
224,"""integration with health app for syncing daily steps""",Mismatch / Not in Taxonomy
224,"""access to 20+ structured workout programs""",Mismatch / Not in Taxonomy
224,"""modify workouts and swap exercises""",Mismatch / Not in Taxonomy
224,"""progress tracking tools""",Mismatch / Not in Taxonomy
224,"""personalised program recommendations""]",Mismatch / Not in Taxonomy
225,"[""selfcare routines""",Mismatch / Not in Taxonomy
225,"""over 100 habits for easy building""",Mismatch / Not in Taxonomy
225,"""customizable reminders""",Valid (reminders)
225,"""visualize your perfect day""]",Mismatch / Not in Taxonomy
226,"[""personalized daily bible verses""",Mismatch / Not in Taxonomy
226,"""bible ai chat for realtime guidance""",Mismatch / Not in Taxonomy
226,"""spiritual journaling""",Mismatch / Not in Taxonomy
226,"""audio bible""",Mismatch / Not in Taxonomy
226,"""daily devotionals""",Mismatch / Not in Taxonomy
226,"""multiple bible versions""",Mismatch / Not in Taxonomy
226,"""structured bible study plans""",Mismatch / Not in Taxonomy
226,"""personalized daily devotionals""",Mismatch / Not in Taxonomy
226,"""prayer support""",Mismatch / Not in Taxonomy
226,"""share your faith""",Mismatch / Not in Taxonomy
226,"""biblical character profiles""]",Mismatch / Not in Taxonomy
227,"[""create and customize habits""",Mismatch / Not in Taxonomy
227,"""take the 21 days challenge""",Mismatch / Not in Taxonomy
227,"""don’t break the chain""",Mismatch / Not in Taxonomy
227,"""stay on track with reminders""",Valid (reminders)
227,"""track your progress with detailed analytics""",Valid (analytics)
227,"""join a supportive community""",Mismatch / Not in Taxonomy
227,"""targeted challenges""",Mismatch / Not in Taxonomy
227,"""community and forum""",Mismatch / Not in Taxonomy
227,"""personal development""]",Mismatch / Not in Taxonomy
228,"[""simple and easy to use""",Mismatch / Not in Taxonomy
228,"""timetable""",Mismatch / Not in Taxonomy
228,"""scheduling of events (exams",Mismatch / Not in Taxonomy
228,homeworks/tasks,Mismatch / Not in Taxonomy
228,"and returning books to the library)""",Mismatch / Not in Taxonomy
228,"""add alarms and notifications (reminders) for events""",Valid (reminders)
228,"""check events as 'completed'""",Mismatch / Not in Taxonomy
228,"""events ordered by day",Mismatch / Not in Taxonomy
228,"week and month""",Mismatch / Not in Taxonomy
228,"""timetable of the week""",Mismatch / Not in Taxonomy
228,"""calendar""",Mismatch / Not in Taxonomy
228,"""management of marks""",Mismatch / Not in Taxonomy
228,"""timetable and events widgets""]",Mismatch / Not in Taxonomy
229,"[""view tiktok & youtube history""",Mismatch / Not in Taxonomy
229,"""track time spent on tiktok & youtube""",Mismatch / Not in Taxonomy
229,"""suspicious text detection""",Mismatch / Not in Taxonomy
229,"""detect chat history on whatsapp",Mismatch / Not in Taxonomy
229,line,Mismatch / Not in Taxonomy
229,viber,Mismatch / Not in Taxonomy
229,kik,Mismatch / Not in Taxonomy
229,wechat,Mismatch / Not in Taxonomy
229,youtube,Mismatch / Not in Taxonomy
229,facebook,Mismatch / Not in Taxonomy
229,instagram,Valid (blocking)
229,"and qq""",Mismatch / Not in Taxonomy
229,"""realtime location tracker""",Mismatch / Not in Taxonomy
229,"""set up geofences for alerts""",Mismatch / Not in Taxonomy
229,"""supervise and control various android models""",Mismatch / Not in Taxonomy
229,"""instant screenshot""",Mismatch / Not in Taxonomy
229,"""record screen remotely""",Mismatch / Not in Taxonomy
229,"""thorough usage report""",Mismatch / Not in Taxonomy
229,"""read text messages""",Mismatch / Not in Taxonomy
229,"""check call history""",Mismatch / Not in Taxonomy
229,"""record phone calls""",Mismatch / Not in Taxonomy
229,"""check search history""",Mismatch / Not in Taxonomy
229,"""capture keystrokes""",Mismatch / Not in Taxonomy
229,"""set up keywords for alerts""",Mismatch / Not in Taxonomy
229,"""track mobile locations""",Mismatch / Not in Taxonomy
229,"""monitor social media activity""",Mismatch / Not in Taxonomy
229,"""remote camera access""",Mismatch / Not in Taxonomy
229,"""listen to surrounding sounds remotely""",Mismatch / Not in Taxonomy
229,"""view browsing history""",Mismatch / Not in Taxonomy
229,"""track realtime location & travel history""]",Mismatch / Not in Taxonomy
230,"[""unlimited streaming of documentary programming""",Mismatch / Not in Taxonomy
230,"""download shows for offline viewing""",Mismatch / Not in Taxonomy
230,"""4k and hd documentary content""",Mismatch / Not in Taxonomy
230,"""access on multiple devices""",Mismatch / Not in Taxonomy
230,"""new content added weekly""",Mismatch / Not in Taxonomy
230,"""multiple search tools for browsing titles""",Mismatch / Not in Taxonomy
230,"""rate shows and receive recommendations""",Mismatch / Not in Taxonomy
230,"""bookmark shows to watch later""",Mismatch / Not in Taxonomy
230,"""resume watching previously viewed shows on other devices""",Mismatch / Not in Taxonomy
230,"""manage subscription and autorenewal settings""]",Mismatch / Not in Taxonomy
231,"[""daily affirmations""",Mismatch / Not in Taxonomy
231,"""selfreflection exercises""",Mismatch / Not in Taxonomy
231,"""selfcare practices""",Mismatch / Not in Taxonomy
231,"""presence and mindfulness training""",Mismatch / Not in Taxonomy
231,"""selflove communication techniques""",Mismatch / Not in Taxonomy
231,"""selfdevelopment activities""",Mismatch / Not in Taxonomy
231,"""goal setting reminders""",Valid (reminders)
231,"""positive affirmation reminders""]",Valid (reminders)
232,"[""allinone timeline view""",Mismatch / Not in Taxonomy
232,"""calendar integration""",Mismatch / Not in Taxonomy
232,"""project board (kanbanstyle)""",Mismatch / Not in Taxonomy
232,"""recurring tasks""",Mismatch / Not in Taxonomy
232,"""habit tracking""",Mismatch / Not in Taxonomy
232,"""multireminder support""",Valid (reminders)
232,"""customizable widgets""",Mismatch / Not in Taxonomy
232,"""templates""",Mismatch / Not in Taxonomy
232,"""tags""",Mismatch / Not in Taxonomy
232,"""bulk actions""",Mismatch / Not in Taxonomy
232,"""checklist creation""",Mismatch / Not in Taxonomy
232,"""import calendar events""",Mismatch / Not in Taxonomy
232,"""sync across devices""",Mismatch / Not in Taxonomy
232,"""reminder notifications""",Valid (reminders)
232,"""customizable repeating reminders""]",Valid (reminders)
233,"[""manage daily tasks""",Mismatch / Not in Taxonomy
233,"""track progress of tasks""",Mismatch / Not in Taxonomy
233,"""create detailed plans""",Mismatch / Not in Taxonomy
233,"""gamify task management""",Mismatch / Not in Taxonomy
233,"""visualize task progress""",Mismatch / Not in Taxonomy
233,"""customize journal themes""",Mismatch / Not in Taxonomy
233,"""collect island blocks and landmarks""",Mismatch / Not in Taxonomy
233,"""review and organize tasks""",Mismatch / Not in Taxonomy
233,"""set and achieve daily goals""",Mismatch / Not in Taxonomy
233,"""keep track of tasks for day",Mismatch / Not in Taxonomy
233,week,Mismatch / Not in Taxonomy
233,"and month""",Mismatch / Not in Taxonomy
233,"""receive immediate visual feedback""",Mismatch / Not in Taxonomy
233,"""adjust progress based on daily life""",Mismatch / Not in Taxonomy
233,"""create lists for routines and habits""",Mismatch / Not in Taxonomy
233,"""unlock badges and achievements""]",Mismatch / Not in Taxonomy
234,"[""daily devotionals""",Mismatch / Not in Taxonomy
234,"""prayer""",Mismatch / Not in Taxonomy
234,"""bible study""",Mismatch / Not in Taxonomy
234,"""access to multiple bible translations (kjv",Mismatch / Not in Taxonomy
234,niv,Mismatch / Not in Taxonomy
234,esv,Mismatch / Not in Taxonomy
234,"nasb)""",Mismatch / Not in Taxonomy
234,"""inapp journaling""",Mismatch / Not in Taxonomy
234,"""community sharing of thoughts and prayers""",Mismatch / Not in Taxonomy
234,"""community annotations feature""",Mismatch / Not in Taxonomy
234,"""guided prayers""",Mismatch / Not in Taxonomy
234,"""prayer request sharing""",Mismatch / Not in Taxonomy
234,"""biblebased audio courses""",Mismatch / Not in Taxonomy
234,"""expertled teachings on faith""",Mismatch / Not in Taxonomy
234,"""christian meditations""",Mismatch / Not in Taxonomy
234,"""daily devotional topics""",Mismatch / Not in Taxonomy
234,"""bible stories for kids""",Mismatch / Not in Taxonomy
234,"""daily quotes""",Mismatch / Not in Taxonomy
234,"""daily scripture passages""",Mismatch / Not in Taxonomy
234,"""mindfulness content""",Mismatch / Not in Taxonomy
234,"""curated worship music""",Mismatch / Not in Taxonomy
234,"""5 to 10day audio journeys""",Mismatch / Not in Taxonomy
234,"""online community group""",Mismatch / Not in Taxonomy
234,"""streak repair feature""]",Mismatch / Not in Taxonomy
235,"[""schedule planner""",Mismatch / Not in Taxonomy
235,"""time blocking""",Mismatch / Not in Taxonomy
235,"""organize agenda""",Mismatch / Not in Taxonomy
235,"""plan routines""",Mismatch / Not in Taxonomy
235,"""create templates""",Mismatch / Not in Taxonomy
235,"""reuse templates""",Mismatch / Not in Taxonomy
235,"""automated agenda""",Mismatch / Not in Taxonomy
235,"""view statistics""",Mismatch / Not in Taxonomy
235,"""add custom reminders""",Valid (reminders)
235,"""custom vibrations""",Mismatch / Not in Taxonomy
235,"""custom sounds""",Mismatch / Not in Taxonomy
235,"""voice reminders""",Valid (reminders)
235,"""time management system""",Mismatch / Not in Taxonomy
235,"""set routines""",Mismatch / Not in Taxonomy
235,"""set timetables""",Mismatch / Not in Taxonomy
235,"""set work shifts""",Mismatch / Not in Taxonomy
235,"""analyze time""",Mismatch / Not in Taxonomy
235,"""discover time leaks""",Mismatch / Not in Taxonomy
235,"""remove routine tasks from other calendars""]",Mismatch / Not in Taxonomy
236,"[""daily affirmations""",Mismatch / Not in Taxonomy
236,"""set reminders for affirmations""",Valid (reminders)
236,"""choose from various categories of affirmations""",Mismatch / Not in Taxonomy
236,"""personalize experience with themes and custom backgrounds""",Mismatch / Not in Taxonomy
236,"""adjust reminder settings""",Valid (reminders)
236,"""install widgets for daily inspiration""",Mismatch / Not in Taxonomy
236,"""practice spiritual affirmations""",Mismatch / Not in Taxonomy
236,"""record and analyze moods",Mismatch / Not in Taxonomy
236,emotions,Mismatch / Not in Taxonomy
236,"and triggers""]",Mismatch / Not in Taxonomy
237,"[""gratitude journal""",Mismatch / Not in Taxonomy
237,"""premade and custom journaling prompts""",Mismatch / Not in Taxonomy
237,"""easy reflections""",Mismatch / Not in Taxonomy
237,"""private diary with secure passcode or touch id protection""",Mismatch / Not in Taxonomy
237,"""reminders for daily notifications""",Valid (reminders)
237,"""positive affirmations""",Mismatch / Not in Taxonomy
237,"""daily quotes""",Mismatch / Not in Taxonomy
237,"""weekly challenges""",Mismatch / Not in Taxonomy
237,"""dark mode""",Mismatch / Not in Taxonomy
237,"""streaks tracking""",Mismatch / Not in Taxonomy
237,"""backup/export options to pdf",Mismatch / Not in Taxonomy
237,html,Mismatch / Not in Taxonomy
237,"dropbox""",Mismatch / Not in Taxonomy
237,"""photos and video capture""",Mismatch / Not in Taxonomy
237,"""personalized practice with custom questions""",Mismatch / Not in Taxonomy
237,"""mood tracker""",Mismatch / Not in Taxonomy
237,"""space for notes""",Mismatch / Not in Taxonomy
237,"""look back reminders with 'on this day' feature""",Valid (reminders)
237,"""timeline photo view""]",Mismatch / Not in Taxonomy
238,"[""yoga for beginners""",Mismatch / Not in Taxonomy
238,"""yoga practices in 12 languages""",Mismatch / Not in Taxonomy
238,"""daily quotes from sadhguru""",Mismatch / Not in Taxonomy
238,"""daily wisdom videos""",Mismatch / Not in Taxonomy
238,"""access to sadhguru's videos",Mismatch / Not in Taxonomy
238,articles,Mismatch / Not in Taxonomy
238,"and podcasts""",Mismatch / Not in Taxonomy
238,"""video platform for mysticism and spirituality""",Mismatch / Not in Taxonomy
238,"""yoga for health""",Mismatch / Not in Taxonomy
238,"""yoga for immunity""",Mismatch / Not in Taxonomy
238,"""yoga for success""",Mismatch / Not in Taxonomy
238,"""yoga for overall wellbeing""",Mismatch / Not in Taxonomy
238,"""yoga for peace""",Mismatch / Not in Taxonomy
238,"""yoga for joy""",Mismatch / Not in Taxonomy
238,"""yoga for inner exploration""",Mismatch / Not in Taxonomy
238,"""yoga for love""",Mismatch / Not in Taxonomy
238,"""isha kriya guided meditation""",Mismatch / Not in Taxonomy
238,"""sadhguru presence guided chant""",Mismatch / Not in Taxonomy
238,"""infinity meditation""",Mismatch / Not in Taxonomy
238,"""chit shakti guided meditations""",Mismatch / Not in Taxonomy
238,"""inner engineering online program""",Mismatch / Not in Taxonomy
238,"""wake up to a chant alarm feature""",Valid (reminders)
238,"""library of chants and music""]",Mismatch / Not in Taxonomy
239,"[""professionally curated hypnosis sessions""",Mismatch / Not in Taxonomy
239,"""more than 50 free sessions""",Mismatch / Not in Taxonomy
239,"""sleep better at night""",Mismatch / Not in Taxonomy
239,"""find relaxation and peace""",Mismatch / Not in Taxonomy
239,"""overcome shame",Mismatch / Not in Taxonomy
239,anger,Mismatch / Not in Taxonomy
239,perfectionism,Mismatch / Not in Taxonomy
239,"stress""",Mismatch / Not in Taxonomy
239,"""stop smoking""",Mismatch / Not in Taxonomy
239,"""premium subscription access""",Mismatch / Not in Taxonomy
239,"""over 250 sessions and courses""",Mismatch / Not in Taxonomy
239,"""autogenic training""",Mismatch / Not in Taxonomy
239,"""sleep stories""",Mismatch / Not in Taxonomy
239,"""courses for successfocused mindset""",Mismatch / Not in Taxonomy
239,"""save recordings as favourites""]",Mismatch / Not in Taxonomy
240,"[""indicator method for managing cleaning tasks""",Mismatch / Not in Taxonomy
240,"""visualization of dirtiness""",Mismatch / Not in Taxonomy
240,"""gamification of cleaning tasks""",Mismatch / Not in Taxonomy
240,"""customizable cleaning plan setup""",Mismatch / Not in Taxonomy
240,"""support for singles and complex households""",Mismatch / Not in Taxonomy
240,"""automated todo list generation""",Mismatch / Not in Taxonomy
240,"""visual interface with intuitive cues""",Mismatch / Not in Taxonomy
240,"""extensive library of common tasks""",Mismatch / Not in Taxonomy
240,"""focus timer for cleaning sessions""",Mismatch / Not in Taxonomy
240,"""task assignment and rotation""",Mismatch / Not in Taxonomy
240,"""progress visualization and gamification""",Mismatch / Not in Taxonomy
240,"""breaking down chores into smaller tasks""",Mismatch / Not in Taxonomy
240,"""tracking task 'dueness'""",Mismatch / Not in Taxonomy
240,"""data synchronization between devices""",Mismatch / Not in Taxonomy
240,"""leaderboard for internal competition""",Mismatch / Not in Taxonomy
240,"""onboarding guide for setup""",Mismatch / Not in Taxonomy
240,"""support for multiple homes""]",Mismatch / Not in Taxonomy
241,"[""selftests for adhd",Mismatch / Not in Taxonomy
241,trauma,Mismatch / Not in Taxonomy
241,personality types,Mismatch / Not in Taxonomy
241,"mood disorders""",Mismatch / Not in Taxonomy
241,"""personalized courses based on cognitive behavioral therapy (cbt)""",Mismatch / Not in Taxonomy
241,"""ai journal & mood tracker""",Mismatch / Not in Taxonomy
241,"""daily personalized insights""",Valid (analytics)
241,"""love language test""",Mismatch / Not in Taxonomy
241,"""courses on couples therapy",Mismatch / Not in Taxonomy
241,emotional intimacy,Mismatch / Not in Taxonomy
241,"and conflict resolution""",Mismatch / Not in Taxonomy
241,"""indepth courses on managing stress",Mismatch / Not in Taxonomy
241,procrastination,Mismatch / Not in Taxonomy
241,childhood trauma,Mismatch / Not in Taxonomy
241,burnout recovery,Mismatch / Not in Taxonomy
241,depression,Mismatch / Not in Taxonomy
241,"and heartbreak healing""",Mismatch / Not in Taxonomy
241,"""adhd selfreport scale""",Mismatch / Not in Taxonomy
241,"""attachment style test""",Mismatch / Not in Taxonomy
241,"""personality type test (mbti)""",Mismatch / Not in Taxonomy
241,"""narcissism level test""",Mismatch / Not in Taxonomy
241,"""mood disorder test""",Mismatch / Not in Taxonomy
241,"""daily affirmations""",Mismatch / Not in Taxonomy
241,"""private & secure user experience""]",Mismatch / Not in Taxonomy
242,"[""immersive storyline""",Mismatch / Not in Taxonomy
242,"""character customization""",Mismatch / Not in Taxonomy
242,"""daily quests""",Mismatch / Not in Taxonomy
242,"""aiassisted todo lists""",Mismatch / Not in Taxonomy
242,"""recurring tasks""",Mismatch / Not in Taxonomy
242,"""earn coins and xp""",Mismatch / Not in Taxonomy
242,"""four archetypes""",Mismatch / Not in Taxonomy
242,"""beastiary card collection""",Mismatch / Not in Taxonomy
242,"""hunting beasts""",Mismatch / Not in Taxonomy
242,"""meditations""",Mismatch / Not in Taxonomy
242,"""affirmations""",Mismatch / Not in Taxonomy
242,"""campfire daily reflection""",Mismatch / Not in Taxonomy
242,"""three houses""]",Mismatch / Not in Taxonomy
243,"[""gamification of fitness goals""",Mismatch / Not in Taxonomy
243,"""personalized activity goals""",Mismatch / Not in Taxonomy
243,"""social challenges""",Mismatch / Not in Taxonomy
243,"""adorable creatures called motmots""",Mismatch / Not in Taxonomy
243,"""tracking of weekly activity""",Mismatch / Not in Taxonomy
243,"""integration with fitness trackers and wearables""",Mismatch / Not in Taxonomy
243,"""adaptive weekly activity goals""",Mismatch / Not in Taxonomy
243,"""calibration of personal goals based on user data""",Mismatch / Not in Taxonomy
243,"""weekly goals that accommodate rest days""",Mismatch / Not in Taxonomy
243,"""goal sharing with others for accountability""]",Mismatch / Not in Taxonomy
244,"[""discover movies and tv shows""",Mismatch / Not in Taxonomy
244,"""track movies and tv shows""",Mismatch / Not in Taxonomy
244,"""access detailed insights like ratings",Valid (analytics)
244,reviews,Mismatch / Not in Taxonomy
244,cast,Mismatch / Not in Taxonomy
244,"and networks""",Mismatch / Not in Taxonomy
244,"""episode tracker""",Mismatch / Not in Taxonomy
244,"""synchronize progress with moviebase cloud or trakt""",Mismatch / Not in Taxonomy
244,"""organize favorite movies and tv shows with personalized lists""",Mismatch / Not in Taxonomy
244,"""utilize a watchlist to track preferred titles""",Mismatch / Not in Taxonomy
244,"""find where to watch movies and tv shows across streaming services""]",Mismatch / Not in Taxonomy
245,"[""mental health games""",Mismatch / Not in Taxonomy
245,"""community support""",Mismatch / Not in Taxonomy
245,"""mind workouts""",Mismatch / Not in Taxonomy
245,"""personalized wellness routines""",Mismatch / Not in Taxonomy
245,"""goal tracking""",Mismatch / Not in Taxonomy
245,"""virtual pet experiences""",Mismatch / Not in Taxonomy
245,"""daily affirmations""",Mismatch / Not in Taxonomy
245,"""daily motivation""",Mismatch / Not in Taxonomy
245,"""daily meditation""",Mismatch / Not in Taxonomy
245,"""mood tracker""",Mismatch / Not in Taxonomy
245,"""anonymous community connections""",Mismatch / Not in Taxonomy
245,"""gratitude jar""",Mismatch / Not in Taxonomy
245,"""proud dandelion""",Mismatch / Not in Taxonomy
245,"""safe place visualization""",Mismatch / Not in Taxonomy
245,"""1min breathing exercise""",Mismatch / Not in Taxonomy
245,"""worry box""",Mismatch / Not in Taxonomy
245,"""mindful meditation""",Mismatch / Not in Taxonomy
245,"""mood diary""",Mismatch / Not in Taxonomy
245,"""outdoor walk tracking""",Mismatch / Not in Taxonomy
245,"""treasure box""",Mismatch / Not in Taxonomy
245,"""thank you notes""",Mismatch / Not in Taxonomy
245,"""moonlight nightly routine""",Mismatch / Not in Taxonomy
245,"""54321 grounding method""",Mismatch / Not in Taxonomy
245,"""pleasant activities planning""",Mismatch / Not in Taxonomy
245,"""dear self letter writing""",Mismatch / Not in Taxonomy
245,"""smart goals""",Mismatch / Not in Taxonomy
245,"""mindful eating""",Mismatch / Not in Taxonomy
245,"""first bloom journey habitbuilding program""",Mismatch / Not in Taxonomy
245,"""aigenerated images for safe place""]",Mismatch / Not in Taxonomy
246,"[""daily gospel reflections""",Mismatch / Not in Taxonomy
246,"""reading",Mismatch / Not in Taxonomy
246,meditation,Mismatch / Not in Taxonomy
246,prayer,Mismatch / Not in Taxonomy
246,"and contemplation""",Mismatch / Not in Taxonomy
246,"""daily mass readings""",Mismatch / Not in Taxonomy
246,"""audio devotionals""",Mismatch / Not in Taxonomy
246,"""liturgical calendar""",Mismatch / Not in Taxonomy
246,"""interactive study tools""]",Mismatch / Not in Taxonomy
247,"[""adaptive timeline""",Mismatch / Not in Taxonomy
247,"""intuitive dragandreschedule""",Mismatch / Not in Taxonomy
247,"""quick task creation""",Mismatch / Not in Taxonomy
247,"""calendar integration""",Mismatch / Not in Taxonomy
247,"""detailed tasking""",Mismatch / Not in Taxonomy
247,"""homescreen widgets""]",Mismatch / Not in Taxonomy
248,"[""build websites and apps with natural language using replit agent""",Mismatch / Not in Taxonomy
248,"""instantly host anything with zero setup deployment""",Mismatch / Not in Taxonomy
248,"""create live with others through realtime multiplayer collaboration""",Mismatch / Not in Taxonomy
248,"""create in any language and any framework""",Mismatch / Not in Taxonomy
248,"""clone and remix projects from over 33 million creators""",Mismatch / Not in Taxonomy
248,"""set up custom domains for any of your projects""",Mismatch / Not in Taxonomy
248,"""use replauth to easily configure login for your project's users""",Mismatch / Not in Taxonomy
248,"""use repldb to quickly spin up databases for any project""",Mismatch / Not in Taxonomy
248,"""import designs from tools like figma""",Mismatch / Not in Taxonomy
248,"""refine designs using a visual editor""",Mismatch / Not in Taxonomy
248,"""integrate with builtin services like database and auth""",Mismatch / Not in Taxonomy
248,"""integrate with thirdparty tools like stripe and open ai""",Mismatch / Not in Taxonomy
248,"""agent tests and fixes its own code""",Mismatch / Not in Taxonomy
248,"""build agents & automations""",Mismatch / Not in Taxonomy
248,"""vibe coding for software creation through natural language""",Mismatch / Not in Taxonomy
248,"""sso for secure access""",Mismatch / Not in Taxonomy
248,"""soc 2 compliance for security standards""",Mismatch / Not in Taxonomy
248,"""private deployments for internal prototypes""",Mismatch / Not in Taxonomy
248,"""rolebased access control""",Mismatch / Not in Taxonomy
248,"""manage invites with scim""]",Mismatch / Not in Taxonomy
249,"[""visualize todo list by turning tasks into water balls""",Mismatch / Not in Taxonomy
249,"""add notes anytime""",Mismatch / Not in Taxonomy
249,"""use 'water ball of the day' feature to prioritize tasks""",Mismatch / Not in Taxonomy
249,"""daily task review""",Mismatch / Not in Taxonomy
249,"""schedule tasks""",Mismatch / Not in Taxonomy
249,"""set reminders""",Valid (reminders)
249,"""complete tasks to unlock treasure chests""",Mismatch / Not in Taxonomy
249,"""explore various theme islands""",Mismatch / Not in Taxonomy
249,"""quickly add tasks and drag them to set dates in calendar""",Mismatch / Not in Taxonomy
249,"""sync task statuses with todo list""]",Mismatch / Not in Taxonomy
250,"[""homework and assignment tracking""",Mismatch / Not in Taxonomy
250,"""exam management""",Mismatch / Not in Taxonomy
250,"""reminders""",Valid (reminders)
250,"""customizable timetable""",Mismatch / Not in Taxonomy
250,"""builtin calendar""",Mismatch / Not in Taxonomy
250,"""grade management""",Mismatch / Not in Taxonomy
250,"""automatic average calculation""",Mismatch / Not in Taxonomy
250,"""lecture recording""",Mismatch / Not in Taxonomy
250,"""teacher contact information storage""",Mismatch / Not in Taxonomy
250,"""device synchronization""",Mismatch / Not in Taxonomy
250,"""data backup on google drive""",Mismatch / Not in Taxonomy
250,"""notifications for assignments and tests""",Valid (reminders)
250,"""colorcoded subjects""",Mismatch / Not in Taxonomy
250,"""daily schedule management""]",Mismatch / Not in Taxonomy
251,"[""stopwatch timer""",Mismatch / Not in Taxonomy
251,"""countdown timer""",Valid (timer)
251,"""pomodoro timer""",Valid (pomodoro)
251,"""daily goal setting""",Mismatch / Not in Taxonomy
251,"""weekly goal setting""",Mismatch / Not in Taxonomy
251,"""monthly goal setting""",Mismatch / Not in Taxonomy
251,"""mood tracking""",Mismatch / Not in Taxonomy
251,"""activity tracking""",Mismatch / Not in Taxonomy
251,"""task creation""",Mismatch / Not in Taxonomy
251,"""category organization""",Mismatch / Not in Taxonomy
251,"""custom reminders""",Valid (reminders)
251,"""detailed time statistics""",Mismatch / Not in Taxonomy
251,"""visual insights""",Valid (analytics)
251,"""streak tracking""",Mismatch / Not in Taxonomy
251,"""pattern recognition""",Mismatch / Not in Taxonomy
251,"""indepth analytics""",Valid (analytics)
251,"""color customization""",Mismatch / Not in Taxonomy
251,"""custom date intervals""",Mismatch / Not in Taxonomy
251,"""advanced filtering""",Mismatch / Not in Taxonomy
251,"""report history""",Mismatch / Not in Taxonomy
251,"""home screen widgets""",Mismatch / Not in Taxonomy
251,"""dark mode""",Mismatch / Not in Taxonomy
251,"""timeline view""",Mismatch / Not in Taxonomy
251,"""calendar view""]",Mismatch / Not in Taxonomy
252,"[""live location tracking""",Mismatch / Not in Taxonomy
252,"""sound around""",Mismatch / Not in Taxonomy
252,"""loud signal""",Mismatch / Not in Taxonomy
252,"""app statistics""",Mismatch / Not in Taxonomy
252,"""family chat""",Mismatch / Not in Taxonomy
252,"""battery check""",Mismatch / Not in Taxonomy
252,"""sos button""",Mismatch / Not in Taxonomy
252,"""geofencing""]",Mismatch / Not in Taxonomy
253,"[""convert images (jpg",Mismatch / Not in Taxonomy
253,jpeg,Mismatch / Not in Taxonomy
253,png,Mismatch / Not in Taxonomy
253,"etc.) to pdf files""",Mismatch / Not in Taxonomy
253,"""import images or scan paper files with camera""",Mismatch / Not in Taxonomy
253,"""read all pdfs on device""",Mismatch / Not in Taxonomy
253,"""doodle",Mismatch / Not in Taxonomy
253,add text,Mismatch / Not in Taxonomy
253,"and sign pdfs""",Mismatch / Not in Taxonomy
253,"""resize images""",Mismatch / Not in Taxonomy
253,"""crop images""",Mismatch / Not in Taxonomy
253,"""rotate images""",Mismatch / Not in Taxonomy
253,"""auto sort images and pdf files by name",Mismatch / Not in Taxonomy
253,size,Mismatch / Not in Taxonomy
253,created date,Mismatch / Not in Taxonomy
253,"modified date""",Mismatch / Not in Taxonomy
253,"""compress pdf files""",Mismatch / Not in Taxonomy
253,"""set passwords to protect pdf files""",Mismatch / Not in Taxonomy
253,"""encrypt confidential files""",Mismatch / Not in Taxonomy
253,"""work offline""",Mismatch / Not in Taxonomy
253,"""share converted pdf files via social media",Mismatch / Not in Taxonomy
253,bluetooth,Mismatch / Not in Taxonomy
253,"email""",Mismatch / Not in Taxonomy
253,"""quick search for files""",Mismatch / Not in Taxonomy
253,"""merge multiple pictures into a single pdf file""",Mismatch / Not in Taxonomy
253,"""track menstrual cycles""",Mismatch / Not in Taxonomy
253,"""record cervical mucus",Mismatch / Not in Taxonomy
253,bmi,Mismatch / Not in Taxonomy
253,sexual activity,Mismatch / Not in Taxonomy
253,weight,Mismatch / Not in Taxonomy
253,temperature,Mismatch / Not in Taxonomy
253,symptoms,Mismatch / Not in Taxonomy
253,"or moods""",Mismatch / Not in Taxonomy
253,"""synchronize workout and calorie data with google fit""",Mismatch / Not in Taxonomy
253,"""track steps using builtin sensor""",Mismatch / Not in Taxonomy
253,"""track burned calories",Mismatch / Not in Taxonomy
253,walking distance,Mismatch / Not in Taxonomy
253,"and time""",Mismatch / Not in Taxonomy
253,"""set daily step goals""",Mismatch / Not in Taxonomy
253,"""display statistics in graphs""]",Mismatch / Not in Taxonomy
254,"[""todo lists""",Mismatch / Not in Taxonomy
254,"""daily planner""",Mismatch / Not in Taxonomy
254,"""task organizer""",Mismatch / Not in Taxonomy
254,"""shopping lists""",Mismatch / Not in Taxonomy
254,"""habit tracker""",Mismatch / Not in Taxonomy
254,"""notetaking""",Mismatch / Not in Taxonomy
254,"""calendar integration""",Mismatch / Not in Taxonomy
254,"""smart reminders""",Valid (reminders)
254,"""file sharing""",Mismatch / Not in Taxonomy
254,"""project management""",Mismatch / Not in Taxonomy
254,"""collaboration tools""",Mismatch / Not in Taxonomy
254,"""customizable interface""",Mismatch / Not in Taxonomy
254,"""widgets""",Mismatch / Not in Taxonomy
254,"""markdown editor""",Mismatch / Not in Taxonomy
254,"""mood diary""",Mismatch / Not in Taxonomy
254,"""budget tracking""",Mismatch / Not in Taxonomy
254,"""event scheduling""",Mismatch / Not in Taxonomy
254,"""task prioritization""",Mismatch / Not in Taxonomy
254,"""builtin timers""",Mismatch / Not in Taxonomy
254,"""daily notes""",Mismatch / Not in Taxonomy
254,"""weather widget""",Mismatch / Not in Taxonomy
254,"""sync across devices""",Mismatch / Not in Taxonomy
254,"""filters and categories""",Mismatch / Not in Taxonomy
254,"""photo journal""",Mismatch / Not in Taxonomy
254,"""vision board creation""",Mismatch / Not in Taxonomy
254,"""flowchart task creation""]",Mismatch / Not in Taxonomy
255,"[""exceptional narration by native speakers""",Mismatch / Not in Taxonomy
255,"""contextual illustrations for the texts""",Mismatch / Not in Taxonomy
255,"""translates entire sentences""",Mismatch / Not in Taxonomy
255,"""interactive exercises""",Mismatch / Not in Taxonomy
255,"""daily goals""",Mismatch / Not in Taxonomy
255,"""steady pace""]",Mismatch / Not in Taxonomy
256,"[""biblebased guided meditations""",Mismatch / Not in Taxonomy
256,"""personalized daily devotionals""",Mismatch / Not in Taxonomy
256,"""growing in faith tracking""",Mismatch / Not in Taxonomy
256,"""bedtime stories""",Mismatch / Not in Taxonomy
256,"""audio bible""",Mismatch / Not in Taxonomy
256,"""new international version (niv) bible access""",Mismatch / Not in Taxonomy
256,"""structured prayer plans""",Mismatch / Not in Taxonomy
256,"""regular updates with new meditations",Mismatch / Not in Taxonomy
256,plans,Mismatch / Not in Taxonomy
256,"and bible stories""]",Mismatch / Not in Taxonomy
257,"[""daily writing or speaking prompts""",Mismatch / Not in Taxonomy
257,"""personalized wellbeing plan""",Mismatch / Not in Taxonomy
257,"""bitesized lessons""",Mismatch / Not in Taxonomy
257,"""guided prompts for selfawareness""",Mismatch / Not in Taxonomy
257,"""mood and behavior pattern recognition""",Mismatch / Not in Taxonomy
257,"""voice reflection summarization and organization""",Mismatch / Not in Taxonomy
257,"""weekly emotional trend reflections""",Mismatch / Not in Taxonomy
257,"""secure private cloud storage""",Mismatch / Not in Taxonomy
257,"""data encryption during transfer and storage""",Mismatch / Not in Taxonomy
257,"""data deletion option""]",Mismatch / Not in Taxonomy
258,"[""focus level measure timer""",Mismatch / Not in Taxonomy
258,"""global study group""",Mismatch / Not in Taxonomy
258,"""flip talk for sharing stories""",Mismatch / Not in Taxonomy
258,"""accurate time measurement""",Mismatch / Not in Taxonomy
258,"""focus level measurement""",Mismatch / Not in Taxonomy
258,"""miniwindow feature""",Mismatch / Not in Taxonomy
258,"""statistics for study time""",Mismatch / Not in Taxonomy
258,"""timeline for daily goals""",Mismatch / Not in Taxonomy
258,"""timetable for summarizing goals""",Mismatch / Not in Taxonomy
258,"""daily report of study details""",Mismatch / Not in Taxonomy
258,"""dday countdown feature""",Valid (timer)
258,"""easy sharing on social media""",Mismatch / Not in Taxonomy
258,"""realtime study monitoring""",Mismatch / Not in Taxonomy
258,"""school ranking feature""",Mismatch / Not in Taxonomy
258,"""study schedule registration""",Mismatch / Not in Taxonomy
258,"""todo list for task management""",Mismatch / Not in Taxonomy
258,"""pomodoro technique integration""]",Valid (pomodoro)
259,"[""focus level measure timer""",Mismatch / Not in Taxonomy
259,"""global study group""",Mismatch / Not in Taxonomy
259,"""global board for sharing stories""",Mismatch / Not in Taxonomy
259,"""accurate time measurement""",Mismatch / Not in Taxonomy
259,"""focus level measurement""",Mismatch / Not in Taxonomy
259,"""miniwindow feature for multitasking""",Mismatch / Not in Taxonomy
259,"""weekly and monthly study time statistics""",Mismatch / Not in Taxonomy
259,"""timeline for daily goals""",Mismatch / Not in Taxonomy
259,"""timetable for summarizing goals""",Mismatch / Not in Taxonomy
259,"""daily report of study details""",Mismatch / Not in Taxonomy
259,"""dday countdown feature""",Valid (timer)
259,"""easy sharing on social media""",Mismatch / Not in Taxonomy
259,"""realtime study monitoring""",Mismatch / Not in Taxonomy
259,"""school ranking feature""",Mismatch / Not in Taxonomy
259,"""study schedule registration""",Mismatch / Not in Taxonomy
259,"""todo list for task management""",Mismatch / Not in Taxonomy
259,"""pomodoro technique integration""]",Valid (pomodoro)
260,"[""set time limits for individual apps and websites""",Mismatch / Not in Taxonomy
260,"""track daily focus levels with a focus score""",Mismatch / Not in Taxonomy
260,"""configure and enforce app limits""",Mismatch / Not in Taxonomy
260,"""automatically restrict access once time limit is reached""",Mismatch / Not in Taxonomy
260,"""set daily limits to restrict screen time""",Mismatch / Not in Taxonomy
260,"""schedule app limits during working hours",Mismatch / Not in Taxonomy
260,breaks,Valid (pomodoro)
260,"or sleep times""",Mismatch / Not in Taxonomy
260,"""join community to climb leaderboards and unlock rewards""",Mismatch / Not in Taxonomy
260,"""use secure android screen time usage data""",Mismatch / Not in Taxonomy
260,"""block adult website domains""",Mismatch / Not in Taxonomy
260,"""enforce safe search on search engines""",Mismatch / Not in Taxonomy
260,"""block websites based on userselected keywords""",Mismatch / Not in Taxonomy
260,"""show a block window over selected websites""",Mismatch / Not in Taxonomy
260,"""block over 2 million adult sites""",Mismatch / Not in Taxonomy
260,"""customize block list""",Mismatch / Not in Taxonomy
260,"""restrict specific keywords""",Mismatch / Not in Taxonomy
260,"""enforce safe searches""",Mismatch / Not in Taxonomy
260,"""access my stats feature""",Mismatch / Not in Taxonomy
260,"""whitelist option for approved websites""",Mismatch / Not in Taxonomy
260,"""access articles and video courses""",Mismatch / Not in Taxonomy
260,"""accountability partner feature""",Mismatch / Not in Taxonomy
260,"""image blocking""",Mismatch / Not in Taxonomy
260,"""incognito mode compatibility""]",Mismatch / Not in Taxonomy
261,"[""auto scan and find all pdf files on your phone""",Mismatch / Not in Taxonomy
261,"""fast open and view documents""",Mismatch / Not in Taxonomy
261,"""highlight text""",Mismatch / Not in Taxonomy
261,"""take notes""",Mismatch / Not in Taxonomy
261,"""add esignatures""",Mismatch / Not in Taxonomy
261,"""bookmark pdf pages""",Mismatch / Not in Taxonomy
261,"""share pdf files""",Mismatch / Not in Taxonomy
261,"""page by page and continuous scrolling mode""",Mismatch / Not in Taxonomy
261,"""horizontal and vertical viewing mode""",Mismatch / Not in Taxonomy
261,"""reflow mode""",Mismatch / Not in Taxonomy
261,"""go to the desired page directly""",Mismatch / Not in Taxonomy
261,"""search for text in pdf and copy""",Mismatch / Not in Taxonomy
261,"""zoom in and zoom out pages""",Mismatch / Not in Taxonomy
261,"""display pdf files in a simple list""",Mismatch / Not in Taxonomy
261,"""quickly search files and texts by keywords""",Mismatch / Not in Taxonomy
261,"""markup paragraphs with highlight colors""",Mismatch / Not in Taxonomy
261,"""underline and strikethrough text""",Mismatch / Not in Taxonomy
261,"""doodle on pdf files""",Mismatch / Not in Taxonomy
261,"""annotate pdf files""",Mismatch / Not in Taxonomy
261,"""easily copy any text on a pdf file""",Mismatch / Not in Taxonomy
261,"""convert images to pdf files""",Mismatch / Not in Taxonomy
261,"""quickly split or merge pdf files""",Mismatch / Not in Taxonomy
261,"""add text on pdf files""",Mismatch / Not in Taxonomy
261,"""compress pdf files""",Mismatch / Not in Taxonomy
261,"""display recently opened files""",Mismatch / Not in Taxonomy
261,"""set password to lock pdf files""",Mismatch / Not in Taxonomy
261,"""rename files""",Mismatch / Not in Taxonomy
261,"""delete files""",Mismatch / Not in Taxonomy
261,"""add files to favorite""",Mismatch / Not in Taxonomy
261,"""share files with others""",Mismatch / Not in Taxonomy
261,"""print pdf files""",Mismatch / Not in Taxonomy
261,"""fill pdf forms""",Mismatch / Not in Taxonomy
261,"""rotate pdf pages""",Mismatch / Not in Taxonomy
261,"""add or delete pages""",Mismatch / Not in Taxonomy
261,"""fast conversion between pdf and word",Mismatch / Not in Taxonomy
261,"excel""]",Mismatch / Not in Taxonomy
262,"[""grammar course""",Mismatch / Not in Taxonomy
262,"""detective stories""",Mismatch / Not in Taxonomy
262,"""daily access to treasure chests""",Mismatch / Not in Taxonomy
262,"""drills for grammar topics""",Mismatch / Not in Taxonomy
262,"""associative word learning""",Mismatch / Not in Taxonomy
262,"""authentic listening material""",Mismatch / Not in Taxonomy
262,"""flashcard library""",Mismatch / Not in Taxonomy
262,"""spaced repetition""",Mismatch / Not in Taxonomy
262,"""voiced phrases by native speakers""",Mismatch / Not in Taxonomy
262,"""practice section for dialogues""",Mismatch / Not in Taxonomy
262,"""sentence completion exercises""",Mismatch / Not in Taxonomy
262,"""translation exercises""",Mismatch / Not in Taxonomy
262,"""various types of exercises in drills""",Mismatch / Not in Taxonomy
262,"""rapid pace selection""",Mismatch / Not in Taxonomy
262,"""daily goal setting""]",Mismatch / Not in Taxonomy
263,"[""set bedtime and wakeup goals""",Mismatch / Not in Taxonomy
263,"""construct buildings based on sleep goals""",Mismatch / Not in Taxonomy
263,"""view sleep statistics""",Mismatch / Not in Taxonomy
263,"""night shift mode""",Mismatch / Not in Taxonomy
263,"""unlock new buildings with earned coins""",Mismatch / Not in Taxonomy
263,"""design town with land",Mismatch / Not in Taxonomy
263,buildings,Mismatch / Not in Taxonomy
263,"and decorations""",Mismatch / Not in Taxonomy
263,"""apply holiday themes""",Mismatch / Not in Taxonomy
263,"""set days off without ending streak""",Mismatch / Not in Taxonomy
263,"""reset bedtime and wakeup goals""",Mismatch / Not in Taxonomy
263,"""set bedtime reminders and alarms""",Valid (reminders)
263,"""adjust alarm volume and sound""",Valid (reminders)
263,"""adjust shake challenge for waking up""",Mismatch / Not in Taxonomy
263,"""daily coin rewards in pro version""",Mismatch / Not in Taxonomy
263,"""choose next building to construct in pro version""",Mismatch / Not in Taxonomy
263,"""reward tickets for consecutive successful days""",Mismatch / Not in Taxonomy
263,"""earn extra tickets from events""",Mismatch / Not in Taxonomy
263,"""unlock achievements for extra rewards""",Mismatch / Not in Taxonomy
263,"""create an account for data backup""",Mismatch / Not in Taxonomy
263,"""invite friends to join sleep goals""",Mismatch / Not in Taxonomy
263,"""encourage circle members to reach goals""]",Mismatch / Not in Taxonomy
264,"[""task breakdown into todo lists""",Mismatch / Not in Taxonomy
264,"""asynchronous cloud operation""",Mismatch / Not in Taxonomy
264,"""notification upon task completion""",Valid (reminders)
264,"""prompt editing""",Mismatch / Not in Taxonomy
264,"""slide deck generation""",Mismatch / Not in Taxonomy
264,"""exporting and sharing slide decks""",Mismatch / Not in Taxonomy
264,"""instant chat for questions""",Mismatch / Not in Taxonomy
264,"""agent mode upgrade for advanced capabilities""",Mismatch / Not in Taxonomy
264,"""website creation from various file types""",Mismatch / Not in Taxonomy
264,"""image generation from prompts""",Mismatch / Not in Taxonomy
264,"""video generation from prompts""",Mismatch / Not in Taxonomy
264,"""data visualization""",Mismatch / Not in Taxonomy
264,"""automation of repetitive tasks""]",Mismatch / Not in Taxonomy
265,"[""todo list management""",Mismatch / Not in Taxonomy
265,"""schedule planner""",Mismatch / Not in Taxonomy
265,"""task reminders with alarm""",Valid (reminders)
265,"""recurring task reminders""",Valid (reminders)
265,"""task categories""",Mismatch / Not in Taxonomy
265,"""task priorities""",Mismatch / Not in Taxonomy
265,"""subtask lists""",Mismatch / Not in Taxonomy
265,"""calendar view for tasks""",Mismatch / Not in Taxonomy
265,"""daily planner for various activities""",Mismatch / Not in Taxonomy
265,"""sync and backup to cloud via google drive""",Mismatch / Not in Taxonomy
265,"""wear os watch support""",Mismatch / Not in Taxonomy
265,"""todo list widget for desktop""",Mismatch / Not in Taxonomy
265,"""completion status tracking""]",Mismatch / Not in Taxonomy
266,"[""realtime notifications of grades""",Valid (reminders)
266,"""realtime notifications of attendance""",Valid (reminders)
266,"""realtime notifications of upcoming assignments""",Valid (reminders)
266,"""realtime notifications of test scores""",Valid (reminders)
266,"""view community news feeds""",Mismatch / Not in Taxonomy
266,"""access important links for lunch payments""",Mismatch / Not in Taxonomy
266,"""access important links for extracurricular activities""",Mismatch / Not in Taxonomy
266,"""access important links for bus routes""",Mismatch / Not in Taxonomy
266,"""webbased access""",Mismatch / Not in Taxonomy
266,"""mobile app""",Mismatch / Not in Taxonomy
266,"""responsive user interface""",Mismatch / Not in Taxonomy
266,"""single login""",Mismatch / Not in Taxonomy
266,"""single interface""",Mismatch / Not in Taxonomy
266,"""single database""",Mismatch / Not in Taxonomy
266,"""custom fields""",Mismatch / Not in Taxonomy
266,"""custom forms""",Mismatch / Not in Taxonomy
266,"""custom reports""",Mismatch / Not in Taxonomy
266,"""alerts""",Mismatch / Not in Taxonomy
266,"""workflow customization""",Mismatch / Not in Taxonomy
266,"""data security""",Mismatch / Not in Taxonomy
266,"""aws cloud hosting""",Mismatch / Not in Taxonomy
266,"""implementation support""",Mismatch / Not in Taxonomy
266,"""analytics""",Valid (analytics)
266,"""attendance tracking""",Mismatch / Not in Taxonomy
266,"""tardy tracking""",Mismatch / Not in Taxonomy
266,"""document management""",Mismatch / Not in Taxonomy
266,"""before and aftercare management""",Mismatch / Not in Taxonomy
266,"""hall pass management""",Mismatch / Not in Taxonomy
266,"""assessment administration""",Mismatch / Not in Taxonomy
266,"""integrations""",Mismatch / Not in Taxonomy
266,"""security and sso""]",Mismatch / Not in Taxonomy
267,"[""realtime notifications of grades""",Valid (reminders)
267,"""realtime notifications of attendance""",Valid (reminders)
267,"""realtime notifications of upcoming assignments""",Valid (reminders)
267,"""realtime notifications of test scores""",Valid (reminders)
267,"""view community news feeds""",Mismatch / Not in Taxonomy
267,"""view twitter news feeds""",Mismatch / Not in Taxonomy
267,"""view rss news feeds""",Mismatch / Not in Taxonomy
267,"""access important links for lunch payments""",Mismatch / Not in Taxonomy
267,"""access important links for extracurricular activities""",Mismatch / Not in Taxonomy
267,"""access important links for bus routes""",Mismatch / Not in Taxonomy
267,"""k12 sis""",Mismatch / Not in Taxonomy
267,"""cte/adult ed sis""",Mismatch / Not in Taxonomy
267,"""finance",Mismatch / Not in Taxonomy
267,hr,Mismatch / Not in Taxonomy
267,"& payroll management""",Mismatch / Not in Taxonomy
267,"""special student services management""",Mismatch / Not in Taxonomy
267,"""document management""",Mismatch / Not in Taxonomy
267,"""before & aftercare management""",Mismatch / Not in Taxonomy
267,"""attendance & tardy solutions""",Mismatch / Not in Taxonomy
267,"""hall pass management""",Mismatch / Not in Taxonomy
267,"""assessments management""",Mismatch / Not in Taxonomy
267,"""analytics""",Valid (analytics)
267,"""mobile app""",Mismatch / Not in Taxonomy
267,"""responsive ui""",Mismatch / Not in Taxonomy
267,"""integrations""",Mismatch / Not in Taxonomy
267,"""security & sso""",Mismatch / Not in Taxonomy
267,"""custom fields""",Mismatch / Not in Taxonomy
267,"""custom forms""",Mismatch / Not in Taxonomy
267,"""custom reports""",Mismatch / Not in Taxonomy
267,"""alerts""",Mismatch / Not in Taxonomy
267,"""workflow management""",Mismatch / Not in Taxonomy
267,"""aws cloud hosting""]",Mismatch / Not in Taxonomy
268,"[""focus trees that block distracting apps""",Mismatch / Not in Taxonomy
268,"""ability to plant and grow virtual trees""",Mismatch / Not in Taxonomy
268,"""challenge friends to plant trees together""",Mismatch / Not in Taxonomy
268,"""chat and share progress with friends""",Mismatch / Not in Taxonomy
268,"""create and manage a todo list""",Mismatch / Not in Taxonomy
268,"""set reminders for todo items""",Valid (reminders)
268,"""tag trees with todo items""",Mismatch / Not in Taxonomy
268,"""habit tracker for daily routines""",Valid (habit_tracking)
268,"""view daily",Mismatch / Not in Taxonomy
268,weekly,Mismatch / Not in Taxonomy
268,"or monthly activity statistics""",Mismatch / Not in Taxonomy
268,"""optin services to plant real trees""",Mismatch / Not in Taxonomy
268,"""partnerships with treeplanting organizations""",Mismatch / Not in Taxonomy
268,"""chrome extension for app access""]",Mismatch / Not in Taxonomy
269,"[""pomodoro timer""",Valid (pomodoro)
269,"""customizable focus timer""",Mismatch / Not in Taxonomy
269,"""exam timer""",Mismatch / Not in Taxonomy
269,"""study timer""",Mismatch / Not in Taxonomy
269,"""adhdfriendly features""",Mismatch / Not in Taxonomy
269,"""time tracker""",Mismatch / Not in Taxonomy
269,"""simple interface""",Mismatch / Not in Taxonomy
269,"""session length adjustment""",Mismatch / Not in Taxonomy
269,"""short break timer""",Mismatch / Not in Taxonomy
269,"""long break timer""",Mismatch / Not in Taxonomy
269,"""automatic session start""",Mismatch / Not in Taxonomy
269,"""productivity tracking charts""",Mismatch / Not in Taxonomy
269,"""data security""",Mismatch / Not in Taxonomy
269,"""access to history on any device""",Mismatch / Not in Taxonomy
269,"""task prioritization""",Mismatch / Not in Taxonomy
269,"""focus pattern identification""",Mismatch / Not in Taxonomy
269,"""integration of timer",Mismatch / Not in Taxonomy
269,tasks,Mismatch / Not in Taxonomy
269,"and analytics""]",Valid (analytics)
270,"[""gamified timer""",Mismatch / Not in Taxonomy
270,"""plant a seed to grow a tree""",Mismatch / Not in Taxonomy
270,"""tree withering if app is exited""",Mismatch / Not in Taxonomy
270,"""create personalized allow lists for app usage""",Mismatch / Not in Taxonomy
270,"""earn rewards and unlock tree species""",Mismatch / Not in Taxonomy
270,"""share forest and compete with friends""",Mismatch / Not in Taxonomy
270,"""plant trees with friends and family""",Mismatch / Not in Taxonomy
270,"""unlock achievements for rewards""",Mismatch / Not in Taxonomy
270,"""plant real trees through partnership with trees for the future""",Mismatch / Not in Taxonomy
270,"""manage tags for time distribution""",Mismatch / Not in Taxonomy
270,"""view detailed statistics of time usage""",Mismatch / Not in Taxonomy
270,"""browse weekly",Mismatch / Not in Taxonomy
270,monthly,Mismatch / Not in Taxonomy
270,"and yearly statistics""",Mismatch / Not in Taxonomy
270,"""track focused time in apple health app""",Mismatch / Not in Taxonomy
270,"""track daily phone usage and screen time""",Mismatch / Not in Taxonomy
270,"""forest timeline to recall planting journey""",Mismatch / Not in Taxonomy
270,"""compatible with iphone",Mismatch / Not in Taxonomy
270,ipad,Mismatch / Not in Taxonomy
270,"and apple watch""",Mismatch / Not in Taxonomy
270,"""data synchronization across devices""",Mismatch / Not in Taxonomy
270,"""browser extensions available""]",Mismatch / Not in Taxonomy
271,"[""gamified timer""",Mismatch / Not in Taxonomy
271,"""plant a seed to grow a tree""",Mismatch / Not in Taxonomy
271,"""tree withering if the app is exited""",Mismatch / Not in Taxonomy
271,"""create personalized allow lists for app usage""",Mismatch / Not in Taxonomy
271,"""earn rewards and unlock tree species""",Mismatch / Not in Taxonomy
271,"""share forests and compete with friends""",Mismatch / Not in Taxonomy
271,"""plant trees with friends and family""",Mismatch / Not in Taxonomy
271,"""unlock achievements""",Mismatch / Not in Taxonomy
271,"""plant real trees through partnership with trees for the future""",Mismatch / Not in Taxonomy
271,"""manage tags and view detailed statistics""",Mismatch / Not in Taxonomy
271,"""browse weekly",Mismatch / Not in Taxonomy
271,monthly,Mismatch / Not in Taxonomy
271,"and yearly statistics""",Mismatch / Not in Taxonomy
271,"""track focused time in apple health app""",Mismatch / Not in Taxonomy
271,"""track daily phone usage and screen time""",Mismatch / Not in Taxonomy
271,"""forest timeline to recall planting journey""",Mismatch / Not in Taxonomy
271,"""compatible with iphone",Mismatch / Not in Taxonomy
271,ipad,Mismatch / Not in Taxonomy
271,"and apple watch""",Mismatch / Not in Taxonomy
271,"""data synchronization across devices""",Mismatch / Not in Taxonomy
271,"""browser extensions available""]",Mismatch / Not in Taxonomy
272,"[""timer for focus and learning""",Mismatch / Not in Taxonomy
272,"""invite up to 10 friends to form a focused climbing team""",Mismatch / Not in Taxonomy
272,"""seamlessly switch between focus and rest""",Mismatch / Not in Taxonomy
272,"""unlimited time and countdown mode""",Valid (timer)
272,"""start a tour with friends while focusing""",Mismatch / Not in Taxonomy
272,"""connect to apple music for personal focus music""",Mismatch / Not in Taxonomy
272,"""daily focus information tracking""",Mismatch / Not in Taxonomy
272,"""homescreen widget for quick access to focus""",Mismatch / Not in Taxonomy
272,"""switch to different seasonal scenes""",Mismatch / Not in Taxonomy
272,"""dark mode for increased immersion""",Mismatch / Not in Taxonomy
272,"""general focus mode to switch to other apps""",Valid (focus_mode)
272,"""display focused traveller screen to indicate focus status""",Mismatch / Not in Taxonomy
272,"""restore previous purchases""",Mismatch / Not in Taxonomy
272,"""subscription management through itunes account settings""]",Mismatch / Not in Taxonomy
273,"[""take photos with shallow depth of field""",Mismatch / Not in Taxonomy
273,"""ai engine calculates depth of field automatically""",Mismatch / Not in Taxonomy
273,"""true 3d imaging""",Mismatch / Not in Taxonomy
273,"""simulate large apertures for bokeh effects""",Mismatch / Not in Taxonomy
273,"""import existing photos and customize bokeh effect""",Mismatch / Not in Taxonomy
273,"""refocus portrait photos after they have been taken""",Mismatch / Not in Taxonomy
273,"""choose from various simulated aperture diaphragms""",Mismatch / Not in Taxonomy
273,"""professional options to simulate lens characteristics""",Mismatch / Not in Taxonomy
273,"""visualize depth in portrait photos in 3d view""",Mismatch / Not in Taxonomy
273,"""add multiple lights in 3d space and adjust their properties""",Mismatch / Not in Taxonomy
273,"""check portrait pictures in augmented reality""",Mismatch / Not in Taxonomy
273,"""patch depth map precisely on ipad with apple pencil""",Mismatch / Not in Taxonomy
273,"""builtin video tutorials""]",Mismatch / Not in Taxonomy
274,"[""voice alerts (tts) and push notifications""",Valid (reminders)
274,"""pause",Mismatch / Not in Taxonomy
274,skip tasks,Mismatch / Not in Taxonomy
274,adjust times,Mismatch / Not in Taxonomy
274,"or add new tasks""",Mismatch / Not in Taxonomy
274,"""integration with tablets",Mismatch / Not in Taxonomy
274,smartwatches,Mismatch / Not in Taxonomy
274,"and smartphones""",Mismatch / Not in Taxonomy
274,"""over 800 emojis for habit design""",Mismatch / Not in Taxonomy
274,"""flexible scheduling for routines""",Mismatch / Not in Taxonomy
274,"""progress tracking for routine performance""",Mismatch / Not in Taxonomy
274,"""visualization of progress with plant badges""",Mismatch / Not in Taxonomy
274,"""recommended routines based on popular habits""",Mismatch / Not in Taxonomy
274,"""realtime display of user routines (with consent)""",Mismatch / Not in Taxonomy
274,"""chatbot for motivation and encouragement""]",Mismatch / Not in Taxonomy
275,"[""voice alerts (tts)""",Mismatch / Not in Taxonomy
275,"""push notifications""",Valid (reminders)
275,"""pause tasks""",Mismatch / Not in Taxonomy
275,"""skip tasks""",Mismatch / Not in Taxonomy
275,"""adjust times""",Mismatch / Not in Taxonomy
275,"""add new tasks""",Mismatch / Not in Taxonomy
275,"""integration with tablets",Mismatch / Not in Taxonomy
275,smartwatches,Mismatch / Not in Taxonomy
275,"and smartphones""",Mismatch / Not in Taxonomy
275,"""over 800 emojis for routine design""",Mismatch / Not in Taxonomy
275,"""flexible scheduling for routines""",Mismatch / Not in Taxonomy
275,"""progress tracking""",Mismatch / Not in Taxonomy
275,"""daily",Mismatch / Not in Taxonomy
275,weekly,Mismatch / Not in Taxonomy
275,"and monthly performance reviews""",Mismatch / Not in Taxonomy
275,"""visual progress with plant badges""",Mismatch / Not in Taxonomy
275,"""recommended routines""",Mismatch / Not in Taxonomy
275,"""chatbot for motivation""",Mismatch / Not in Taxonomy
275,"""realtime user habit sharing""",Mismatch / Not in Taxonomy
275,"""free templates""",Mismatch / Not in Taxonomy
275,"""routine tags and checklist""]",Mismatch / Not in Taxonomy
276,"[""focus timer""",Mismatch / Not in Taxonomy
276,"""pause for motivational advice""",Mismatch / Not in Taxonomy
276,"""earn coins""",Mismatch / Not in Taxonomy
276,"""store for items or music""",Mismatch / Not in Taxonomy
276,"""to do list""",Mismatch / Not in Taxonomy
276,"""flashcards""",Mismatch / Not in Taxonomy
276,"""customizable study tracker""",Mismatch / Not in Taxonomy
276,"""tutorial""",Mismatch / Not in Taxonomy
276,"""faq""]",Mismatch / Not in Taxonomy
277,"[""focus timer""",Mismatch / Not in Taxonomy
277,"""pause for motivational advice""",Mismatch / Not in Taxonomy
277,"""earn coins""",Mismatch / Not in Taxonomy
277,"""store for items or music""",Mismatch / Not in Taxonomy
277,"""to do list""",Mismatch / Not in Taxonomy
277,"""flashcards""",Mismatch / Not in Taxonomy
277,"""customizable study tracker""",Mismatch / Not in Taxonomy
277,"""tutorial""",Mismatch / Not in Taxonomy
277,"""faq""]",Mismatch / Not in Taxonomy
278,"[""set focus timer""",Mismatch / Not in Taxonomy
278,"""block distractions""",Mismatch / Not in Taxonomy
278,"""earn items""",Mismatch / Not in Taxonomy
278,"""build digital garden""",Mismatch / Not in Taxonomy
278,"""invite friends""",Mismatch / Not in Taxonomy
278,"""participate in challenges""",Mismatch / Not in Taxonomy
278,"""join shared gardens""",Mismatch / Not in Taxonomy
278,"""compete with other communities""",Mismatch / Not in Taxonomy
278,"""buy & sell items on marketplaces""]",Mismatch / Not in Taxonomy
279,"[""gamified focus study timer""",Mismatch / Not in Taxonomy
279,"""collect raindrops for focus time""",Mismatch / Not in Taxonomy
279,"""grow and nurture plants""",Mismatch / Not in Taxonomy
279,"""unlock and collect hundreds of plants""",Mismatch / Not in Taxonomy
279,"""clean up trash in magical worlds""",Mismatch / Not in Taxonomy
279,"""track focus time""",Mismatch / Not in Taxonomy
279,"""gamified tasks and rewards""",Mismatch / Not in Taxonomy
279,"""integration with healthkit""",Mismatch / Not in Taxonomy
279,"""subscription for premium features""]",Mismatch / Not in Taxonomy
280,"[""screen time control""",Mismatch / Not in Taxonomy
280,"""app limits""",Mismatch / Not in Taxonomy
280,"""app blockers""",Mismatch / Not in Taxonomy
280,"""real time data""",Mismatch / Not in Taxonomy
280,"""leaderboards""",Mismatch / Not in Taxonomy
280,"""rewards""",Mismatch / Not in Taxonomy
280,"""focus difficulty settings""",Mismatch / Not in Taxonomy
280,"""mindful block screens""",Mismatch / Not in Taxonomy
280,"""blocklist & allowlist""",Mismatch / Not in Taxonomy
280,"""focus report""",Mismatch / Not in Taxonomy
280,"""focus score""",Mismatch / Not in Taxonomy
280,"""calendar for daily routines""",Valid (habit_tracking)
280,"""precious rewards""",Mismatch / Not in Taxonomy
280,"""breaks with intention setting""",Mismatch / Not in Taxonomy
280,"""focus mode integration""",Valid (focus_mode)
280,"""shortcut integration""",Mismatch / Not in Taxonomy
280,"""focus reminders""",Valid (reminders)
280,"""deep focus mode""",Valid (focus_mode)
280,"""widget for home screen""",Mismatch / Not in Taxonomy
280,"""personalized app block list""",Mismatch / Not in Taxonomy
280,"""private and safe usage with apple's screen time api""]",Mismatch / Not in Taxonomy
281,"[""screen time control""",Mismatch / Not in Taxonomy
281,"""app limits""",Mismatch / Not in Taxonomy
281,"""app blockers""",Mismatch / Not in Taxonomy
281,"""real time data""",Mismatch / Not in Taxonomy
281,"""leaderboards""",Mismatch / Not in Taxonomy
281,"""rewards""",Mismatch / Not in Taxonomy
281,"""focus difficulty settings""",Mismatch / Not in Taxonomy
281,"""mindful block screens""",Mismatch / Not in Taxonomy
281,"""blocklist & allowlist""",Mismatch / Not in Taxonomy
281,"""focus report""",Mismatch / Not in Taxonomy
281,"""focus score""",Mismatch / Not in Taxonomy
281,"""calendar for daily routines""",Valid (habit_tracking)
281,"""precious rewards""",Mismatch / Not in Taxonomy
281,"""breaks with intention setting""",Mismatch / Not in Taxonomy
281,"""focus mode integration""",Valid (focus_mode)
281,"""shortcut integration""",Mismatch / Not in Taxonomy
281,"""focus reminders""",Valid (reminders)
281,"""deep focus mode""",Valid (focus_mode)
281,"""widget for home screen""",Mismatch / Not in Taxonomy
281,"""personalized app block list""",Mismatch / Not in Taxonomy
281,"""private and safe monitoring using apple's screen time api""]",Mismatch / Not in Taxonomy
282,"[""customizable productivity timer""",Mismatch / Not in Taxonomy
282,"""focus sessions""",Mismatch / Not in Taxonomy
282,"""task management""",Mismatch / Not in Taxonomy
282,"""indepth statistics""",Mismatch / Not in Taxonomy
282,"""daily",Mismatch / Not in Taxonomy
282,weekly,Mismatch / Not in Taxonomy
282,"and monthly activity tracking""",Mismatch / Not in Taxonomy
282,"""icloud sync""",Mismatch / Not in Taxonomy
282,"""widgets for lock screen",Mismatch / Not in Taxonomy
282,home screen,Mismatch / Not in Taxonomy
282,"and control center""",Mismatch / Not in Taxonomy
282,"""apple watch app""",Mismatch / Not in Taxonomy
282,"""handoff support""",Mismatch / Not in Taxonomy
282,"""shortcuts integration""",Mismatch / Not in Taxonomy
282,"""live activities""",Mismatch / Not in Taxonomy
282,"""subscription model""",Mismatch / Not in Taxonomy
282,"""7day free trial""]",Mismatch / Not in Taxonomy
283,"[""custom productivity timers""",Mismatch / Not in Taxonomy
283,"""track time for specific subjects or activities""",Mismatch / Not in Taxonomy
283,"""add tags for activities""",Mismatch / Not in Taxonomy
283,"""categorize tags in an activity library""",Mismatch / Not in Taxonomy
283,"""enable multitask mode""",Mismatch / Not in Taxonomy
283,"""set reminders for productivity sessions""",Valid (reminders)
283,"""track breaks""",Mismatch / Not in Taxonomy
283,"""visualize history and progress on a calendar""",Mismatch / Not in Taxonomy
283,"""measure and compare stats over time""",Mismatch / Not in Taxonomy
283,"""get insights on average productive time and milestones""",Valid (analytics)
283,"""collect badges for milestones""",Mismatch / Not in Taxonomy
283,"""join global leaderboards""",Mismatch / Not in Taxonomy
283,"""compete in challenges""",Mismatch / Not in Taxonomy
283,"""create or join live study rooms""",Mismatch / Not in Taxonomy
283,"""join public productivity sessions""",Mismatch / Not in Taxonomy
283,"""follow friends' activities""",Mismatch / Not in Taxonomy
283,"""free focus music and background sounds""",Mismatch / Not in Taxonomy
283,"""ios widget""",Mismatch / Not in Taxonomy
283,"""dark mode""",Mismatch / Not in Taxonomy
283,"""sync with apple health""",Mismatch / Not in Taxonomy
283,"""track flipd history beyond 30 days""",Mismatch / Not in Taxonomy
283,"""set daily goals and reminders""",Valid (reminders)
283,"""unlock all music tracks""",Mismatch / Not in Taxonomy
283,"""customizable timer shortcuts""",Mismatch / Not in Taxonomy
283,"""pomodoro timers""",Valid (pomodoro)
283,"""scheduled reminders""",Valid (reminders)
283,"""milestone badges""",Mismatch / Not in Taxonomy
283,"""private study rooms""]",Mismatch / Not in Taxonomy
284,"[""focus mode with a cat companion""",Valid (focus_mode)
284,"""handdrawn style and rich colors""",Mismatch / Not in Taxonomy
284,"""gifts and rewards system""",Mismatch / Not in Taxonomy
284,"""collect gifts and trash""",Mismatch / Not in Taxonomy
284,"""sell gifts and trash for fish""",Mismatch / Not in Taxonomy
284,"""unlock furniture and decorations for the cat's room""",Mismatch / Not in Taxonomy
284,"""seasonal updates with new gifts and decor""",Mismatch / Not in Taxonomy
284,"""no ads""",Mismatch / Not in Taxonomy
284,"""support for pomodoro and countup modes""",Valid (pomodoro)
284,"""block apps and websites""",Mismatch / Not in Taxonomy
284,"""whitelist for allowed apps during focus sessions""",Mismatch / Not in Taxonomy
284,"""todo list for important tasks""",Mismatch / Not in Taxonomy
284,"""export cat's room as wallpaper""",Mismatch / Not in Taxonomy
284,"""shortcuts for automation to start focus sessions""",Mismatch / Not in Taxonomy
284,"""achievements to display in cat's room""",Mismatch / Not in Taxonomy
284,"""lock screen widget to start sessions""",Mismatch / Not in Taxonomy
284,"""mix and match ambient sounds""",Mismatch / Not in Taxonomy
284,"""customize break length",Mismatch / Not in Taxonomy
284,cycles,Valid (pomodoro)
284,"and long breaks""",Mismatch / Not in Taxonomy
284,"""add custom focus tags""",Mismatch / Not in Taxonomy
284,"""view detailed statistics""",Mismatch / Not in Taxonomy
284,"""exclusive pro decorations""",Mismatch / Not in Taxonomy
284,"""icloud multidevice sync""",Mismatch / Not in Taxonomy
284,"""multiple catthemed app icons""",Mismatch / Not in Taxonomy
284,"""smooth animation of cat on home screen""]",Mismatch / Not in Taxonomy
285,"[""create and manage tasks""",Mismatch / Not in Taxonomy
285,"""add notes and due dates to tasks""",Mismatch / Not in Taxonomy
285,"""organize tasks with tags and filters""",Mismatch / Not in Taxonomy
285,"""paste task lists from other apps""",Mismatch / Not in Taxonomy
285,"""start",Mismatch / Not in Taxonomy
285,pause,Mismatch / Not in Taxonomy
285,"or skip intervals""",Mismatch / Not in Taxonomy
285,"""autostart the next interval""",Mismatch / Not in Taxonomy
285,"""plan intervals needed for task completion and track accuracy""",Mismatch / Not in Taxonomy
285,"""manage completed intervals""",Mismatch / Not in Taxonomy
285,"""set durations for work sessions",Mismatch / Not in Taxonomy
285,"short and long breaks""",Mismatch / Not in Taxonomy
285,"""define number of intervals before a long break""",Mismatch / Not in Taxonomy
285,"""set a daily goal for completed intervals""",Mismatch / Not in Taxonomy
285,"""assign different timer settings to individual tasks""",Mismatch / Not in Taxonomy
285,"""view detailed reports to monitor progress""",Mismatch / Not in Taxonomy
285,"""export data in csv format""",Mismatch / Not in Taxonomy
285,"""chronometer ticking sound with adjustable frequency""",Mismatch / Not in Taxonomy
285,"""variety of alarm sounds""",Valid (reminders)
285,"""interactive notifications""",Valid (reminders)
285,"""adjustable volume for alarms and chronometer""",Valid (reminders)
285,"""sync across all devices (iphone",Mismatch / Not in Taxonomy
285,ipad,Mismatch / Not in Taxonomy
285,"mac)""",Mismatch / Not in Taxonomy
285,"""integration with focus matrix""",Mismatch / Not in Taxonomy
285,"""integration with shortcuts app""",Mismatch / Not in Taxonomy
285,"""widgets for lock screen and home screen""",Mismatch / Not in Taxonomy
285,"""live activities for lock screen and dynamic island""",Mismatch / Not in Taxonomy
285,"""control to start or stop the timer from the lock screen",Mismatch / Not in Taxonomy
285,controls center,Mismatch / Not in Taxonomy
285,"or action button""",Mismatch / Not in Taxonomy
285,"""apple watch support""",Mismatch / Not in Taxonomy
285,"""dark and light mode support""",Mismatch / Not in Taxonomy
285,"""single purchase unlocks pro on iphone",Mismatch / Not in Taxonomy
285,ipad,Mismatch / Not in Taxonomy
285,"and mac""",Mismatch / Not in Taxonomy
285,"""no banners",Mismatch / Not in Taxonomy
285,"no ads""]",Mismatch / Not in Taxonomy
286,"[""gamified focus timer""",Mismatch / Not in Taxonomy
286,"""visualizes concentration as planet evolution""",Mismatch / Not in Taxonomy
286,"""emotional design with story after focus sessions""",Mismatch / Not in Taxonomy
286,"""hardcore mode""",Mismatch / Not in Taxonomy
286,"""stagebased incentives""",Mismatch / Not in Taxonomy
286,"""shortterm incentives""",Mismatch / Not in Taxonomy
286,"""mediumterm incentives""",Mismatch / Not in Taxonomy
286,"""longterm incentives""",Mismatch / Not in Taxonomy
286,"""hundreds of unique planet designs""",Mismatch / Not in Taxonomy
286,"""earn stardust coins""",Mismatch / Not in Taxonomy
286,"""unique pixel art style""",Mismatch / Not in Taxonomy
286,"""gamified design elements""",Mismatch / Not in Taxonomy
286,"""countdown timers""",Valid (timer)
286,"""stopwatch mode""",Mismatch / Not in Taxonomy
286,"""pomodoro technique""",Valid (pomodoro)
286,"""flexible focus and break durations""",Mismatch / Not in Taxonomy
286,"""project management with planet correspondence""",Mismatch / Not in Taxonomy
286,"""track different categories of focus time""",Mismatch / Not in Taxonomy
286,"""personalized statistics and charts""]",Mismatch / Not in Taxonomy
287,"[""set a focus timer (10180 minutes)""",Mismatch / Not in Taxonomy
287,"""plant a virtual seed""",Mismatch / Not in Taxonomy
287,"""watch your plant grow in the app""",Mismatch / Not in Taxonomy
287,"""plant withering system""",Mismatch / Not in Taxonomy
287,"""customizable pomodoro sessions""",Valid (pomodoro)
287,"""focus mode to block distracting apps""",Valid (focus_mode)
287,"""track daily",Mismatch / Not in Taxonomy
287,"weekly & monthly study statistics""",Mismatch / Not in Taxonomy
287,"""visual charts for focus patterns""",Mismatch / Not in Taxonomy
287,"""calendar view of study streaks""",Mismatch / Not in Taxonomy
287,"""collect 15+ unique plants""",Mismatch / Not in Taxonomy
287,"""4stage growth system for plants""",Mismatch / Not in Taxonomy
287,"""coin rewards based on focus duration""",Mismatch / Not in Taxonomy
287,"""achievement badges for milestones""",Mismatch / Not in Taxonomy
287,"""available in 18+ languages""",Mismatch / Not in Taxonomy
287,"""share garden progress with friends""",Mismatch / Not in Taxonomy
287,"""compete in focus challenges""",Mismatch / Not in Taxonomy
287,"""background notifications for task completion""",Valid (reminders)
287,"""widget support for quick access""",Mismatch / Not in Taxonomy
287,"""adjustable white noise & nature sounds""",Mismatch / Not in Taxonomy
287,"""dark mode for latenight studying""",Mismatch / Not in Taxonomy
287,"""batteryefficient design""",Mismatch / Not in Taxonomy
287,"""offline functionality""",Mismatch / Not in Taxonomy
287,"""dynamic island support""",Mismatch / Not in Taxonomy
287,"""regular updates & new plants""]",Mismatch / Not in Taxonomy
288,"[""pomodoro timer with work intervals and breaks""",Valid (pomodoro)
288,"""statistics to keep track of completed sessions""",Mismatch / Not in Taxonomy
288,"""notifications for short breaks""",Valid (reminders)
288,"""app and web blocking to combat distractions""",Mismatch / Not in Taxonomy
288,"""commitment mode for selfcontrol""",Mismatch / Not in Taxonomy
288,"""inspirational quotes for motivation""",Mismatch / Not in Taxonomy
288,"""metronome for deep focus""",Mismatch / Not in Taxonomy
288,"""multiple duration options""",Mismatch / Not in Taxonomy
288,"""custom session title""",Mismatch / Not in Taxonomy
288,"""apple calendar sync""",Mismatch / Not in Taxonomy
288,"""apple health sync""",Mismatch / Not in Taxonomy
288,"""icloud sync of stats""",Mismatch / Not in Taxonomy
288,"""home & lock screen widgets""",Mismatch / Not in Taxonomy
288,"""support for live activities & dynamic island""]",Mismatch / Not in Taxonomy
289,"[""reaction time test""",Mismatch / Not in Taxonomy
289,"""high score tracking""",Mismatch / Not in Taxonomy
289,"""best time tracking""",Mismatch / Not in Taxonomy
289,"""progress tracking""",Mismatch / Not in Taxonomy
289,"""history log""",Mismatch / Not in Taxonomy
289,"""performance levels""",Mismatch / Not in Taxonomy
289,"""motivation reminders""]",Valid (reminders)
290,"[""delays access to apps and websites""",Mismatch / Not in Taxonomy
290,"""uses shortcuts automation for deep breath animation""",Mismatch / Not in Taxonomy
290,"""tracks app usage and provides visual progress reports""",Mismatch / Not in Taxonomy
290,"""sends notifications to remind users of their intentions""",Valid (reminders)
290,"""blocks specific apps and websites completely""",Mismatch / Not in Taxonomy
290,"""configurable scheduled blocks for specific hours""",Mismatch / Not in Taxonomy
290,"""integrates with health app via healthkit""",Mismatch / Not in Taxonomy
290,"""suggests healthy alternatives when attempting to open apps""",Mismatch / Not in Taxonomy
290,"""breathing exercises before accessing apps""",Mismatch / Not in Taxonomy
290,"""follow the dot exercise to unlock apps""",Mismatch / Not in Taxonomy
290,"""black screen delay before allowing access to apps""",Mismatch / Not in Taxonomy
290,"""rotate phone to unlock apps""",Mismatch / Not in Taxonomy
290,"""mirror exercise to reflect on app usage""",Mismatch / Not in Taxonomy
290,"""syncs tasks with other productivity apps""",Mismatch / Not in Taxonomy
290,"""language learning integration with lengo""]",Mismatch / Not in Taxonomy
291,"[""sleep and nap mode""",Mismatch / Not in Taxonomy
291,"""light wakeup alarms""",Valid (reminders)
291,"""sleep analysis""",Mismatch / Not in Taxonomy
291,"""focus timer""",Mismatch / Not in Taxonomy
291,"""customize timer""",Mismatch / Not in Taxonomy
291,"""relax breathing guide""",Mismatch / Not in Taxonomy
291,"""balanced breathing""",Mismatch / Not in Taxonomy
291,"""478 breathing""",Mismatch / Not in Taxonomy
291,"""relax meditation""",Mismatch / Not in Taxonomy
291,"""immersive meditation space""",Mismatch / Not in Taxonomy
291,"""basic meditation""",Mismatch / Not in Taxonomy
291,"""single meditation""",Mismatch / Not in Taxonomy
291,"""nature sounds""",Mismatch / Not in Taxonomy
291,"""music fusion mode""",Mismatch / Not in Taxonomy
291,"""sound scenes""",Mismatch / Not in Taxonomy
291,"""daily inspiring quotes""",Mismatch / Not in Taxonomy
291,"""daily quotes calendar""",Mismatch / Not in Taxonomy
291,"""tide diary""",Mismatch / Not in Taxonomy
291,"""visible data report""",Mismatch / Not in Taxonomy
291,"""sharing card""",Mismatch / Not in Taxonomy
291,"""minimalist interface design""",Mismatch / Not in Taxonomy
291,"""emotional visual effects""",Mismatch / Not in Taxonomy
291,"""healthkit integration""",Mismatch / Not in Taxonomy
291,"""siri shortcuts support""]",Mismatch / Not in Taxonomy
292,"[""timer list""",Mismatch / Not in Taxonomy
292,"""relaxing sound player""",Mismatch / Not in Taxonomy
292,"""ios14 widgets support""",Mismatch / Not in Taxonomy
292,"""apple watch complications""",Mismatch / Not in Taxonomy
292,"""white noises are played with timer""",Mismatch / Not in Taxonomy
292,"""customizable timer style & background image""",Mismatch / Not in Taxonomy
292,"""customizable settings for working interval and short",Mismatch / Not in Taxonomy
292,"long break interval""",Mismatch / Not in Taxonomy
292,"""offline mode""",Mismatch / Not in Taxonomy
292,"""dark mode""",Mismatch / Not in Taxonomy
292,"""manage tasks using pomodoro technique""",Valid (pomodoro)
292,"""focus with white noise sounds""",Mismatch / Not in Taxonomy
292,"""track progress""",Mismatch / Not in Taxonomy
292,"""background scheduling and notification""",Valid (reminders)
292,"""support working in backgrounds""",Mismatch / Not in Taxonomy
292,"""voice feedback after finishing work and break""",Mismatch / Not in Taxonomy
292,"""universal app for iphone",Mismatch / Not in Taxonomy
292,"ipad and apple watch""]",Mismatch / Not in Taxonomy
293,"[""aipowered soundscapes""",Mismatch / Not in Taxonomy
293,"""personalized soundscapes based on location",Mismatch / Not in Taxonomy
293,environment,Mismatch / Not in Taxonomy
293,"and heart rate""",Mismatch / Not in Taxonomy
293,"""classic soundscapes: focus",Mismatch / Not in Taxonomy
293,sleep,Mismatch / Not in Taxonomy
293,relax,Mismatch / Not in Taxonomy
293,"move""",Mismatch / Not in Taxonomy
293,"""colored noise with 9 options""",Mismatch / Not in Taxonomy
293,"""study soundscape""",Mismatch / Not in Taxonomy
293,"""dynamic focus with realtime sound tuning""",Mismatch / Not in Taxonomy
293,"""hibernation soundscape""",Mismatch / Not in Taxonomy
293,"""nature elements soundscape""",Mismatch / Not in Taxonomy
293,"""rainy outside soundscape""",Mismatch / Not in Taxonomy
293,"""recovery soundscape""",Mismatch / Not in Taxonomy
293,"""spatial audio experience""",Mismatch / Not in Taxonomy
293,"""focus timer for interval work""",Mismatch / Not in Taxonomy
293,"""collaborative soundscapes with artists""",Mismatch / Not in Taxonomy
293,"""offline access to soundscapes""",Mismatch / Not in Taxonomy
293,"""apple podcast shows for premium users""",Mismatch / Not in Taxonomy
293,"""realtime personalized soundscapes""",Mismatch / Not in Taxonomy
293,"""autoplay feature for automatic sound selection""",Mismatch / Not in Taxonomy
293,"""apple watch app with biometric data integration""",Mismatch / Not in Taxonomy
293,"""standalone apple watch functionality""",Mismatch / Not in Taxonomy
293,"""integration with amazon alexa""",Mismatch / Not in Taxonomy
293,"""screenfree sleep support with smart speakers""",Mismatch / Not in Taxonomy
293,"""routine automation with alexa""",Mismatch / Not in Taxonomy
293,"""endel for tv with bigscreen animations""",Mismatch / Not in Taxonomy
293,"""desktop app for mac""",Mismatch / Not in Taxonomy
293,"""web player for browser access""",Mismatch / Not in Taxonomy
293,"""streaming platform availability""]",Mismatch / Not in Taxonomy
294,"[""create and manage tasks""",Mismatch / Not in Taxonomy
294,"""add notes and due dates to tasks""",Mismatch / Not in Taxonomy
294,"""organize tasks with tags and filters""",Mismatch / Not in Taxonomy
294,"""paste task lists from other apps""",Mismatch / Not in Taxonomy
294,"""start",Mismatch / Not in Taxonomy
294,pause,Mismatch / Not in Taxonomy
294,"or skip intervals""",Mismatch / Not in Taxonomy
294,"""autostart the next interval""",Mismatch / Not in Taxonomy
294,"""plan intervals needed for task completion""",Mismatch / Not in Taxonomy
294,"""manage completed intervals""",Mismatch / Not in Taxonomy
294,"""set durations for work sessions",Mismatch / Not in Taxonomy
294,"short and long breaks""",Mismatch / Not in Taxonomy
294,"""define number of intervals before a long break""",Mismatch / Not in Taxonomy
294,"""set a daily goal for completed intervals""",Mismatch / Not in Taxonomy
294,"""assign different timer settings to individual tasks""",Mismatch / Not in Taxonomy
294,"""view detailed reports to monitor progress""",Mismatch / Not in Taxonomy
294,"""export data in csv format""",Mismatch / Not in Taxonomy
294,"""chronometer ticking sound with adjustable frequency""",Mismatch / Not in Taxonomy
294,"""variety of alarm sounds""",Valid (reminders)
294,"""interactive notifications""",Valid (reminders)
294,"""adjustable volume for alarms and chronometer""",Valid (reminders)
294,"""sync across all devices (iphone",Mismatch / Not in Taxonomy
294,ipad,Mismatch / Not in Taxonomy
294,"mac)""",Mismatch / Not in Taxonomy
294,"""integration with focus matrix""",Mismatch / Not in Taxonomy
294,"""integration with shortcuts app""",Mismatch / Not in Taxonomy
294,"""widgets for lock screen and home screen""",Mismatch / Not in Taxonomy
294,"""live activities for lock screen and dynamic island""",Mismatch / Not in Taxonomy
294,"""control to start or stop the timer from lock screen""",Mismatch / Not in Taxonomy
294,"""apple watch support""",Mismatch / Not in Taxonomy
294,"""dark and light mode support""",Mismatch / Not in Taxonomy
294,"""global hotkeys""",Mismatch / Not in Taxonomy
294,"""launch at startup option""]",Mismatch / Not in Taxonomy
295,"[""tomato timer""",Mismatch / Not in Taxonomy
295,"""custom time settings for focus and rest""",Mismatch / Not in Taxonomy
295,"""reminder notifications with sound options""",Valid (reminders)
295,"""minimal interface design""",Mismatch / Not in Taxonomy
295,"""clear timer display with flip animation""",Mismatch / Not in Taxonomy
295,"""background running support""",Mismatch / Not in Taxonomy
295,"""environmental sound options""]",Mismatch / Not in Taxonomy
296,"[""personalized music for your brain type""",Mismatch / Not in Taxonomy
296,"""adjustable stimulation level""",Mismatch / Not in Taxonomy
296,"""download music for offline use""",Mismatch / Not in Taxonomy
296,"""pomodoro mode""",Valid (pomodoro)
296,"""focus modes optimized for deep work""",Valid (focus_mode)
296,"""relax modes for recharging""",Mismatch / Not in Taxonomy
296,"""meditation modes (guided and unguided)""",Mismatch / Not in Taxonomy
296,"""sleep modes (guided sleep and energizing wakeup)""",Mismatch / Not in Taxonomy
296,"""adhd mode with boost option""",Mismatch / Not in Taxonomy
296,"""customizable modulation levels""",Mismatch / Not in Taxonomy
296,"""music categorized by activity type""",Mismatch / Not in Taxonomy
296,"""timers (countup",Mismatch / Not in Taxonomy
296,countdown,Valid (timer)
296,"interval)""",Mismatch / Not in Taxonomy
296,"""guided visualizations and body scans for meditation""",Mismatch / Not in Taxonomy
296,"""alpha waveenhanced audio for relaxation and meditation""",Mismatch / Not in Taxonomy
296,"""delta waveenhanced audio for sleep""",Mismatch / Not in Taxonomy
296,"""available on web",Mismatch / Not in Taxonomy
296,ios,Mismatch / Not in Taxonomy
296,android,Mismatch / Not in Taxonomy
296,"and desktop""]",Mismatch / Not in Taxonomy
297,"[""goal setting""",Mismatch / Not in Taxonomy
297,"""25minute focus timer""",Mismatch / Not in Taxonomy
297,"""distraction avoidance features""",Mismatch / Not in Taxonomy
297,"""5minute rest timer""",Mismatch / Not in Taxonomy
297,"""extended rest timer (15 to 30 minutes)""",Mismatch / Not in Taxonomy
297,"""nonintrusive notifications""",Valid (reminders)
297,"""fractional time tracking""",Mismatch / Not in Taxonomy
297,"""modifiable timeline""",Mismatch / Not in Taxonomy
297,"""do not disturb mode""",Mismatch / Not in Taxonomy
297,"""integration with other work methods and apps""]",Mismatch / Not in Taxonomy
298,"[""focus level measure timer""",Mismatch / Not in Taxonomy
298,"""global study group""",Mismatch / Not in Taxonomy
298,"""accurate time measurement""",Mismatch / Not in Taxonomy
298,"""realtime study tracking""",Mismatch / Not in Taxonomy
298,"""easy sharing on social media""",Mismatch / Not in Taxonomy
298,"""school ranking""",Mismatch / Not in Taxonomy
298,"""statistics for study time""",Mismatch / Not in Taxonomy
298,"""timeline of measured goals""",Mismatch / Not in Taxonomy
298,"""timetable for summarizing goals""",Mismatch / Not in Taxonomy
298,"""daily report of study details""",Mismatch / Not in Taxonomy
298,"""dday countdown""",Valid (timer)
298,"""study schedule registration""",Mismatch / Not in Taxonomy
298,"""global board for communication""",Mismatch / Not in Taxonomy
298,"""unlimited access to all functions (premium)""",Mismatch / Not in Taxonomy
298,"""weekly/monthly report""",Mismatch / Not in Taxonomy
298,"""backup/restore functionality""",Mismatch / Not in Taxonomy
298,"""pomodoro technique integration""]",Valid (pomodoro)
299,"[""focus level measure timer""",Mismatch / Not in Taxonomy
299,"""global study group""",Mismatch / Not in Taxonomy
299,"""accurate time measurement""",Mismatch / Not in Taxonomy
299,"""realtime study tracking""",Mismatch / Not in Taxonomy
299,"""easy sharing on social media""",Mismatch / Not in Taxonomy
299,"""school ranking feature""",Mismatch / Not in Taxonomy
299,"""weekly and monthly study statistics""",Mismatch / Not in Taxonomy
299,"""timeline of measured goals""",Mismatch / Not in Taxonomy
299,"""timetable for summarizing goals""",Mismatch / Not in Taxonomy
299,"""daily report of study details""",Mismatch / Not in Taxonomy
299,"""dday countdown feature""",Valid (timer)
299,"""study schedule registration""",Mismatch / Not in Taxonomy
299,"""global board for communication""",Mismatch / Not in Taxonomy
299,"""premium service with unlimited functions""",Mismatch / Not in Taxonomy
299,"""backup and restore functionality""",Mismatch / Not in Taxonomy
299,"""pomodoro technique integration""]",Valid (pomodoro)
300,"[""widgets: support ios 14 to add widgets to your desktop""",Mismatch / Not in Taxonomy
300,"""focus: create a focus plan with a frequency of daily",Mismatch / Not in Taxonomy
300,weekly,Mismatch / Not in Taxonomy
300,weekly x days,Mismatch / Not in Taxonomy
300,"monthly x days""",Mismatch / Not in Taxonomy
300,"""focus statistics: study",Mismatch / Not in Taxonomy
300,work,Valid (focus_mode)
300,exercise,Mismatch / Not in Taxonomy
300,reading,Mismatch / Not in Taxonomy
300,"different categories of clear focus time""",Mismatch / Not in Taxonomy
300,"""focus countdown: choose a focus duration of 5180 minutes and choose different sound scenes to start focusing""",Valid (timer)
300,"""habits: create good habits to be cultivated with a frequency of daily",Mismatch / Not in Taxonomy
300,weekly,Mismatch / Not in Taxonomy
300,x days per week,Mismatch / Not in Taxonomy
300,"x days per month cycles""",Mismatch / Not in Taxonomy
300,"""habit statistics: the number of days each habit has been completed and the percentage of pie charts for each habit at a glance""",Mismatch / Not in Taxonomy
300,"""habit log: you can choose different emoji emoji and support uploading pictures""",Mismatch / Not in Taxonomy
300,"""today's todo list: you can create a todo list with repeating frequency""",Mismatch / Not in Taxonomy
300,"""customized bottom bar: focus",Mismatch / Not in Taxonomy
300,habits,Mismatch / Not in Taxonomy
300,"and to do bottom bar can be swapped""",Mismatch / Not in Taxonomy
300,"""data backup: automatic data backup in the cloud",Mismatch / Not in Taxonomy
300,"multidevice synchronization""",Mismatch / Not in Taxonomy
300,"""focus/habit reminder: timed reminder according to the created reminder time""",Valid (reminders)
300,"""privacy protection: password lock to protect your private data""]",Mismatch / Not in Taxonomy
301,"[""sessionbased timer""",Mismatch / Not in Taxonomy
301,"""icloud synchronization""",Mismatch / Not in Taxonomy
301,"""pomodoro technique integration""",Valid (pomodoro)
301,"""over 70 distinct themes""",Mismatch / Not in Taxonomy
301,"""set focus time with fingerdrag""",Mismatch / Not in Taxonomy
301,"""intuitive piechart for remaining time""",Mismatch / Not in Taxonomy
301,"""select alarm sound""",Valid (reminders)
301,"""choose background music""",Mismatch / Not in Taxonomy
301,"""view and modify focus record on other devices""",Mismatch / Not in Taxonomy
301,"""widgets for monitoring focus stats""",Mismatch / Not in Taxonomy
301,"""customizable app icon""",Mismatch / Not in Taxonomy
301,"""create new session for each task""",Mismatch / Not in Taxonomy
301,"""statistics window for recent focus overview""",Mismatch / Not in Taxonomy
301,"""retrospect function for task notes""",Mismatch / Not in Taxonomy
301,"""accessible retrospect window for modification and deletion""",Mismatch / Not in Taxonomy
301,"""splitview feature for simultaneous app viewing (ipad)""",Mismatch / Not in Taxonomy
301,"""routine notifications for focus management""",Valid (reminders)
301,"""pomodoro mode for alternating work and breaks""",Valid (pomodoro)
301,"""synchronize focus history with calendar app""]",Mismatch / Not in Taxonomy
302,"[""track screen time""",Mismatch / Not in Taxonomy
302,"""set up screen time goals""",Mismatch / Not in Taxonomy
302,"""get daily insights on screen time""",Valid (analytics)
302,"""view screen time activities (pickups",Mismatch / Not in Taxonomy
302,average usage,Mismatch / Not in Taxonomy
302,while walking,Mismatch / Not in Taxonomy
302,stationary life,Mismatch / Not in Taxonomy
302,last pickup,Mismatch / Not in Taxonomy
302,first pickup,Mismatch / Not in Taxonomy
302,best break,Mismatch / Not in Taxonomy
302,"sleep time)""",Mismatch / Not in Taxonomy
302,"""read sleep data from the health app""",Mismatch / Not in Taxonomy
302,"""show data on watch face""",Mismatch / Not in Taxonomy
302,"""set disable time for social apps""",Mismatch / Not in Taxonomy
302,"""focus mode with pomodoro",Valid (pomodoro)
302,countdown,Valid (timer)
302,"and time accumulation""",Mismatch / Not in Taxonomy
302,"""lock screen and flip screen focus support""",Mismatch / Not in Taxonomy
302,"""live activity and standby support""",Mismatch / Not in Taxonomy
302,"""set concentration app whitelist""",Mismatch / Not in Taxonomy
302,"""categorize focus sessions by tag""",Mismatch / Not in Taxonomy
302,"""pause focus mode at any time""",Valid (focus_mode)
302,"""visualize and share data""",Mismatch / Not in Taxonomy
302,"""view data in week/month/year view""",Mismatch / Not in Taxonomy
302,"""share card for data""",Mismatch / Not in Taxonomy
302,"""screen time challenge""",Mismatch / Not in Taxonomy
302,"""pick up challenge""",Mismatch / Not in Taxonomy
302,"""sleep challenge""",Mismatch / Not in Taxonomy
302,"""sync sleep time and focus mindfulness time with apple healthkit""",Mismatch / Not in Taxonomy
302,"""track walking time data using location in the background""]",Mismatch / Not in Taxonomy
303,"[""reduce screen time""",Mismatch / Not in Taxonomy
303,"""earn pupacoins for locked phone time""",Mismatch / Not in Taxonomy
303,"""three focus mode options""",Valid (focus_mode)
303,"""unlock nft butterflies""",Mismatch / Not in Taxonomy
303,"""donate minutes and pupacoins""",Mismatch / Not in Taxonomy
303,"""participate in draws""",Mismatch / Not in Taxonomy
303,"""invite friends for extra pupacoins""",Mismatch / Not in Taxonomy
303,"""open surprise box daily""",Mismatch / Not in Taxonomy
303,"""view profile information""",Mismatch / Not in Taxonomy
303,"""view pupacoin history""",Mismatch / Not in Taxonomy
303,"""leaderboard for top users""",Mismatch / Not in Taxonomy
303,"""unlock achievement badges""",Mismatch / Not in Taxonomy
303,"""view focus reports""",Mismatch / Not in Taxonomy
303,"""customize focus tags""",Mismatch / Not in Taxonomy
303,"""view session history""]",Mismatch / Not in Taxonomy
304,"[""focus timer""",Mismatch / Not in Taxonomy
304,"""vibration reminders""",Valid (reminders)
304,"""flash notifications""",Valid (reminders)
304,"""sound alerts""",Mismatch / Not in Taxonomy
304,"""story cards""",Mismatch / Not in Taxonomy
304,"""healthkit integration""",Mismatch / Not in Taxonomy
304,"""task focus feature""",Mismatch / Not in Taxonomy
304,"""blurred task view""",Mismatch / Not in Taxonomy
304,"""badge earning system""",Mismatch / Not in Taxonomy
304,"""gamification elements""]",Mismatch / Not in Taxonomy
305,"[""ai coplanner""",Mismatch / Not in Taxonomy
305,"""visual schedule planner""",Mismatch / Not in Taxonomy
305,"""todo list""",Mismatch / Not in Taxonomy
305,"""focus timer""",Mismatch / Not in Taxonomy
305,"""sync with apple calendar and reminders""",Valid (reminders)
305,"""widgets""",Mismatch / Not in Taxonomy
305,"""share up to 5 profiles with family""",Mismatch / Not in Taxonomy
305,"""neuroinclusive courses""",Mismatch / Not in Taxonomy
305,"""community hub""",Mismatch / Not in Taxonomy
305,"""personal insights""]",Valid (analytics)
306,"[""pomodoro timer""",Valid (pomodoro)
306,"""empire expansion""",Mismatch / Not in Taxonomy
306,"""building construction""",Mismatch / Not in Taxonomy
306,"""economy boosting""",Mismatch / Not in Taxonomy
306,"""resident attraction""",Mismatch / Not in Taxonomy
306,"""wonders building""",Mismatch / Not in Taxonomy
306,"""diplomacy features""",Mismatch / Not in Taxonomy
306,"""trade mechanics""",Mismatch / Not in Taxonomy
306,"""idle gameplay""",Mismatch / Not in Taxonomy
306,"""city evolution""",Mismatch / Not in Taxonomy
306,"""time management education""",Mismatch / Not in Taxonomy
306,"""strategic planning elements""]",Mismatch / Not in Taxonomy
307,"[""calendar integration""",Mismatch / Not in Taxonomy
307,"""todo list management""",Mismatch / Not in Taxonomy
307,"""habit tracking""",Mismatch / Not in Taxonomy
307,"""visual timeline""",Mismatch / Not in Taxonomy
307,"""task creation""",Mismatch / Not in Taxonomy
307,"""deadline setting""",Mismatch / Not in Taxonomy
307,"""task rearrangement""",Mismatch / Not in Taxonomy
307,"""device synchronization""",Mismatch / Not in Taxonomy
307,"""notes and subtasks""",Mismatch / Not in Taxonomy
307,"""live activities""",Mismatch / Not in Taxonomy
307,"""interactive widgets""",Mismatch / Not in Taxonomy
307,"""focus timer""",Mismatch / Not in Taxonomy
307,"""drag and drop task management""",Mismatch / Not in Taxonomy
307,"""color coding""",Mismatch / Not in Taxonomy
307,"""icon customization""",Mismatch / Not in Taxonomy
307,"""time zone support""",Mismatch / Not in Taxonomy
307,"""accessibility features""",Mismatch / Not in Taxonomy
307,"""voiceover support""",Mismatch / Not in Taxonomy
307,"""voicecontrol support""",Mismatch / Not in Taxonomy
307,"""dyslexicfriendly font""",Mismatch / Not in Taxonomy
307,"""multilanguage support""",Mismatch / Not in Taxonomy
307,"""recurring tasks""",Mismatch / Not in Taxonomy
307,"""natural language recognition for scheduling""",Mismatch / Not in Taxonomy
307,"""customizable notifications""]",Valid (reminders)
308,"[""calendar integration""",Mismatch / Not in Taxonomy
308,"""todo list management""",Mismatch / Not in Taxonomy
308,"""habit tracking""",Mismatch / Not in Taxonomy
308,"""visual timeline""",Mismatch / Not in Taxonomy
308,"""task creation""",Mismatch / Not in Taxonomy
308,"""deadline setting""",Mismatch / Not in Taxonomy
308,"""task rearrangement""",Mismatch / Not in Taxonomy
308,"""device synchronization""",Mismatch / Not in Taxonomy
308,"""notes and subtasks""",Mismatch / Not in Taxonomy
308,"""live activities""",Mismatch / Not in Taxonomy
308,"""interactive widgets""",Mismatch / Not in Taxonomy
308,"""focus timer""",Mismatch / Not in Taxonomy
308,"""drag and drop task management""",Mismatch / Not in Taxonomy
308,"""color coding""",Mismatch / Not in Taxonomy
308,"""icon customization""",Mismatch / Not in Taxonomy
308,"""time zone support""",Mismatch / Not in Taxonomy
308,"""accessibility features""",Mismatch / Not in Taxonomy
308,"""voiceover support""",Mismatch / Not in Taxonomy
308,"""voicecontrol support""",Mismatch / Not in Taxonomy
308,"""dyslexicfriendly font""",Mismatch / Not in Taxonomy
308,"""multilanguage support""",Mismatch / Not in Taxonomy
308,"""recurring tasks""",Mismatch / Not in Taxonomy
308,"""natural language recognition for scheduling""",Mismatch / Not in Taxonomy
308,"""customizable notifications""]",Valid (reminders)
309,"[""organize class notes""",Mismatch / Not in Taxonomy
309,"""track homework assignments""",Mismatch / Not in Taxonomy
309,"""manage projects""",Mismatch / Not in Taxonomy
309,"""track grades and goals""",Mismatch / Not in Taxonomy
309,"""create notes and docs""",Mismatch / Not in Taxonomy
309,"""use templates""",Mismatch / Not in Taxonomy
309,"""import google docs",Mismatch / Not in Taxonomy
309,pdfs,Mismatch / Not in Taxonomy
309,"and other content types""",Mismatch / Not in Taxonomy
309,"""write and organize meeting notes""",Mismatch / Not in Taxonomy
309,"""transcribe with ai""",Mismatch / Not in Taxonomy
309,"""collaboration tools""",Mismatch / Not in Taxonomy
309,"""connect tools like figma",Mismatch / Not in Taxonomy
309,slack,Mismatch / Not in Taxonomy
309,"and github""",Mismatch / Not in Taxonomy
309,"""create docs with templates",Mismatch / Not in Taxonomy
309,images,Mismatch / Not in Taxonomy
309,"and todos""",Mismatch / Not in Taxonomy
309,"""search with filters""",Mismatch / Not in Taxonomy
309,"""create priority labels and status tags""",Mismatch / Not in Taxonomy
309,"""automate workflows""",Mismatch / Not in Taxonomy
309,"""capture details in a table""",Mismatch / Not in Taxonomy
309,"""use notion ai for writing and brainstorming""",Mismatch / Not in Taxonomy
309,"""ask notion ai questions""",Mismatch / Not in Taxonomy
309,"""autofill tables""",Mismatch / Not in Taxonomy
309,"""sync across devices""",Mismatch / Not in Taxonomy
309,"""create a knowledge base""",Mismatch / Not in Taxonomy
309,"""publish sites""",Mismatch / Not in Taxonomy
309,"""explore ai use cases""",Mismatch / Not in Taxonomy
309,"""download web clipper""",Mismatch / Not in Taxonomy
309,"""create forms""",Mismatch / Not in Taxonomy
309,"""use ai meeting notes""",Mismatch / Not in Taxonomy
309,"""create custom agents""",Mismatch / Not in Taxonomy
309,"""manage tasks and projects in one workspace""]",Mismatch / Not in Taxonomy
310,"[""organize class notes""",Mismatch / Not in Taxonomy
310,"""track homework assignments""",Mismatch / Not in Taxonomy
310,"""manage projects""",Mismatch / Not in Taxonomy
310,"""track grades""",Mismatch / Not in Taxonomy
310,"""set goals""",Mismatch / Not in Taxonomy
310,"""create notes""",Mismatch / Not in Taxonomy
310,"""create documents""",Mismatch / Not in Taxonomy
310,"""use templates""",Mismatch / Not in Taxonomy
310,"""import google docs""",Mismatch / Not in Taxonomy
310,"""import pdfs""",Mismatch / Not in Taxonomy
310,"""write meeting notes""",Mismatch / Not in Taxonomy
310,"""transcribe with ai""",Mismatch / Not in Taxonomy
310,"""collaborate in a connected workspace""",Mismatch / Not in Taxonomy
310,"""connect tools like figma",Mismatch / Not in Taxonomy
310,slack,Mismatch / Not in Taxonomy
310,"and github""",Mismatch / Not in Taxonomy
310,"""create todo lists""",Mismatch / Not in Taxonomy
310,"""use flexible building blocks""",Mismatch / Not in Taxonomy
310,"""create docs with templates and images""",Mismatch / Not in Taxonomy
310,"""use search with filters""",Mismatch / Not in Taxonomy
310,"""create priority labels""",Mismatch / Not in Taxonomy
310,"""create status tags""",Mismatch / Not in Taxonomy
310,"""set automations""",Mismatch / Not in Taxonomy
310,"""capture details in a table""",Mismatch / Not in Taxonomy
310,"""break projects into tasks""",Mismatch / Not in Taxonomy
310,"""search content""",Mismatch / Not in Taxonomy
310,"""generate content with ai""",Mismatch / Not in Taxonomy
310,"""analyze data with ai""",Mismatch / Not in Taxonomy
310,"""chat with ai""",Mismatch / Not in Taxonomy
310,"""autofill tables""",Mismatch / Not in Taxonomy
310,"""sync across devices""",Mismatch / Not in Taxonomy
310,"""access mobile app""",Mismatch / Not in Taxonomy
310,"""download web clipper""",Mismatch / Not in Taxonomy
310,"""access desktop app""]",Mismatch / Not in Taxonomy
311,"[""image generation""",Mismatch / Not in Taxonomy
311,"""advanced voice mode""",Mismatch / Not in Taxonomy
311,"""photo upload""",Mismatch / Not in Taxonomy
311,"""creative inspiration""",Mismatch / Not in Taxonomy
311,"""tailored advice""",Mismatch / Not in Taxonomy
311,"""personalized learning""",Mismatch / Not in Taxonomy
311,"""professional input""",Mismatch / Not in Taxonomy
311,"""instant answers""",Mismatch / Not in Taxonomy
311,"""sync history across devices""]",Mismatch / Not in Taxonomy
312,"[""image generation""",Mismatch / Not in Taxonomy
312,"""advanced voice mode""",Mismatch / Not in Taxonomy
312,"""photo upload""",Mismatch / Not in Taxonomy
312,"""creative inspiration""",Mismatch / Not in Taxonomy
312,"""tailored advice""",Mismatch / Not in Taxonomy
312,"""personalized learning""",Mismatch / Not in Taxonomy
312,"""professional input""",Mismatch / Not in Taxonomy
312,"""instant answers""",Mismatch / Not in Taxonomy
312,"""account login and billing""",Mismatch / Not in Taxonomy
312,"""refund requests""",Mismatch / Not in Taxonomy
312,"""api access""",Mismatch / Not in Taxonomy
312,"""billing and login issues""",Mismatch / Not in Taxonomy
312,"""guides and faqs for chatgpt business""",Mismatch / Not in Taxonomy
312,"""user management""",Mismatch / Not in Taxonomy
312,"""secure sign in""]",Mismatch / Not in Taxonomy
313,"[""create",Mismatch / Not in Taxonomy
313,complete,Mismatch / Not in Taxonomy
313,stop,Mismatch / Not in Taxonomy
313,"or pause habits""",Mismatch / Not in Taxonomy
313,"""add notes to habits""",Mismatch / Not in Taxonomy
313,"""receive daily habit tips""",Mismatch / Not in Taxonomy
313,"""reflection checkins""",Mismatch / Not in Taxonomy
313,"""motivation prompts""",Mismatch / Not in Taxonomy
313,"""complete guided tasks""",Mismatch / Not in Taxonomy
313,"""compete with other users""",Mismatch / Not in Taxonomy
313,"""personalized expert insights""",Valid (analytics)
313,"""customize habit names""",Mismatch / Not in Taxonomy
313,"""choose unique icons for habits""",Mismatch / Not in Taxonomy
313,"""pick colors for habits""",Mismatch / Not in Taxonomy
313,"""track habits""",Mismatch / Not in Taxonomy
313,"""analyze progress""",Mismatch / Not in Taxonomy
313,"""build chains of completed habits""",Mismatch / Not in Taxonomy
313,"""set up smart reminders""",Valid (reminders)
313,"""personalize notifications""",Valid (reminders)
313,"""manage distractions""",Mismatch / Not in Taxonomy
313,"""unlimited number of habits""",Mismatch / Not in Taxonomy
313,"""locationbased reminders""",Valid (reminders)
313,"""motivating stats for each habit""",Mismatch / Not in Taxonomy
313,"""habit trends with weekbyweek data""]",Valid (analytics)
314,"[""set and track goals on a daily or weekly basis""",Mismatch / Not in Taxonomy
314,"""track goals multiple times a day""",Mismatch / Not in Taxonomy
314,"""customizable habit display (icons and colors)""",Mismatch / Not in Taxonomy
314,"""daily journal for notes about habits""",Mismatch / Not in Taxonomy
314,"""edit past activities""",Mismatch / Not in Taxonomy
314,"""multiple reminders for each habit""",Valid (reminders)
314,"""exportable csv data with totals and time stamps""",Mismatch / Not in Taxonomy
314,"""passcode protection with faceid/touchid""",Mismatch / Not in Taxonomy
314,"""track activity with apple watch or home screen widget""",Mismatch / Not in Taxonomy
314,"""icloud and dropbox data backup""",Mismatch / Not in Taxonomy
314,"""shortcuts and siri integration""",Mismatch / Not in Taxonomy
314,"""integration with apple healthkit""",Mismatch / Not in Taxonomy
314,"""unlimited habits/goals in premium version""",Mismatch / Not in Taxonomy
314,"""view streaks for each habit""",Mismatch / Not in Taxonomy
314,"""calendar view for tracking goals""",Mismatch / Not in Taxonomy
314,"""graph to view trends over time""",Valid (analytics)
314,"""choose start day of the week""]",Mismatch / Not in Taxonomy
315,"[""intuitive lists""",Mismatch / Not in Taxonomy
315,"""colored lists""",Mismatch / Not in Taxonomy
315,"""customizable theme""",Mismatch / Not in Taxonomy
315,"""shared lists""",Mismatch / Not in Taxonomy
315,"""widgets""",Mismatch / Not in Taxonomy
315,"""reminders""",Valid (reminders)
315,"""memo & subtask""",Mismatch / Not in Taxonomy
315,"""smart input""",Mismatch / Not in Taxonomy
315,"""autosnooze""",Valid (reminders)
315,"""focus timer""",Mismatch / Not in Taxonomy
315,"""today widget""",Mismatch / Not in Taxonomy
315,"""cloud syncing""",Mismatch / Not in Taxonomy
315,"""touchid/faceid""",Mismatch / Not in Taxonomy
315,"""siri ready""",Mismatch / Not in Taxonomy
315,"""custom setting""",Mismatch / Not in Taxonomy
315,"""calendar syncing""",Mismatch / Not in Taxonomy
315,"""continuous reminder""",Valid (reminders)
315,"""supports iphone",Mismatch / Not in Taxonomy
315,ipad,Mismatch / Not in Taxonomy
315,"and mac""",Mismatch / Not in Taxonomy
315,"""url scheme support""]",Mismatch / Not in Taxonomy
316,"[""manage tasks from anywhere""",Mismatch / Not in Taxonomy
316,"""capture tasks from any device""",Mismatch / Not in Taxonomy
316,"""edit tasks on the go""",Mismatch / Not in Taxonomy
316,"""sync tasks across devices""",Mismatch / Not in Taxonomy
316,"""integrate with gmail""",Mismatch / Not in Taxonomy
316,"""integrate with google calendar""",Mismatch / Not in Taxonomy
316,"""create task lists""",Mismatch / Not in Taxonomy
316,"""view tasks in gmail side panel""",Mismatch / Not in Taxonomy
316,"""create tasks from emails""",Mismatch / Not in Taxonomy
316,"""add details to tasks""",Mismatch / Not in Taxonomy
316,"""create subtasks""",Mismatch / Not in Taxonomy
316,"""edit task details""",Mismatch / Not in Taxonomy
316,"""set due dates for tasks""",Mismatch / Not in Taxonomy
316,"""organize tasks by date""",Mismatch / Not in Taxonomy
316,"""prioritize tasks using draganddrop""",Mismatch / Not in Taxonomy
316,"""receive due date notifications""]",Valid (reminders)
317,"[""set weekly objectives""",Mismatch / Not in Taxonomy
317,"""develop personal action plan""",Mismatch / Not in Taxonomy
317,"""create daily routine""",Valid (habit_tracking)
317,"""manage tasks""",Mismatch / Not in Taxonomy
317,"""track time""",Mismatch / Not in Taxonomy
317,"""effective time tracker""",Mismatch / Not in Taxonomy
317,"""task manager""",Mismatch / Not in Taxonomy
317,"""morning routine planner""",Mismatch / Not in Taxonomy
317,"""daily routine scheduler""",Valid (habit_tracking)
317,"""lists and notepad for ideas and notes""",Mismatch / Not in Taxonomy
317,"""time and routine tracker""",Mismatch / Not in Taxonomy
317,"""daily and weekly reflections""",Mismatch / Not in Taxonomy
317,"""share plans and tasks""",Mismatch / Not in Taxonomy
317,"""sync across devices""",Mismatch / Not in Taxonomy
317,"""offline access""",Mismatch / Not in Taxonomy
317,"""custom categories in pro upgrade""",Mismatch / Not in Taxonomy
317,"""manage unlimited goals in pro upgrade""",Mismatch / Not in Taxonomy
317,"""set unlimited routines in pro upgrade""",Mismatch / Not in Taxonomy
317,"""export data to pdf or excel in pro upgrade""]",Mismatch / Not in Taxonomy
318,"[""create tasks using natural language""",Mismatch / Not in Taxonomy
318,"""set recurring tasks""",Mismatch / Not in Taxonomy
318,"""view projects as lists",Mismatch / Not in Taxonomy
318,boards,Mismatch / Not in Taxonomy
318,"or calendar""",Mismatch / Not in Taxonomy
318,"""sync across devices""",Mismatch / Not in Taxonomy
318,"""integrate with calendars and other tools""",Mismatch / Not in Taxonomy
318,"""collaborate on projects by assigning tasks""",Mismatch / Not in Taxonomy
318,"""add deadlines",Mismatch / Not in Taxonomy
318,notes,Mismatch / Not in Taxonomy
318,"and files to tasks""",Mismatch / Not in Taxonomy
318,"""use templates for various tasks""",Mismatch / Not in Taxonomy
318,"""set visual task priority levels""",Mismatch / Not in Taxonomy
318,"""receive insights into productivity streaks""",Valid (analytics)
318,"""locationbased reminders""",Valid (reminders)
318,"""access siri and today widget features""",Mismatch / Not in Taxonomy
318,"""custom filters for task organization""]",Mismatch / Not in Taxonomy
319,"[""make shopping lists""",Mismatch / Not in Taxonomy
319,"""make task lists""",Mismatch / Not in Taxonomy
319,"""take notes""",Mismatch / Not in Taxonomy
319,"""record collections""",Mismatch / Not in Taxonomy
319,"""set reminders""",Valid (reminders)
319,"""personalized daily planner""",Mismatch / Not in Taxonomy
319,"""intelligent task suggestions""",Mismatch / Not in Taxonomy
319,"""sync reminders and tasks across devices""",Valid (reminders)
319,"""collaborate on lists""",Mismatch / Not in Taxonomy
319,"""capture tasks from microsoft apps""",Mismatch / Not in Taxonomy
319,"""host tasks securely on microsoft 365""",Mismatch / Not in Taxonomy
319,"""customizable list features""",Mismatch / Not in Taxonomy
319,"""share lists""",Mismatch / Not in Taxonomy
319,"""add notes to tasks""",Mismatch / Not in Taxonomy
319,"""set onetime or recurring due dates""",Mismatch / Not in Taxonomy
319,"""break tasks into manageable steps""",Mismatch / Not in Taxonomy
319,"""attach files to tasks""",Mismatch / Not in Taxonomy
319,"""bill planner""",Mismatch / Not in Taxonomy
319,"""business calendar""",Mismatch / Not in Taxonomy
319,"""note taking""",Mismatch / Not in Taxonomy
319,"""sync tasks between outlook and to do""]",Mismatch / Not in Taxonomy
320,"[""sync tasks across all devices""",Mismatch / Not in Taxonomy
320,"""multiple reminders""",Valid (reminders)
320,"""flexible calendar views""",Mismatch / Not in Taxonomy
320,"""integrate with calendar application""",Mismatch / Not in Taxonomy
320,"""set flexible recurring tasks""",Mismatch / Not in Taxonomy
320,"""create checklists""",Mismatch / Not in Taxonomy
320,"""share task lists for collaboration""",Mismatch / Not in Taxonomy
320,"""add task via email""",Mismatch / Not in Taxonomy
320,"""upload attachments to tasks""",Mismatch / Not in Taxonomy
320,"""classify tasks with tags""",Mismatch / Not in Taxonomy
320,"""keep track of birthdays and anniversaries with countdown""",Valid (timer)
320,"""use siri to create tasks""",Mismatch / Not in Taxonomy
320,"""enable pomo timer""",Mismatch / Not in Taxonomy
320,"""set a goal to develop a habit""",Mismatch / Not in Taxonomy
320,"""instant time and location reminder""",Valid (reminders)
320,"""four priority levels""",Mismatch / Not in Taxonomy
320,"""different sort options (by order/date/name/priority)""",Mismatch / Not in Taxonomy
320,"""add description/comments to tasks""",Mismatch / Not in Taxonomy
320,"""batch edit tasks""",Mismatch / Not in Taxonomy
320,"""quick search tasks""",Mismatch / Not in Taxonomy
320,"""more lists and tasks (299 lists",Mismatch / Not in Taxonomy
320,999 tasks in each list,Mismatch / Not in Taxonomy
320,"199 subtasks in each task)""",Mismatch / Not in Taxonomy
320,"""add up to 5 reminders to each task""",Valid (reminders)
320,"""share a task list to up to 29 members""",Mismatch / Not in Taxonomy
320,"""upload up to 99 attachments every day""",Mismatch / Not in Taxonomy
320,"""subscribe calendars in ticktick""",Mismatch / Not in Taxonomy
320,"""grid view of calendar""",Mismatch / Not in Taxonomy
320,"""custom smart list""",Mismatch / Not in Taxonomy
320,"""add more than 5 habits""",Mismatch / Not in Taxonomy
320,"""add more than 5 countdowns""",Valid (timer)
320,"""constant reminder""",Valid (reminders)
320,"""repeat reminder""",Valid (reminders)
320,"""nlp smart time recognition""",Mismatch / Not in Taxonomy
320,"""filter tasks""",Mismatch / Not in Taxonomy
320,"""keyboard shortcuts""",Mismatch / Not in Taxonomy
320,"""statistics tracking""",Mismatch / Not in Taxonomy
320,"""choose from 40+ themes""]",Mismatch / Not in Taxonomy
321,"[""customizable boards""",Mismatch / Not in Taxonomy
321,"""lists""",Mismatch / Not in Taxonomy
321,"""cards""",Mismatch / Not in Taxonomy
321,"""checklists""",Mismatch / Not in Taxonomy
321,"""labels""",Mismatch / Not in Taxonomy
321,"""due dates""",Mismatch / Not in Taxonomy
321,"""powerups""",Mismatch / Not in Taxonomy
321,"""calendar view""",Mismatch / Not in Taxonomy
321,"""map view""",Mismatch / Not in Taxonomy
321,"""notifications""",Valid (reminders)
321,"""offline access""",Mismatch / Not in Taxonomy
321,"""camera access""",Mismatch / Not in Taxonomy
321,"""microphone access""",Mismatch / Not in Taxonomy
321,"""contacts access""",Mismatch / Not in Taxonomy
321,"""photo library access""]",Mismatch / Not in Taxonomy
322,"[""monthly calendar to view mood flow""",Mismatch / Not in Taxonomy
322,"""mood selection with five mood beans""",Mismatch / Not in Taxonomy
322,"""activity icons for daily summaries""",Mismatch / Not in Taxonomy
322,"""add pictures and notes to daily records""",Mismatch / Not in Taxonomy
322,"""customizable category blocks""",Mismatch / Not in Taxonomy
322,"""statistics for mood and activity analysis""",Mismatch / Not in Taxonomy
322,"""weekly and monthly mood and activity tracking""]",Mismatch / Not in Taxonomy
323,"[""habit tracker""",Mismatch / Not in Taxonomy
323,"""daily planner""",Mismatch / Not in Taxonomy
323,"""gratitude journal""",Mismatch / Not in Taxonomy
323,"""coaching series""",Mismatch / Not in Taxonomy
323,"""todo list""",Mismatch / Not in Taxonomy
323,"""journaling""",Mismatch / Not in Taxonomy
323,"""workouts""",Mismatch / Not in Taxonomy
323,"""breathing exercises""",Mismatch / Not in Taxonomy
323,"""meditation sessions""",Mismatch / Not in Taxonomy
323,"""mental wellbeing monitoring""",Mismatch / Not in Taxonomy
323,"""goaltracker""",Mismatch / Not in Taxonomy
323,"""personal oneonone coaching""",Mismatch / Not in Taxonomy
323,"""community support""",Mismatch / Not in Taxonomy
323,"""morning routine guidance""",Mismatch / Not in Taxonomy
323,"""afternoon routine guidance""",Mismatch / Not in Taxonomy
323,"""evening routine guidance""",Mismatch / Not in Taxonomy
323,"""focus techniques""",Mismatch / Not in Taxonomy
323,"""ondemand coaching library""",Mismatch / Not in Taxonomy
323,"""premium journeys""",Mismatch / Not in Taxonomy
323,"""sleep tracking""",Mismatch / Not in Taxonomy
323,"""adhdrelated coaching""",Mismatch / Not in Taxonomy
323,"""daily affirmations""]",Mismatch / Not in Taxonomy
324,"[""capture notes""",Mismatch / Not in Taxonomy
324,"""edit notes""",Mismatch / Not in Taxonomy
324,"""share notes""",Mismatch / Not in Taxonomy
324,"""collaborate on notes""",Mismatch / Not in Taxonomy
324,"""add lists""",Mismatch / Not in Taxonomy
324,"""add photos""",Mismatch / Not in Taxonomy
324,"""add audio""",Mismatch / Not in Taxonomy
324,"""organize notes with labels""",Mismatch / Not in Taxonomy
324,"""organize notes with colors""",Mismatch / Not in Taxonomy
324,"""set locationbased reminders""",Valid (reminders)
324,"""set timebased reminders""",Valid (reminders)
324,"""record voice memos""",Mismatch / Not in Taxonomy
324,"""transcribe voice memos""",Mismatch / Not in Taxonomy
324,"""extract text from images""",Mismatch / Not in Taxonomy
324,"""filter notes by color""",Mismatch / Not in Taxonomy
324,"""search notes""",Mismatch / Not in Taxonomy
324,"""sync notes across devices""",Mismatch / Not in Taxonomy
324,"""work offline""",Mismatch / Not in Taxonomy
324,"""export notes to docs""",Mismatch / Not in Taxonomy
324,"""create and edit notes collaboratively in real time""]",Mismatch / Not in Taxonomy
325,"[""capture notes""",Mismatch / Not in Taxonomy
325,"""edit notes""",Mismatch / Not in Taxonomy
325,"""share notes""",Mismatch / Not in Taxonomy
325,"""collaborate on notes""",Mismatch / Not in Taxonomy
325,"""add lists""",Mismatch / Not in Taxonomy
325,"""add photos""",Mismatch / Not in Taxonomy
325,"""add audio""",Mismatch / Not in Taxonomy
325,"""organize notes with labels""",Mismatch / Not in Taxonomy
325,"""organize notes with colors""",Mismatch / Not in Taxonomy
325,"""set locationbased reminders""",Valid (reminders)
325,"""set timebased reminders""",Valid (reminders)
325,"""record voice memos""",Mismatch / Not in Taxonomy
325,"""transcribe voice memos""",Mismatch / Not in Taxonomy
325,"""extract text from images""",Mismatch / Not in Taxonomy
325,"""filter notes by color""",Mismatch / Not in Taxonomy
325,"""search notes by attributes""",Mismatch / Not in Taxonomy
325,"""sync notes across devices""",Mismatch / Not in Taxonomy
325,"""access on phone",Mismatch / Not in Taxonomy
325,tablet,Mismatch / Not in Taxonomy
325,"and computer""]",Mismatch / Not in Taxonomy
326,"[""capture ideas as searchable notes""",Mismatch / Not in Taxonomy
326,"""create and manage todo lists""",Mismatch / Not in Taxonomy
326,"""clip articles and web pages""",Mismatch / Not in Taxonomy
326,"""add text",Mismatch / Not in Taxonomy
326,docs,Mismatch / Not in Taxonomy
326,pdfs,Mismatch / Not in Taxonomy
326,sketches,Mismatch / Not in Taxonomy
326,photos,Mismatch / Not in Taxonomy
326,audio,Mismatch / Not in Taxonomy
326,"and web clippings to notes""",Mismatch / Not in Taxonomy
326,"""scan and organize paper documents",Mismatch / Not in Taxonomy
326,business cards,Mismatch / Not in Taxonomy
326,whiteboards,Mismatch / Not in Taxonomy
326,"and handwritten notes""",Mismatch / Not in Taxonomy
326,"""set due dates and reminders for tasks""",Valid (reminders)
326,"""connect to google calendar""",Mismatch / Not in Taxonomy
326,"""customizable home dashboard""",Valid (analytics)
326,"""create separate notebooks for organization""",Mismatch / Not in Taxonomy
326,"""powerful search functionality""",Mismatch / Not in Taxonomy
326,"""sync notes and notebooks across devices""",Mismatch / Not in Taxonomy
326,"""keep a journal""",Mismatch / Not in Taxonomy
326,"""share notebooks with team members""",Mismatch / Not in Taxonomy
326,"""create shared spaces for collaboration""",Mismatch / Not in Taxonomy
326,"""track lecture notes",Mismatch / Not in Taxonomy
326,exams,Mismatch / Not in Taxonomy
326,"and assignments""",Mismatch / Not in Taxonomy
326,"""create notebooks for each class""",Mismatch / Not in Taxonomy
326,"""access notes and notebooks offline""",Mismatch / Not in Taxonomy
326,"""10 gb of new uploads per month (personal plan)""",Mismatch / Not in Taxonomy
326,"""20 gb of new uploads per month (professional plan)""",Mismatch / Not in Taxonomy
326,"""create",Mismatch / Not in Taxonomy
326,manage,Mismatch / Not in Taxonomy
326,"and assign tasks (professional plan)""",Mismatch / Not in Taxonomy
326,"""connect multiple google calendar accounts (professional plan)""",Mismatch / Not in Taxonomy
326,"""full customization of home dashboard (professional plan)""",Valid (analytics)
326,"""web clipper extension for browsers""",Mismatch / Not in Taxonomy
326,"""realtime collaboration features""",Mismatch / Not in Taxonomy
326,"""templates for note structures""",Mismatch / Not in Taxonomy
326,"""document scanning capabilities""",Mismatch / Not in Taxonomy
326,"""advanced search features""",Mismatch / Not in Taxonomy
326,"""integration with ai features""]",Mismatch / Not in Taxonomy
327,"[""scan barcodes of food and personal care products""",Mismatch / Not in Taxonomy
327,"""view impact of products on health""",Mismatch / Not in Taxonomy
327,"""receive product ratings""",Mismatch / Not in Taxonomy
327,"""access detailed product information""",Mismatch / Not in Taxonomy
327,"""get recommendations for healthier alternative products""",Mismatch / Not in Taxonomy
327,"""access a database of 5 million referenced products""",Mismatch / Not in Taxonomy
327,"""evaluate food products based on nutritional quality",Mismatch / Not in Taxonomy
327,presence of additives,Mismatch / Not in Taxonomy
327,"and organic aspect""",Mismatch / Not in Taxonomy
327,"""analyze cosmetic products based on ingredient risk levels""]",Mismatch / Not in Taxonomy
328,"[""download the app""",Mismatch / Not in Taxonomy
328,"""sign up for an account""",Mismatch / Not in Taxonomy
328,"""answer questions about personal tastes""",Mismatch / Not in Taxonomy
328,"""receive free fullsize products in voxboxes""",Mismatch / Not in Taxonomy
328,"""check tasks after receiving a voxbox""",Mismatch / Not in Taxonomy
328,"""complete tasks such as reviews or social media posts""",Mismatch / Not in Taxonomy
328,"""access member reviews about products""",Mismatch / Not in Taxonomy
328,"""join influenster pro for additional products and brand partnerships""]",Mismatch / Not in Taxonomy
329,"[""capture thoughts and ideas""",Mismatch / Not in Taxonomy
329,"""plan events""",Mismatch / Not in Taxonomy
329,"""track errands""",Mismatch / Not in Taxonomy
329,"""write memos""",Mismatch / Not in Taxonomy
329,"""create a digital sketchbook""",Mismatch / Not in Taxonomy
329,"""save notes on mobile devices""",Mismatch / Not in Taxonomy
329,"""sync notes via onedrive""",Mismatch / Not in Taxonomy
329,"""access notes across devices""",Mismatch / Not in Taxonomy
329,"""sign in with microsoft account""",Mismatch / Not in Taxonomy
329,"""save pictures of whiteboards and documents with office lens""",Mismatch / Not in Taxonomy
329,"""organize notes with organizational tools""",Mismatch / Not in Taxonomy
329,"""search for recent notes""",Mismatch / Not in Taxonomy
329,"""pin frequently used pages""",Mismatch / Not in Taxonomy
329,"""secure notes with a password""",Mismatch / Not in Taxonomy
329,"""use touch id for access""",Mismatch / Not in Taxonomy
329,"""create sticky notes""",Mismatch / Not in Taxonomy
329,"""sync sticky notes across devices""",Mismatch / Not in Taxonomy
329,"""save notes to the cloud (onedrive",Mismatch / Not in Taxonomy
329,onedrive for business,Mismatch / Not in Taxonomy
329,"sharepoint)""",Mismatch / Not in Taxonomy
329,"""collaborate in a shared notepad""",Mismatch / Not in Taxonomy
329,"""use various pen colors and settings for handwritten notes""",Mismatch / Not in Taxonomy
329,"""convert handdrawn shapes into regular polygons and circles""",Mismatch / Not in Taxonomy
329,"""use a stylus or touchscreen for writing and drawing""]",Mismatch / Not in Taxonomy
330,"[""channels for team and project organization""",Mismatch / Not in Taxonomy
330,"""slack connect for external partner collaboration""",Mismatch / Not in Taxonomy
330,"""messaging for team communication""",Mismatch / Not in Taxonomy
330,"""huddles for audio and video meetings""",Mismatch / Not in Taxonomy
330,"""clips for recording and sharing updates""",Mismatch / Not in Taxonomy
330,"""templates for starting tasks quickly""",Mismatch / Not in Taxonomy
330,"""canvas for creating rich",Mismatch / Not in Taxonomy
330,"flexible documents""",Mismatch / Not in Taxonomy
330,"""lists for organizing",Mismatch / Not in Taxonomy
330,tracking,Mismatch / Not in Taxonomy
330,"and managing projects""",Mismatch / Not in Taxonomy
330,"""file sharing within the workflow""",Mismatch / Not in Taxonomy
330,"""workflow builder for automating routine tasks""",Mismatch / Not in Taxonomy
330,"""integration with over 2",Mismatch / Not in Taxonomy
330,"600 apps""",Mismatch / Not in Taxonomy
330,"""aipowered search for finding information""",Mismatch / Not in Taxonomy
330,"""agentforce for aipowered assistance""",Mismatch / Not in Taxonomy
330,"""enterprise search for searching across apps and data sources""",Mismatch / Not in Taxonomy
330,"""security features for data protection and compliance""",Mismatch / Not in Taxonomy
330,"""enterprise key management for access control""",Mismatch / Not in Taxonomy
330,"""automatic meeting note transcription and summarization""]",Mismatch / Not in Taxonomy
331,"[""access on mobile and web""",Mismatch / Not in Taxonomy
331,"""set up different projects""",Mismatch / Not in Taxonomy
331,"""break workload into manageable tasks""",Mismatch / Not in Taxonomy
331,"""assign tasks to owners""",Mismatch / Not in Taxonomy
331,"""set due dates for tasks""",Mismatch / Not in Taxonomy
331,"""choose project view (lists",Mismatch / Not in Taxonomy
331,kanban boards,Mismatch / Not in Taxonomy
331,"calendar)""",Mismatch / Not in Taxonomy
331,"""my tasks feature for personal todo list""",Mismatch / Not in Taxonomy
331,"""drag & drop tasks""",Mismatch / Not in Taxonomy
331,"""create custom checklist sections""",Mismatch / Not in Taxonomy
331,"""sort tasks by different dimensions""",Mismatch / Not in Taxonomy
331,"""like",Mismatch / Not in Taxonomy
331,comment,Mismatch / Not in Taxonomy
331,"and attach files to tasks""",Mismatch / Not in Taxonomy
331,"""receive automatic updates in inbox""",Mismatch / Not in Taxonomy
331,"""view project progress with portfolios""",Mismatch / Not in Taxonomy
331,"""use custom fields for task management""",Mismatch / Not in Taxonomy
331,"""timeline view for gantt chart with task dependencies""",Mismatch / Not in Taxonomy
331,"""track company goals and milestones""",Mismatch / Not in Taxonomy
331,"""work graph for task",Mismatch / Not in Taxonomy
331,project,Mismatch / Not in Taxonomy
331,"and goal representation""",Mismatch / Not in Taxonomy
331,"""ai capabilities for work management""",Mismatch / Not in Taxonomy
331,"""resource management""",Mismatch / Not in Taxonomy
331,"""app integrations""",Mismatch / Not in Taxonomy
331,"""workflows and automation""",Mismatch / Not in Taxonomy
331,"""admin and security features""",Mismatch / Not in Taxonomy
331,"""campaign management""",Mismatch / Not in Taxonomy
331,"""creative production automation""",Mismatch / Not in Taxonomy
331,"""project intake management""",Mismatch / Not in Taxonomy
331,"""product launch coordination""",Mismatch / Not in Taxonomy
331,"""organizational planning tools""",Mismatch / Not in Taxonomy
331,"""resource planning visualization""",Mismatch / Not in Taxonomy
331,"""employee onboarding standardization""",Mismatch / Not in Taxonomy
331,"""goal management connection""]",Mismatch / Not in Taxonomy
332,"[""send text messages""",Mismatch / Not in Taxonomy
332,"""set reminders""",Valid (reminders)
332,"""play music""",Mismatch / Not in Taxonomy
332,"""navigate places""",Mismatch / Not in Taxonomy
332,"""get weather information""",Mismatch / Not in Taxonomy
332,"""learn about privacy controls""",Mismatch / Not in Taxonomy
332,"""delete recent google assistant activity""]",Mismatch / Not in Taxonomy
333,"[""write down your 3 daily priorities""",Mismatch / Not in Taxonomy
333,"""start and pause tasks anytime""",Mismatch / Not in Taxonomy
333,"""track time spent on each task""",Mismatch / Not in Taxonomy
333,"""clean",Mismatch / Not in Taxonomy
333,"distractionfree interface""",Mismatch / Not in Taxonomy
333,"""one simple screen""",Mismatch / Not in Taxonomy
333,"""pleasant tictac sound""",Mismatch / Not in Taxonomy
333,"""onetime purchase""]",Mismatch / Not in Taxonomy
334,"[""task list""",Mismatch / Not in Taxonomy
334,"""calendar""",Mismatch / Not in Taxonomy
334,"""reminders""",Valid (reminders)
334,"""shared lists""",Mismatch / Not in Taxonomy
334,"""assigned tasks""",Mismatch / Not in Taxonomy
334,"""widget""",Mismatch / Not in Taxonomy
334,"""voice entry for reminders""",Valid (reminders)
334,"""calendar integration""",Mismatch / Not in Taxonomy
334,"""recurring reminders""",Valid (reminders)
334,"""location reminders""",Valid (reminders)
334,"""subtasks""",Mismatch / Not in Taxonomy
334,"""notes""",Mismatch / Not in Taxonomy
334,"""file attachments""",Mismatch / Not in Taxonomy
334,"""daily planner""",Mismatch / Not in Taxonomy
334,"""shopping list""",Mismatch / Not in Taxonomy
334,"""chat and collaboration""",Mismatch / Not in Taxonomy
334,"""integrations with other apps""",Mismatch / Not in Taxonomy
334,"""templates""",Mismatch / Not in Taxonomy
334,"""kanban view""",Mismatch / Not in Taxonomy
334,"""calendar view""",Mismatch / Not in Taxonomy
334,"""table view""",Mismatch / Not in Taxonomy
334,"""custom views""",Mismatch / Not in Taxonomy
334,"""automations""",Mismatch / Not in Taxonomy
334,"""custom fields""",Mismatch / Not in Taxonomy
334,"""board notifications""",Valid (reminders)
334,"""private boards""",Mismatch / Not in Taxonomy
334,"""live chat support""",Mismatch / Not in Taxonomy
334,"""time tracking""",Mismatch / Not in Taxonomy
334,"""completed tasks report""",Mismatch / Not in Taxonomy
334,"""gantt chart""]",Mismatch / Not in Taxonomy
335,"[""connect multiple email accounts into one inbox""",Mismatch / Not in Taxonomy
335,"""intuitive interface for managing emails""",Mismatch / Not in Taxonomy
335,"""ai email assistant for writing and replying""",Mismatch / Not in Taxonomy
335,"""quick ai reply options""",Mismatch / Not in Taxonomy
335,"""proofreading and grammar correction""",Mismatch / Not in Taxonomy
335,"""rephrasing and text adjustment""",Mismatch / Not in Taxonomy
335,"""prioritize important emails""",Mismatch / Not in Taxonomy
335,"""group newsletters and notifications""",Valid (reminders)
335,"""prescreen new senders""",Mismatch / Not in Taxonomy
335,"""block unwanted senders""",Mismatch / Not in Taxonomy
335,"""mark emails or senders as important""",Mismatch / Not in Taxonomy
335,"""group emails by sender""",Mismatch / Not in Taxonomy
335,"""clean emails and mark tasks as done""",Mismatch / Not in Taxonomy
335,"""mute email threads""",Mismatch / Not in Taxonomy
335,"""schedule emails to be sent later""",Mismatch / Not in Taxonomy
335,"""send large files through spark cloud""",Mismatch / Not in Taxonomy
335,"""natural language search for messages""",Mismatch / Not in Taxonomy
335,"""quick replies with a tap""",Mismatch / Not in Taxonomy
335,"""send encrypted emails""",Mismatch / Not in Taxonomy
335,"""gdpr compliant""",Mismatch / Not in Taxonomy
335,"""create shared inboxes for teams""",Mismatch / Not in Taxonomy
335,"""assign emails and track progress""",Mismatch / Not in Taxonomy
335,"""realtime email collaboration""",Mismatch / Not in Taxonomy
335,"""private email discussions""",Mismatch / Not in Taxonomy
335,"""create secure links to emails""",Mismatch / Not in Taxonomy
335,"""email templates""",Mismatch / Not in Taxonomy
335,"""automated newsletter and notification inboxes""",Valid (reminders)
335,"""email translation""",Mismatch / Not in Taxonomy
335,"""instant insights from emails and threads""",Valid (analytics)
335,"""snooze emails""",Valid (reminders)
335,"""reminders to follow up""",Valid (reminders)
335,"""email signatures""]",Mismatch / Not in Taxonomy
336,"[""realtime writing feedback""",Mismatch / Not in Taxonomy
336,"""ai assistance""",Mismatch / Not in Taxonomy
336,"""works directly in iphone and ipad apps""",Mismatch / Not in Taxonomy
336,"""spelling suggestions""",Mismatch / Not in Taxonomy
336,"""grammar suggestions""",Mismatch / Not in Taxonomy
336,"""conciseness suggestions""",Mismatch / Not in Taxonomy
336,"""vocabulary recommendations""",Mismatch / Not in Taxonomy
336,"""clarity recommendations""",Mismatch / Not in Taxonomy
336,"""tone detection""",Mismatch / Not in Taxonomy
336,"""tone transformations""",Mismatch / Not in Taxonomy
336,"""multiword text predictions""",Mismatch / Not in Taxonomy
336,"""smart autocorrect""",Mismatch / Not in Taxonomy
336,"""swipe typing""",Mismatch / Not in Taxonomy
336,"""emoji predictions""",Mismatch / Not in Taxonomy
336,"""search bar""",Mismatch / Not in Taxonomy
336,"""generative ai rewrites""",Mismatch / Not in Taxonomy
336,"""document editor for longform writing""",Mismatch / Not in Taxonomy
336,"""comprehensive writing feedback""",Mismatch / Not in Taxonomy
336,"""cloudbased document management""",Mismatch / Not in Taxonomy
336,"""personal writing statistics""",Mismatch / Not in Taxonomy
336,"""plagiarism detection""",Mismatch / Not in Taxonomy
336,"""ai detection""",Mismatch / Not in Taxonomy
336,"""compatible with hardware keyboards""",Mismatch / Not in Taxonomy
336,"""safari extension for typing on websites""]",Mismatch / Not in Taxonomy
337,"[""prioritize tasks",Mismatch / Not in Taxonomy
337,projects,Mismatch / Not in Taxonomy
337,"and emails""",Mismatch / Not in Taxonomy
337,"""4quadrants framework for tracking projects and tasks""",Mismatch / Not in Taxonomy
337,"""filter tasks by collaborators""",Mismatch / Not in Taxonomy
337,"""tags",Mismatch / Not in Taxonomy
337,filters,Mismatch / Not in Taxonomy
337,sort,Mismatch / Not in Taxonomy
337,"and search for tasks""",Mismatch / Not in Taxonomy
337,"""generate daily",Mismatch / Not in Taxonomy
337,weekly,Mismatch / Not in Taxonomy
337,"or timespecific reports""",Mismatch / Not in Taxonomy
337,"""realtime item and project history streams""",Mismatch / Not in Taxonomy
337,"""individualized project access for teammates""",Mismatch / Not in Taxonomy
337,"""assign tasks to individuals or add followers""",Mismatch / Not in Taxonomy
337,"""inapp chat for communication""",Mismatch / Not in Taxonomy
337,"""add icons",Mismatch / Not in Taxonomy
337,notes,Mismatch / Not in Taxonomy
337,dates,Mismatch / Not in Taxonomy
337,progress,Mismatch / Not in Taxonomy
337,files,Mismatch / Not in Taxonomy
337,"and effort estimates to tasks""",Mismatch / Not in Taxonomy
337,"""drag and drop files to projects""",Mismatch / Not in Taxonomy
337,"""sync across devices (mac",Mismatch / Not in Taxonomy
337,windows,Mismatch / Not in Taxonomy
337,iphone,Mismatch / Not in Taxonomy
337,ipad,Mismatch / Not in Taxonomy
337,"android)""",Mismatch / Not in Taxonomy
337,"""integrate with office 365""",Mismatch / Not in Taxonomy
337,"""create tasks from outlook emails""",Mismatch / Not in Taxonomy
337,"""manage projects within microsoft teams""",Mismatch / Not in Taxonomy
337,"""work offline with local storage""",Mismatch / Not in Taxonomy
337,"""flexible storage options (local or cloud)""",Mismatch / Not in Taxonomy
337,"""high performance as a native app""",Mismatch / Not in Taxonomy
337,"""deep integration with system features""",Mismatch / Not in Taxonomy
337,"""encrypted cloud data for security""]",Mismatch / Not in Taxonomy
338,"[""scanner capabilities""",Mismatch / Not in Taxonomy
338,"""tracking of productivity""",Mismatch / Not in Taxonomy
338,"""measure metrics performance""",Mismatch / Not in Taxonomy
338,"""track metrics performance""]",Mismatch / Not in Taxonomy
339,"[""simple",Mismatch / Not in Taxonomy
339,"beautiful and intuitive interface""",Mismatch / Not in Taxonomy
339,"""customize focus sessions",Mismatch / Not in Taxonomy
339,goals,Mismatch / Not in Taxonomy
339,"colors and sounds""",Mismatch / Not in Taxonomy
339,"""track productivity with insightful charts""",Mismatch / Not in Taxonomy
339,"""universal app with icloud support""",Mismatch / Not in Taxonomy
339,"""adjust the timer with fingers""",Mismatch / Not in Taxonomy
339,"""next session starts automatically""",Mismatch / Not in Taxonomy
339,"""track progress with 14day and 30day charts""",Mismatch / Not in Taxonomy
339,"""set daily goal for number of focus sessions""",Mismatch / Not in Taxonomy
339,"""set number of focus sessions before long break""",Mismatch / Not in Taxonomy
339,"""customize length of focus session",Mismatch / Not in Taxonomy
339,short break,Mismatch / Not in Taxonomy
339,"and long break""",Mismatch / Not in Taxonomy
339,"""choose from 10 different ticking sounds and personal music library""",Mismatch / Not in Taxonomy
339,"""choose from 14 different alarm sounds""",Valid (reminders)
339,"""set different sounds for short break",Mismatch / Not in Taxonomy
339,long break,Valid (pomodoro)
339,"and focus session""",Mismatch / Not in Taxonomy
339,"""set different colors for short break",Mismatch / Not in Taxonomy
339,long break,Valid (pomodoro)
339,"and focus session""",Mismatch / Not in Taxonomy
339,"""receive alarm notifications in background""",Valid (reminders)
339,"""today widget for focus sessions""",Mismatch / Not in Taxonomy
339,"""icon badge shows remaining time for current session""",Mismatch / Not in Taxonomy
339,"""focus reminder for habit formation""",Valid (reminders)
339,"""option to reset focus count at midnight automatically""",Mismatch / Not in Taxonomy
339,"""set different volume for ticking and alarm sounds""",Valid (reminders)
339,"""access focus sessions and tasks history anytime on any device""]",Mismatch / Not in Taxonomy
340,"[""pomodoro timer: freely set focus time",Valid (pomodoro)
340,short break,Mismatch / Not in Taxonomy
340,"and long break""",Mismatch / Not in Taxonomy
340,"""room decoration: the more you focus",Mismatch / Not in Taxonomy
340,"the richer your room becomes""",Mismatch / Not in Taxonomy
340,"""music: emotional ost",Mismatch / Not in Taxonomy
340,piano tunes,Mismatch / Not in Taxonomy
340,"and nature sounds to boost your focus""",Mismatch / Not in Taxonomy
340,"""exercise: count your squats and stay healthy""",Mismatch / Not in Taxonomy
340,"""statistics: easily view your focus",Mismatch / Not in Taxonomy
340,rest,Mismatch / Not in Taxonomy
340,"and exercise logs""",Mismatch / Not in Taxonomy
340,"""powersaving mode: quiet at night",Mismatch / Not in Taxonomy
340,"protects your screen and saves battery""]",Mismatch / Not in Taxonomy
341,"[""pomodoro timer""",Valid (pomodoro)
341,"""custom work/break intervals""",Mismatch / Not in Taxonomy
341,"""session history""]",Mismatch / Not in Taxonomy
342,"[""track time with a single tap""",Mismatch / Not in Taxonomy
342,"""sync across devices""",Mismatch / Not in Taxonomy
342,"""generate reports""",Mismatch / Not in Taxonomy
342,"""export reports""",Mismatch / Not in Taxonomy
342,"""customize time entries with projects",Mismatch / Not in Taxonomy
342,clients,Mismatch / Not in Taxonomy
342,"and tags""",Mismatch / Not in Taxonomy
342,"""create time entries based on calendar events""",Mismatch / Not in Taxonomy
342,"""pomodoro mode for time tracking""",Valid (pomodoro)
342,"""provide suggestions for time entries""",Mismatch / Not in Taxonomy
342,"""use shortcuts for adding projects and tags""",Mismatch / Not in Taxonomy
342,"""autocomplete older time entries""",Mismatch / Not in Taxonomy
342,"""manual mode for adding and editing tracked time""",Mismatch / Not in Taxonomy
342,"""siri compatibility for voice commands""",Mismatch / Not in Taxonomy
342,"""ios widgets for quick access""",Mismatch / Not in Taxonomy
342,"""offline time tracking""]",Mismatch / Not in Taxonomy
343,"[""cute ghost characters""",Mismatch / Not in Taxonomy
343,"""pomodoro timer""",Valid (pomodoro)
343,"""regular timer""",Mismatch / Not in Taxonomy
343,"""study progress statistics""",Mismatch / Not in Taxonomy
343,"""song library""",Mismatch / Not in Taxonomy
343,"""countdown for personal messages""",Valid (timer)
343,"""countdown for study goals""]",Valid (timer)
344,"[""time management""",Mismatch / Not in Taxonomy
344,"""distraction tracking""",Mismatch / Not in Taxonomy
344,"""activity time tracking""",Mismatch / Not in Taxonomy
344,"""task management""",Mismatch / Not in Taxonomy
344,"""statistics features""",Mismatch / Not in Taxonomy
344,"""connect to todoist""",Mismatch / Not in Taxonomy
344,"""connect to evernote""",Mismatch / Not in Taxonomy
344,"""apple watch complications""",Mismatch / Not in Taxonomy
344,"""video marketing""",Mismatch / Not in Taxonomy
344,"""event marketing""",Mismatch / Not in Taxonomy
344,"""employee communication""",Mismatch / Not in Taxonomy
344,"""video monetization""",Mismatch / Not in Taxonomy
344,"""interactive video creation""",Mismatch / Not in Taxonomy
344,"""live streaming""",Mismatch / Not in Taxonomy
344,"""screen recording""",Mismatch / Not in Taxonomy
344,"""video maker""",Mismatch / Not in Taxonomy
344,"""online video editing""",Mismatch / Not in Taxonomy
344,"""video library management""",Mismatch / Not in Taxonomy
344,"""adfree video player""",Mismatch / Not in Taxonomy
344,"""video hosting""",Mismatch / Not in Taxonomy
344,"""video analytics""",Valid (analytics)
344,"""webinars""]",Mismatch / Not in Taxonomy
345,"[""block distracting apps and websites""",Mismatch / Not in Taxonomy
345,"""create custom blocklists""",Mismatch / Not in Taxonomy
345,"""schedule blocking sessions""",Mismatch / Not in Taxonomy
345,"""sync blocking sessions across devices""",Mismatch / Not in Taxonomy
345,"""block the internet with a single button""",Mismatch / Not in Taxonomy
345,"""use locked mode to break digital habits""",Mismatch / Not in Taxonomy
345,"""access focus sounds and music""",Mismatch / Not in Taxonomy
345,"""use website exceptions""",Mismatch / Not in Taxonomy
345,"""connect unlimited devices""",Mismatch / Not in Taxonomy
345,"""start sessions onthefly""",Mismatch / Not in Taxonomy
345,"""create recurring blocks""",Mismatch / Not in Taxonomy
345,"""display a green screen during block sessions""",Mismatch / Not in Taxonomy
345,"""provide a 7day free trial""",Mismatch / Not in Taxonomy
345,"""offer subscription pricing""",Mismatch / Not in Taxonomy
345,"""support for mac",Mismatch / Not in Taxonomy
345,windows,Mismatch / Not in Taxonomy
345,ios,Mismatch / Not in Taxonomy
345,android,Mismatch / Not in Taxonomy
345,"and chrome""]",Mismatch / Not in Taxonomy
346,"[""pomodoro focus timer""",Valid (pomodoro)
346,"""session tracking""",Mismatch / Not in Taxonomy
346,"""website blocking""",Mismatch / Not in Taxonomy
346,"""app blocking""",Mismatch / Not in Taxonomy
346,"""automatic slack status update""",Mismatch / Not in Taxonomy
346,"""do not disturb automation""",Mismatch / Not in Taxonomy
346,"""apple music integration""",Mismatch / Not in Taxonomy
346,"""apple calendar sync""",Mismatch / Not in Taxonomy
346,"""progress review""",Mismatch / Not in Taxonomy
346,"""session duration options (25 minutes",Mismatch / Not in Taxonomy
346,"45 minutes)""",Mismatch / Not in Taxonomy
346,"""crossdevice sync (iphone",Mismatch / Not in Taxonomy
346,ipad,Mismatch / Not in Taxonomy
346,"mac)""",Mismatch / Not in Taxonomy
346,"""analytics on time spent""",Valid (analytics)
346,"""learning reflection after sessions""]",Mismatch / Not in Taxonomy
347,"[""track daily",Mismatch / Not in Taxonomy
347,weekly,Mismatch / Not in Taxonomy
347,"or custom frequency habits""",Mismatch / Not in Taxonomy
347,"""organize habits by morning",Mismatch / Not in Taxonomy
347,afternoon,Mismatch / Not in Taxonomy
347,"and evening routines""",Mismatch / Not in Taxonomy
347,"""set reminders to stay consistent""",Valid (reminders)
347,"""add notes and track habit completion details""",Mismatch / Not in Taxonomy
347,"""builtin pomodorostyle focus timer""",Valid (pomodoro)
347,"""customizable work and break intervals""",Mismatch / Not in Taxonomy
347,"""background timer with notifications""",Valid (reminders)
347,"""track focused work sessions""",Mismatch / Not in Taxonomy
347,"""beautiful contribution graphs show your progress""",Mismatch / Not in Taxonomy
347,"""detailed habit streaks and statistics""",Valid (habit_tracking)
347,"""weekly and monthly completion trends""",Valid (analytics)
347,"""achievement celebrations for milestones""",Mismatch / Not in Taxonomy
347,"""clean",Mismatch / Not in Taxonomy
347,"minimalist interface""",Mismatch / Not in Taxonomy
347,"""dark and light mode support""",Mismatch / Not in Taxonomy
347,"""widget support for quick habit tracking""",Mismatch / Not in Taxonomy
347,"""icloud sync across your devices""]",Mismatch / Not in Taxonomy
348,"[""default pomodoro timer""",Valid (pomodoro)
348,"""create multiple timers""",Mismatch / Not in Taxonomy
348,"""customize length of focus session""",Mismatch / Not in Taxonomy
348,"""customize length of short break""",Mismatch / Not in Taxonomy
348,"""customize length of long break""",Mismatch / Not in Taxonomy
348,"""play multiple ambient sounds at once""",Mismatch / Not in Taxonomy
348,"""add subtasks""",Mismatch / Not in Taxonomy
348,"""track focus sessions using advanced statistics""]",Mismatch / Not in Taxonomy
349,"[""timer for focus sessions""",Mismatch / Not in Taxonomy
349,"""create focus sessions""",Mismatch / Not in Taxonomy
349,"""curated basic sessions""",Mismatch / Not in Taxonomy
349,"""reminders for focus and breaks""",Valid (reminders)
349,"""reflection tracking""",Mismatch / Not in Taxonomy
349,"""scratch pad for notes""",Mismatch / Not in Taxonomy
349,"""daily goals tracking""",Mismatch / Not in Taxonomy
349,"""statistics and charts for productivity""",Mismatch / Not in Taxonomy
349,"""block distractions from apps and websites""",Mismatch / Not in Taxonomy
349,"""inapp shortcuts automation""",Mismatch / Not in Taxonomy
349,"""link with toggl track for time tracking""",Mismatch / Not in Taxonomy
349,"""export completed sessions in csv format""",Mismatch / Not in Taxonomy
349,"""live activities support""",Mismatch / Not in Taxonomy
349,"""interactive widgets for session control""",Mismatch / Not in Taxonomy
349,"""control center widgets""",Mismatch / Not in Taxonomy
349,"""standby mode interaction""",Mismatch / Not in Taxonomy
349,"""spotlight search for quick access""",Mismatch / Not in Taxonomy
349,"""focus filters for session visibility""",Mismatch / Not in Taxonomy
349,"""app shortcuts and siri integration""",Mismatch / Not in Taxonomy
349,"""pictureinpicture mode for timer display""",Mismatch / Not in Taxonomy
349,"""session alerts across devices""",Mismatch / Not in Taxonomy
349,"""icloud syncing for productivity stats""",Mismatch / Not in Taxonomy
349,"""privacyfocused data management""",Mismatch / Not in Taxonomy
349,"""mac support features""",Mismatch / Not in Taxonomy
349,"""share sheet controls""",Mismatch / Not in Taxonomy
349,"""keyboard shortcuts""",Mismatch / Not in Taxonomy
349,"""voiceover support""",Mismatch / Not in Taxonomy
349,"""split view and slide over support""",Mismatch / Not in Taxonomy
349,"""low power mode compatibility""",Mismatch / Not in Taxonomy
349,"""drag and drop functionality""",Mismatch / Not in Taxonomy
349,"""dark mode support""",Mismatch / Not in Taxonomy
349,"""url schemes""]",Mismatch / Not in Taxonomy
350,"[""customizable timers""",Mismatch / Not in Taxonomy
350,"""countdown timer""",Valid (timer)
350,"""quick start timer""",Mismatch / Not in Taxonomy
350,"""countup timer""",Mismatch / Not in Taxonomy
350,"""pomodoro timer""",Valid (pomodoro)
350,"""interval timer""",Mismatch / Not in Taxonomy
350,"""stopwatch""",Mismatch / Not in Taxonomy
350,"""counter""",Mismatch / Not in Taxonomy
350,"""clock""",Mismatch / Not in Taxonomy
350,"""buttons""",Mismatch / Not in Taxonomy
350,"""container""",Mismatch / Not in Taxonomy
350,"""flexible layout customization""",Mismatch / Not in Taxonomy
350,"""multiple timer boards""",Mismatch / Not in Taxonomy
350,"""timer history tracking""",Mismatch / Not in Taxonomy
350,"""timer sharing via web link""",Mismatch / Not in Taxonomy
350,"""icloud data synchronization""",Mismatch / Not in Taxonomy
350,"""widgets support""",Mismatch / Not in Taxonomy
350,"""siri integration""",Mismatch / Not in Taxonomy
350,"""shortcuts support""",Mismatch / Not in Taxonomy
350,"""xcallbackurl support""",Mismatch / Not in Taxonomy
350,"""3d touch support""",Mismatch / Not in Taxonomy
350,"""apple watch compatibility""",Mismatch / Not in Taxonomy
350,"""timer export feature""",Mismatch / Not in Taxonomy
350,"""simultaneous timer management""",Mismatch / Not in Taxonomy
350,"""timer start delays""",Mismatch / Not in Taxonomy
350,"""autorepeat option""",Mismatch / Not in Taxonomy
350,"""custom labels for timers""",Mismatch / Not in Taxonomy
350,"""custom colors for timers""",Mismatch / Not in Taxonomy
350,"""custom icons for timers""",Mismatch / Not in Taxonomy
350,"""custom alert styles""",Mismatch / Not in Taxonomy
350,"""custom sounds for timers""",Mismatch / Not in Taxonomy
350,"""custom notifications""]",Valid (reminders)
351,"[""customizable timers""",Mismatch / Not in Taxonomy
351,"""task timers""",Mismatch / Not in Taxonomy
351,"""kitchen timers""",Mismatch / Not in Taxonomy
351,"""pomodoro timers""",Valid (pomodoro)
351,"""countdown timers""",Valid (timer)
351,"""quick start timers""",Mismatch / Not in Taxonomy
351,"""count up timers""",Mismatch / Not in Taxonomy
351,"""interval timers""",Mismatch / Not in Taxonomy
351,"""stopwatch""",Mismatch / Not in Taxonomy
351,"""counter""",Mismatch / Not in Taxonomy
351,"""clock""",Mismatch / Not in Taxonomy
351,"""buttons""",Mismatch / Not in Taxonomy
351,"""container""",Mismatch / Not in Taxonomy
351,"""adaptive layouts""",Mismatch / Not in Taxonomy
351,"""flexible layouts""",Mismatch / Not in Taxonomy
351,"""copy timers""",Mismatch / Not in Taxonomy
351,"""delete timers""",Mismatch / Not in Taxonomy
351,"""move timers""",Mismatch / Not in Taxonomy
351,"""multiple boards""",Mismatch / Not in Taxonomy
351,"""personalized labels""",Mismatch / Not in Taxonomy
351,"""custom colors""",Mismatch / Not in Taxonomy
351,"""custom icons""",Mismatch / Not in Taxonomy
351,"""custom alert styles""",Mismatch / Not in Taxonomy
351,"""custom sounds""",Mismatch / Not in Taxonomy
351,"""notifications""",Valid (reminders)
351,"""timer start delays""",Mismatch / Not in Taxonomy
351,"""add time to running timers""",Mismatch / Not in Taxonomy
351,"""subtract time from running timers""",Mismatch / Not in Taxonomy
351,"""autorepeat option""",Mismatch / Not in Taxonomy
351,"""timer history tracking""",Mismatch / Not in Taxonomy
351,"""export timer data""",Mismatch / Not in Taxonomy
351,"""share timers via web link""",Mismatch / Not in Taxonomy
351,"""fullscreen mode""",Mismatch / Not in Taxonomy
351,"""sync timer data across devices""",Mismatch / Not in Taxonomy
351,"""icloud support""",Mismatch / Not in Taxonomy
351,"""widgets""",Mismatch / Not in Taxonomy
351,"""siri integration""",Mismatch / Not in Taxonomy
351,"""shortcuts""",Mismatch / Not in Taxonomy
351,"""xcallbackurl support""",Mismatch / Not in Taxonomy
351,"""3d touch support""",Mismatch / Not in Taxonomy
351,"""apple watch compatibility""",Mismatch / Not in Taxonomy
351,"""export boards and timers""",Mismatch / Not in Taxonomy
351,"""run multiple timers simultaneously""]",Mismatch / Not in Taxonomy
352,"[""study timer with custom targets""",Mismatch / Not in Taxonomy
352,"""pomodoro time tracking""",Valid (pomodoro)
352,"""set variable daily targets for each activity""",Mismatch / Not in Taxonomy
352,"""actual vs. target chart""",Mismatch / Not in Taxonomy
352,"""visual performance tracking""",Mismatch / Not in Taxonomy
352,"""focus timer intervals""",Mismatch / Not in Taxonomy
352,"""short & long breaks between sessions""",Mismatch / Not in Taxonomy
352,"""sync multiple devices""",Mismatch / Not in Taxonomy
352,"""create activities like study",Mismatch / Not in Taxonomy
352,work,Valid (focus_mode)
352,side project,Mismatch / Not in Taxonomy
352,"life admin""",Mismatch / Not in Taxonomy
352,"""quickly switch between activities""",Mismatch / Not in Taxonomy
352,"""charts and metrics for each activity""",Mismatch / Not in Taxonomy
352,"""daily",Mismatch / Not in Taxonomy
352,weekly,Mismatch / Not in Taxonomy
352,"monthly charts for each activity""",Mismatch / Not in Taxonomy
352,"""status levels including noob",Mismatch / Not in Taxonomy
352,bronze,Mismatch / Not in Taxonomy
352,silver,Mismatch / Not in Taxonomy
352,"gold & platinum""",Mismatch / Not in Taxonomy
352,"""access to exclusive features at each status level increase""",Mismatch / Not in Taxonomy
352,"""streak leaderboard""",Mismatch / Not in Taxonomy
352,"""daily",Mismatch / Not in Taxonomy
352,weekly,Mismatch / Not in Taxonomy
352,"monthly & lifetime leaderboards""",Mismatch / Not in Taxonomy
352,"""customize session time""",Mismatch / Not in Taxonomy
352,"""customize alarm sounds""",Valid (reminders)
352,"""customize long breaks""",Mismatch / Not in Taxonomy
352,"""combined weekly & monthly charts""",Mismatch / Not in Taxonomy
352,"""support for multiple languages""]",Mismatch / Not in Taxonomy
353,"[""study timer with custom targets""",Mismatch / Not in Taxonomy
353,"""pomodoro time tracking""",Valid (pomodoro)
353,"""set variable daily targets for each activity""",Mismatch / Not in Taxonomy
353,"""actual vs. target chart""",Mismatch / Not in Taxonomy
353,"""visual performance tracking over a defined period""",Mismatch / Not in Taxonomy
353,"""focus timer intervals""",Mismatch / Not in Taxonomy
353,"""short & long breaks between sessions""",Mismatch / Not in Taxonomy
353,"""sync multiple devices""",Mismatch / Not in Taxonomy
353,"""create activities like study",Mismatch / Not in Taxonomy
353,work,Valid (focus_mode)
353,side project,Mismatch / Not in Taxonomy
353,"life admin""",Mismatch / Not in Taxonomy
353,"""quickly switch between activities""",Mismatch / Not in Taxonomy
353,"""charts and metrics for each activity""",Mismatch / Not in Taxonomy
353,"""daily",Mismatch / Not in Taxonomy
353,weekly,Mismatch / Not in Taxonomy
353,"monthly charts for each activity""",Mismatch / Not in Taxonomy
353,"""status levels including noob",Mismatch / Not in Taxonomy
353,bronze,Mismatch / Not in Taxonomy
353,silver,Mismatch / Not in Taxonomy
353,"gold & platinum""",Mismatch / Not in Taxonomy
353,"""access to exclusive features at each status level increase""",Mismatch / Not in Taxonomy
353,"""streak leaderboard""",Mismatch / Not in Taxonomy
353,"""daily",Mismatch / Not in Taxonomy
353,weekly,Mismatch / Not in Taxonomy
353,"monthly & lifetime leaderboards""",Mismatch / Not in Taxonomy
353,"""customize session time""",Mismatch / Not in Taxonomy
353,"""customize alarm sounds""",Valid (reminders)
353,"""customize long breaks""",Mismatch / Not in Taxonomy
353,"""combined weekly & monthly charts""]",Mismatch / Not in Taxonomy
354,"[""pomodoro timer integration""",Valid (pomodoro)
354,"""partner presence on screen""",Mismatch / Not in Taxonomy
354,"""todo list functionality""]",Mismatch / Not in Taxonomy
355,"[""set multiple timers and stopwatches simultaneously""",Mismatch / Not in Taxonomy
355,"""run multistep timers""",Mismatch / Not in Taxonomy
355,"""run interval timers""",Mismatch / Not in Taxonomy
355,"""easily add time to a running timer""",Mismatch / Not in Taxonomy
355,"""repeat timers up to 64 times""",Mismatch / Not in Taxonomy
355,"""see timers in widgets""",Mismatch / Not in Taxonomy
355,"""see running timers on the lock screen""",Mismatch / Not in Taxonomy
355,"""includes shortcut actions""",Mismatch / Not in Taxonomy
355,"""works with ipad's slide over and split views""",Mismatch / Not in Taxonomy
355,"""onetap functionality""",Mismatch / Not in Taxonomy
355,"""voiceover feature for the visually impaired""",Mismatch / Not in Taxonomy
355,"""runs in the background""",Mismatch / Not in Taxonomy
355,"""times by the second""",Mismatch / Not in Taxonomy
355,"""create and label custom timers""]",Mismatch / Not in Taxonomy
356,"[""interval training timer for hiit and tabata workouts""",Mismatch / Not in Taxonomy
356,"""display number and duration of rounds and cycles""",Mismatch / Not in Taxonomy
356,"""interval stopwatch""",Mismatch / Not in Taxonomy
356,"""background mode functionality""",Mismatch / Not in Taxonomy
356,"""informative screen flash""",Mismatch / Not in Taxonomy
356,"""create and save an infinite number of timers""",Mismatch / Not in Taxonomy
356,"""voice guidance""",Mismatch / Not in Taxonomy
356,"""apple watch app integration""",Mismatch / Not in Taxonomy
356,"""uses apple health kit""]",Mismatch / Not in Taxonomy
357,"[""interval training timer for hiit and tabata workouts""",Mismatch / Not in Taxonomy
357,"""display number and duration of rounds and cycles""",Mismatch / Not in Taxonomy
357,"""interval stopwatch""",Mismatch / Not in Taxonomy
357,"""background mode operation""",Mismatch / Not in Taxonomy
357,"""informative screen flash""",Mismatch / Not in Taxonomy
357,"""create and save an infinite number of timers""",Mismatch / Not in Taxonomy
357,"""voice guidance""",Mismatch / Not in Taxonomy
357,"""apple watch app integration""",Mismatch / Not in Taxonomy
357,"""uses apple health kit""]",Mismatch / Not in Taxonomy
358,"[""visual countdown timer""",Valid (timer)
358,"""colorcoded timer (green to amber to red)""",Mismatch / Not in Taxonomy
358,"""picture reveal as time runs down""",Mismatch / Not in Taxonomy
358,"""reward sound and spinning picture when time is up""",Mismatch / Not in Taxonomy
358,"""background image changes based on time of day""",Mismatch / Not in Taxonomy
358,"""customizable image selection from photo library""",Mismatch / Not in Taxonomy
358,"""track breastfeeding duration and timing""",Mismatch / Not in Taxonomy
358,"""reminder for next feeding""",Valid (reminders)
358,"""track bottle feeds and breast pumps""",Mismatch / Not in Taxonomy
358,"""log baby's nappies",Mismatch / Not in Taxonomy
358,sleep,Mismatch / Not in Taxonomy
358,medication,Mismatch / Not in Taxonomy
358,solid food,Mismatch / Not in Taxonomy
358,weight,Mismatch / Not in Taxonomy
358,"and length""",Mismatch / Not in Taxonomy
358,"""data synchronization across different phones""",Mismatch / Not in Taxonomy
358,"""log data from apple watch""",Mismatch / Not in Taxonomy
358,"""graphs and analytics for tracking trends""",Valid (analytics)
358,"""pregnancy countdown tracker""",Valid (timer)
358,"""weekly updates on baby's growth""",Mismatch / Not in Taxonomy
358,"""pregnancy diary feature""",Mismatch / Not in Taxonomy
358,"""picture slides to record baby bump growth""",Mismatch / Not in Taxonomy
358,"""baby name section""",Mismatch / Not in Taxonomy
358,"""hospital bag checklist""",Mismatch / Not in Taxonomy
358,"""visual timer for various tasks""",Mismatch / Not in Taxonomy
358,"""add child's face to a mask""",Mismatch / Not in Taxonomy
358,"""four game types for mental arithmetic (addition",Mismatch / Not in Taxonomy
358,subtraction,Mismatch / Not in Taxonomy
358,multiplication,Mismatch / Not in Taxonomy
358,"division)""",Mismatch / Not in Taxonomy
358,"""unlockable characters (monsters) in games""",Mismatch / Not in Taxonomy
358,"""compete with friends""",Mismatch / Not in Taxonomy
358,"""games focused on telling time""",Mismatch / Not in Taxonomy
358,"""collect coins to customize characters""",Mismatch / Not in Taxonomy
358,"""logic",Mismatch / Not in Taxonomy
358,shape,Mismatch / Not in Taxonomy
358,"and memorybased problemsolving tasks""",Mismatch / Not in Taxonomy
358,"""interactive areas to discover in games""",Mismatch / Not in Taxonomy
358,"""flashcards for learning colors",Mismatch / Not in Taxonomy
358,animals,Mismatch / Not in Taxonomy
358,"and the alphabet""]",Mismatch / Not in Taxonomy
359,"[""visual countdown timer""",Valid (timer)
359,"""colorcoded timer (green to amber to red)""",Mismatch / Not in Taxonomy
359,"""picture reveal as time runs down""",Mismatch / Not in Taxonomy
359,"""reward sound and spinning picture when time is up""",Mismatch / Not in Taxonomy
359,"""background image changes based on time of day""",Mismatch / Not in Taxonomy
359,"""customizable image selection from photo library""",Mismatch / Not in Taxonomy
359,"""track breastfeeding duration and timing""",Mismatch / Not in Taxonomy
359,"""reminder for next feeding""",Valid (reminders)
359,"""track bottle feeds and breast pumps""",Mismatch / Not in Taxonomy
359,"""log baby's nappies",Mismatch / Not in Taxonomy
359,sleep,Mismatch / Not in Taxonomy
359,medication,Mismatch / Not in Taxonomy
359,"solid food""",Mismatch / Not in Taxonomy
359,"""track baby's weight and length""",Mismatch / Not in Taxonomy
359,"""data synchronization across different phones""",Mismatch / Not in Taxonomy
359,"""log data from apple watch""",Mismatch / Not in Taxonomy
359,"""graphs and analytics for tracking trends""",Valid (analytics)
359,"""pregnancy countdown tracker""",Valid (timer)
359,"""weekly baby growth information""",Mismatch / Not in Taxonomy
359,"""pregnancy diary feature""",Mismatch / Not in Taxonomy
359,"""picture slides to record baby bump growth""",Mismatch / Not in Taxonomy
359,"""baby name section""",Mismatch / Not in Taxonomy
359,"""hospital bag checklist""",Mismatch / Not in Taxonomy
359,"""visual timer with customizable pictures""",Mismatch / Not in Taxonomy
359,"""add child's face to a mask""",Mismatch / Not in Taxonomy
359,"""four game types for mental arithmetic (addition",Mismatch / Not in Taxonomy
359,subtraction,Mismatch / Not in Taxonomy
359,multiplication,Mismatch / Not in Taxonomy
359,"division)""",Mismatch / Not in Taxonomy
359,"""unlockable characters (monsters)""",Mismatch / Not in Taxonomy
359,"""compete with friends""",Mismatch / Not in Taxonomy
359,"""learning to tell time with curriculumfocused games""",Mismatch / Not in Taxonomy
359,"""collect coins for character customization""",Mismatch / Not in Taxonomy
359,"""logic",Mismatch / Not in Taxonomy
359,shape,Mismatch / Not in Taxonomy
359,"and memorybased problem solving""",Mismatch / Not in Taxonomy
359,"""interactive areas to discover""",Mismatch / Not in Taxonomy
359,"""flashcards for learning colors",Mismatch / Not in Taxonomy
359,animals,Mismatch / Not in Taxonomy
359,"and alphabet""]",Mismatch / Not in Taxonomy
360,"[""display time in seconds""",Mismatch / Not in Taxonomy
360,"""display calendar""",Mismatch / Not in Taxonomy
360,"""display on lock screen""",Mismatch / Not in Taxonomy
360,"""display on standby screen""",Mismatch / Not in Taxonomy
360,"""full screen display of time and date""",Mismatch / Not in Taxonomy
360,"""12 hour mode""",Mismatch / Not in Taxonomy
360,"""24 hour mode""",Mismatch / Not in Taxonomy
360,"""smart alarm clock with volume adjustment""",Valid (reminders)
360,"""multiple clock themes""",Mismatch / Not in Taxonomy
360,"""timer and stopwatch functionality""",Mismatch / Not in Taxonomy
360,"""countdown feature""",Valid (timer)
360,"""pomodoro technique support""",Valid (pomodoro)
360,"""floating clock with stopwatch display""",Mismatch / Not in Taxonomy
360,"""background white noise playback""",Mismatch / Not in Taxonomy
360,"""calendar and clock widget display""",Mismatch / Not in Taxonomy
360,"""personalized signature on widgets""",Mismatch / Not in Taxonomy
360,"""hourly chime""",Mismatch / Not in Taxonomy
360,"""hourly voice timekeeping""",Mismatch / Not in Taxonomy
360,"""automatic launch when charging""",Mismatch / Not in Taxonomy
360,"""screensaver mode""",Mismatch / Not in Taxonomy
360,"""page turning animation for time changes""",Mismatch / Not in Taxonomy
360,"""variety of alarm sounds""",Valid (reminders)
360,"""home screen clock widget display for ios14 or above""",Mismatch / Not in Taxonomy
360,"""support for switching multiple clock skins""]",Mismatch / Not in Taxonomy
361,"[""visual timer""",Mismatch / Not in Taxonomy
361,"""no commercials""",Mismatch / Not in Taxonomy
361,"""animated cute animal reveal""",Mismatch / Not in Taxonomy
361,"""customizable sounds""",Mismatch / Not in Taxonomy
361,"""customizable visuals""",Mismatch / Not in Taxonomy
361,"""kidfriendly design""",Mismatch / Not in Taxonomy
361,"""supports focus""",Mismatch / Not in Taxonomy
361,"""supports transitions""",Mismatch / Not in Taxonomy
361,"""supports time outs""",Mismatch / Not in Taxonomy
361,"""supports getting ready""",Mismatch / Not in Taxonomy
361,"""supports quiet time""",Mismatch / Not in Taxonomy
361,"""supports tooth brushing""",Mismatch / Not in Taxonomy
361,"""supports potty training""",Mismatch / Not in Taxonomy
361,"""supports play time""",Mismatch / Not in Taxonomy
361,"""supports taking turns""",Mismatch / Not in Taxonomy
361,"""friendly for kids with adhd""",Mismatch / Not in Taxonomy
361,"""friendly for kids with autism""",Valid (adhd_support)
361,"""friendly for kids with special needs""]",Mismatch / Not in Taxonomy
362,"[""iconic visual timer""",Mismatch / Not in Taxonomy
362,"""create up to 3 timers""",Mismatch / Not in Taxonomy
362,"""run multiple timers at once""",Mismatch / Not in Taxonomy
362,"""use the original 60minute red disk or choose any duration""",Mismatch / Not in Taxonomy
362,"""adjust sound",Mismatch / Not in Taxonomy
362,vibration,Mismatch / Not in Taxonomy
362,"and color""",Mismatch / Not in Taxonomy
362,"""unlimited customization""",Mismatch / Not in Taxonomy
362,"""build routines with timer sequencing""",Mismatch / Not in Taxonomy
362,"""organize timers with groups""",Mismatch / Not in Taxonomy
362,"""sync across mobile and desktop devices""",Mismatch / Not in Taxonomy
362,"""quick set +/buttons for fast adjustments""",Mismatch / Not in Taxonomy
362,"""customize disk size and detail level""]",Mismatch / Not in Taxonomy
363,"[""fullscreen clock""",Mismatch / Not in Taxonomy
363,"""iconic flip clock animation""",Mismatch / Not in Taxonomy
363,"""deep focus timer""",Mismatch / Not in Taxonomy
363,"""pomodoro technique support""",Valid (pomodoro)
363,"""custom session timers""",Valid (timer)
363,"""home screen widgets""",Mismatch / Not in Taxonomy
363,"""elegant & minimalist interface""",Mismatch / Not in Taxonomy
363,"""extensive customization options""",Mismatch / Not in Taxonomy
363,"""versatile timers""",Mismatch / Not in Taxonomy
363,"""stopwatch functionality""",Mismatch / Not in Taxonomy
363,"""floating clock for ipados""]",Mismatch / Not in Taxonomy
364,"[""timers for amrap""",Mismatch / Not in Taxonomy
364,"""timers for emom""",Mismatch / Not in Taxonomy
364,"""timers for for time""",Mismatch / Not in Taxonomy
364,"""timers for tabata""",Mismatch / Not in Taxonomy
364,"""customizable mix timer""",Mismatch / Not in Taxonomy
364,"""motivational sound cues""",Mismatch / Not in Taxonomy
364,"""voice cues""",Mismatch / Not in Taxonomy
364,"""midworkout reminders""",Valid (reminders)
364,"""round counter""",Mismatch / Not in Taxonomy
364,"""landscape mode""",Mismatch / Not in Taxonomy
364,"""large clear numbers""",Mismatch / Not in Taxonomy
364,"""background operation""",Mismatch / Not in Taxonomy
364,"""apple watch compatibility""",Mismatch / Not in Taxonomy
364,"""integrated warmups""",Mismatch / Not in Taxonomy
364,"""workout log""",Mismatch / Not in Taxonomy
364,"""progress tracking""",Mismatch / Not in Taxonomy
364,"""workout presets""",Mismatch / Not in Taxonomy
364,"""create and share workouts""",Mismatch / Not in Taxonomy
364,"""filter workouts by type""",Mismatch / Not in Taxonomy
364,"""filter workouts by movement""",Mismatch / Not in Taxonomy
364,"""filter workouts by body part""]",Mismatch / Not in Taxonomy
365,"[""fullscreen digital timer""",Mismatch / Not in Taxonomy
365,"""countdown timer""",Valid (timer)
365,"""flip animation""",Mismatch / Not in Taxonomy
365,"""stopwatch""",Mismatch / Not in Taxonomy
365,"""set countdown duration by swiping up or sliding down""",Valid (timer)
365,"""timed reminder sound""",Valid (reminders)
365,"""background sound setting""",Mismatch / Not in Taxonomy
365,"""keep screen on""",Mismatch / Not in Taxonomy
365,"""view progress of time""]",Mismatch / Not in Taxonomy
366,"[""amrap timer""",Mismatch / Not in Taxonomy
366,"""count up timer""",Mismatch / Not in Taxonomy
366,"""count down timer""",Mismatch / Not in Taxonomy
366,"""emom timer""",Mismatch / Not in Taxonomy
366,"""tabata timer""",Mismatch / Not in Taxonomy
366,"""interval timer""",Mismatch / Not in Taxonomy
366,"""hiit timer""",Mismatch / Not in Taxonomy
366,"""wod timer""",Mismatch / Not in Taxonomy
366,"""exercise timer""",Mismatch / Not in Taxonomy
366,"""workout timer""",Mismatch / Not in Taxonomy
366,"""records workout data to apple health app""",Mismatch / Not in Taxonomy
366,"""big",Mismatch / Not in Taxonomy
366,"bold display""",Mismatch / Not in Taxonomy
366,"""highly contrasting colors""",Mismatch / Not in Taxonomy
366,"""easy to understand interface""",Mismatch / Not in Taxonomy
366,"""gym clock display on tv using apple tv""",Mismatch / Not in Taxonomy
366,"""branded app for clients""",Mismatch / Not in Taxonomy
366,"""lead engagement automation system""",Mismatch / Not in Taxonomy
366,"""flexible insurance options""",Mismatch / Not in Taxonomy
366,"""integrations with mailchimp",Mismatch / Not in Taxonomy
366,slack,Mismatch / Not in Taxonomy
366,stripe,Mismatch / Not in Taxonomy
366,facebook ads,Mismatch / Not in Taxonomy
366,google analytics,Valid (analytics)
366,"zapier""]",Mismatch / Not in Taxonomy
367,"[""countdown timer""",Valid (timer)
367,"""event reminders""",Valid (reminders)
367,"""lock screen widget""",Mismatch / Not in Taxonomy
367,"""apple watch integration""",Mismatch / Not in Taxonomy
367,"""standby widget""",Mismatch / Not in Taxonomy
367,"""home screen widget""",Mismatch / Not in Taxonomy
367,"""event sharing""",Mismatch / Not in Taxonomy
367,"""custom countdown background colors""",Valid (timer)
367,"""event notifications""",Valid (reminders)
367,"""event reminders 1 day before""",Valid (reminders)
367,"""event reminders 1 week before""",Valid (reminders)
367,"""custom countdown format""",Valid (timer)
367,"""unlimited event creation""",Mismatch / Not in Taxonomy
367,"""count up from past events""",Mismatch / Not in Taxonomy
367,"""icloud event synchronization""",Mismatch / Not in Taxonomy
367,"""recurring countdowns (yearly",Valid (timer)
367,monthly,Mismatch / Not in Taxonomy
367,weekly,Mismatch / Not in Taxonomy
367,"daily)""",Mismatch / Not in Taxonomy
367,"""event sorting""",Mismatch / Not in Taxonomy
367,"""dark mode""",Mismatch / Not in Taxonomy
367,"""event notes""",Mismatch / Not in Taxonomy
367,"""count only working days""",Mismatch / Not in Taxonomy
367,"""event organization with tags""]",Mismatch / Not in Taxonomy
368,"[""full screen",Mismatch / Not in Taxonomy
368,"colored display""",Mismatch / Not in Taxonomy
368,"""landscape or portrait mode""",Mismatch / Not in Taxonomy
368,"""templates for hiit",Mismatch / Not in Taxonomy
368,"tabata & circuit training""",Mismatch / Not in Taxonomy
368,"""combine timers for ultimate control""",Mismatch / Not in Taxonomy
368,"""speaks interval names""",Mismatch / Not in Taxonomy
368,"""provides warnings for upcoming intervals""",Mismatch / Not in Taxonomy
368,"""various alert sounds including beeps and bells""",Mismatch / Not in Taxonomy
368,"""assign music per interval or per timer""",Mismatch / Not in Taxonomy
368,"""background operation while using other apps""",Mismatch / Not in Taxonomy
368,"""share interval timers with friends""",Mismatch / Not in Taxonomy
368,"""stopwatch with best and worst lap times""",Mismatch / Not in Taxonomy
368,"""countdown timer with 5 preset durations""",Valid (timer)
368,"""integration with apple health""",Mismatch / Not in Taxonomy
368,"""inapp purchase for saving custom timers""",Mismatch / Not in Taxonomy
368,"""custom timer creation""",Mismatch / Not in Taxonomy
368,"""compound timer functionality""",Mismatch / Not in Taxonomy
368,"""soothing alert options like bells and gongs""",Mismatch / Not in Taxonomy
368,"""import and export timers""",Mismatch / Not in Taxonomy
368,"""foreground and background operation""",Mismatch / Not in Taxonomy
368,"""color coding for intervals""",Mismatch / Not in Taxonomy
368,"""vertical and horizontal timer display""]",Mismatch / Not in Taxonomy
369,"[""アラーム機能""",Mismatch / Not in Taxonomy
369,"""タイマー機能""",Mismatch / Not in Taxonomy
369,"""ストップウォッチ機能""",Mismatch / Not in Taxonomy
369,"""音楽再生機能""",Mismatch / Not in Taxonomy
369,"""目標達成タイマー""",Mismatch / Not in Taxonomy
369,"""暗記カード機能""",Mismatch / Not in Taxonomy
369,"""写真・画像・音声を使える単語帳""",Mismatch / Not in Taxonomy
369,"""画面分割機能""",Mismatch / Not in Taxonomy
369,"""タブ機能""",Mismatch / Not in Taxonomy
369,"""トレーニングタイマー""",Mismatch / Not in Taxonomy
369,"""インターバル設定""",Mismatch / Not in Taxonomy
369,"""セット数設定""",Mismatch / Not in Taxonomy
369,"""月別記録機能""",Mismatch / Not in Taxonomy
369,"""図書館の蔵書確認機能""",Mismatch / Not in Taxonomy
369,"""時間割機能""",Mismatch / Not in Taxonomy
369,"""カレンダー機能""",Mismatch / Not in Taxonomy
369,"""オリジナルパズルゲーム""]",Mismatch / Not in Taxonomy
370,"[""apple watch support""",Mismatch / Not in Taxonomy
370,"""today widget support""",Mismatch / Not in Taxonomy
370,"""synchronize work with apple watch""",Mismatch / Not in Taxonomy
370,"""simple and elegant design""",Mismatch / Not in Taxonomy
370,"""easy setup by rotating timer or keyboard""",Mismatch / Not in Taxonomy
370,"""notification by sound and vibration when time is over""]",Valid (reminders)
371,"[""intuitive interface for starting workouts""",Mismatch / Not in Taxonomy
371,"""ability to set prepare",Mismatch / Not in Taxonomy
371,work,Valid (focus_mode)
371,rest,Mismatch / Not in Taxonomy
371,rest between sets,Mismatch / Not in Taxonomy
371,cool down time,Mismatch / Not in Taxonomy
371,"number of cycles and sets""",Mismatch / Not in Taxonomy
371,"""individual interval configuration""",Mismatch / Not in Taxonomy
371,"""display of large digits""",Mismatch / Not in Taxonomy
371,"""background operation""",Mismatch / Not in Taxonomy
371,"""sound and vibration notifications with over 40 sound options""",Valid (reminders)
371,"""voice assistant with texttospeech""",Mismatch / Not in Taxonomy
371,"""background music playback""",Mismatch / Not in Taxonomy
371,"""add descriptions to intervals displayed on the timer screen""",Mismatch / Not in Taxonomy
371,"""repetitions mode for intervals""",Mismatch / Not in Taxonomy
371,"""workout filtering by color and text""",Mismatch / Not in Taxonomy
371,"""time display in seconds or minutes""",Mismatch / Not in Taxonomy
371,"""customizable colors""",Mismatch / Not in Taxonomy
371,"""volume ducking for music player""",Mismatch / Not in Taxonomy
371,"""list of saved workouts""",Mismatch / Not in Taxonomy
371,"""orientation change or lock feature""]",Mismatch / Not in Taxonomy
372,"[""pro grade tabata timer""",Mismatch / Not in Taxonomy
372,"""ready to use out of the box""",Mismatch / Not in Taxonomy
372,"""classic tabata already set up""",Mismatch / Not in Taxonomy
372,"""simple to use",Mismatch / Not in Taxonomy
372,"just push play""",Mismatch / Not in Taxonomy
372,"""works on both iphone and ipad""",Mismatch / Not in Taxonomy
372,"""comes with 2 beautiful themes""",Mismatch / Not in Taxonomy
372,"""color coded display visible from afar""",Mismatch / Not in Taxonomy
372,"""customize initial countdown and warmup time""",Valid (timer)
372,"""customize exercise",Mismatch / Not in Taxonomy
372,rest,Mismatch / Not in Taxonomy
372,"recovery and cooldown intervals""",Mismatch / Not in Taxonomy
372,"""adjust the number of sets and cycles""",Mismatch / Not in Taxonomy
372,"""jump between intervals in the middle of a workout""",Mismatch / Not in Taxonomy
372,"""build presets for multiple interval training needs""",Mismatch / Not in Taxonomy
372,"""pause workouts""",Mismatch / Not in Taxonomy
372,"""works with the screen locked""",Mismatch / Not in Taxonomy
372,"""interval beeps for each individual interval""",Mismatch / Not in Taxonomy
372,"""interval vibration""",Mismatch / Not in Taxonomy
372,"""continuous beeps""",Mismatch / Not in Taxonomy
372,"""three second beeps""",Mismatch / Not in Taxonomy
372,"""halfway beeps""",Mismatch / Not in Taxonomy
372,"""voice assist""",Mismatch / Not in Taxonomy
372,"""workout to music from your ipod""",Mismatch / Not in Taxonomy
372,"""set music to pause to hear beeps and voice assist""",Mismatch / Not in Taxonomy
372,"""shuffle tracks or albums""",Mismatch / Not in Taxonomy
372,"""apple health support""",Mismatch / Not in Taxonomy
372,"""pro features in app subscription""",Mismatch / Not in Taxonomy
372,"""access to announcement settings""",Mismatch / Not in Taxonomy
372,"""ability to use chest strap heart rate monitors""]",Mismatch / Not in Taxonomy
373,"[""1tap quickstart""",Mismatch / Not in Taxonomy
373,"""no signup required""",Mismatch / Not in Taxonomy
373,"""very big fonts""",Mismatch / Not in Taxonomy
373,"""full screen color coding""",Mismatch / Not in Taxonomy
373,"""portrait or landscape mode""",Mismatch / Not in Taxonomy
373,"""multiple intervals""",Mismatch / Not in Taxonomy
373,"""customizable intervals""",Mismatch / Not in Taxonomy
373,"""interval name readout""",Mismatch / Not in Taxonomy
373,"""individual colors and sounds""",Mismatch / Not in Taxonomy
373,"""count time or repetitions""",Mismatch / Not in Taxonomy
373,"""unlimited amount of presets""",Mismatch / Not in Taxonomy
373,"""works with locked screen""",Mismatch / Not in Taxonomy
373,"""reads out interval name""",Mismatch / Not in Taxonomy
373,"""vibration mode""",Mismatch / Not in Taxonomy
373,"""silent mode""",Mismatch / Not in Taxonomy
373,"""works with headphones""",Mismatch / Not in Taxonomy
373,"""supports dark mode""",Mismatch / Not in Taxonomy
373,"""supports light mode""",Mismatch / Not in Taxonomy
373,"""prepare and save settings in presets""",Mismatch / Not in Taxonomy
373,"""pick presets with 1tap""",Mismatch / Not in Taxonomy
373,"""tabata timer""",Mismatch / Not in Taxonomy
373,"""hiit training""",Mismatch / Not in Taxonomy
373,"""crossfit""",Mismatch / Not in Taxonomy
373,"""circuit training""",Mismatch / Not in Taxonomy
373,"""fitness routines""",Mismatch / Not in Taxonomy
373,"""home workouts""",Mismatch / Not in Taxonomy
373,"""boxing round timer""",Mismatch / Not in Taxonomy
373,"""calisthenics circuit timer""]",Mismatch / Not in Taxonomy
374,"[""set main timer duration""",Mismatch / Not in Taxonomy
374,"""choose number of repeats""",Mismatch / Not in Taxonomy
374,"""start timer""",Mismatch / Not in Taxonomy
374,"""optional interval timer""",Mismatch / Not in Taxonomy
374,"""run timer in the background""",Mismatch / Not in Taxonomy
374,"""visual notifications""",Valid (reminders)
374,"""audio notifications""",Valid (reminders)
374,"""configure timers""",Mismatch / Not in Taxonomy
374,"""repeat timer cycles up to 5 times (up to 99 in pro)""",Mismatch / Not in Taxonomy
374,"""display timer title in notifications""",Valid (reminders)
374,"""choose from 15 alert sounds (40 in pro)""",Mismatch / Not in Taxonomy
374,"""set precise duration to the second""",Mismatch / Not in Taxonomy
374,"""use for interval workouts""",Mismatch / Not in Taxonomy
374,"""use for timing quizzes and classroom activities""",Mismatch / Not in Taxonomy
374,"""use for drills and practice sessions""",Mismatch / Not in Taxonomy
374,"""use for flash card study and exams""",Mismatch / Not in Taxonomy
374,"""use as a reminder to stretch""",Valid (reminders)
374,"""use for meditation and yoga practice""",Mismatch / Not in Taxonomy
374,"""use for managing tv and computer time for kids""",Mismatch / Not in Taxonomy
374,"""use for medication reminders""",Valid (reminders)
374,"""use for pomodoro technique""",Valid (pomodoro)
374,"""upgrade to pro via inapp purchase""",Mismatch / Not in Taxonomy
374,"""manage subscription and autorenewal settings""]",Mismatch / Not in Taxonomy
375,"[""many timers",Mismatch / Not in Taxonomy
375,"side by side""",Mismatch / Not in Taxonomy
375,"""multistepped timers""",Mismatch / Not in Taxonomy
375,"""spoken timers""",Mismatch / Not in Taxonomy
375,"""timer widget""",Mismatch / Not in Taxonomy
375,"""prebuilt timers""",Mismatch / Not in Taxonomy
375,"""stopwatches""",Mismatch / Not in Taxonomy
375,"""repeating alerts""",Mismatch / Not in Taxonomy
375,"""customizable alert tones""",Mismatch / Not in Taxonomy
375,"""five themes to choose from""]",Mismatch / Not in Taxonomy
376,"[""one tap to start""",Mismatch / Not in Taxonomy
376,"""finish times displayed on screen""",Mismatch / Not in Taxonomy
376,"""notifies you in background""",Mismatch / Not in Taxonomy
376,"""vibration""",Mismatch / Not in Taxonomy
376,"""repeat timer""",Mismatch / Not in Taxonomy
376,"""battery friendly""",Mismatch / Not in Taxonomy
376,"""no ads""",Mismatch / Not in Taxonomy
376,"""countdown on lockscreen""",Valid (timer)
376,"""change alarm sound""",Valid (reminders)
376,"""customize theme color""]",Mismatch / Not in Taxonomy
377,"[""run multiple timers simultaneously""",Mismatch / Not in Taxonomy
377,"""preserve timer time for immediate start""",Mismatch / Not in Taxonomy
377,"""categorize timers for easy access""",Mismatch / Not in Taxonomy
377,"""display progress of timers with a progress bar""",Mismatch / Not in Taxonomy
377,"""indicate closing time of timers""",Mismatch / Not in Taxonomy
377,"""set timer duration in seconds and minutes""",Mismatch / Not in Taxonomy
377,"""two operation modes (swipe",Mismatch / Not in Taxonomy
377,"button)""",Mismatch / Not in Taxonomy
377,"""three display styles (small",Mismatch / Not in Taxonomy
377,medium,Mismatch / Not in Taxonomy
377,"large)""",Mismatch / Not in Taxonomy
377,"""choose from 10 progress bar styles""",Mismatch / Not in Taxonomy
377,"""sort timers by set time or original order""",Mismatch / Not in Taxonomy
377,"""create and classify custom categories""",Mismatch / Not in Taxonomy
377,"""select from 20 sound options""",Mismatch / Not in Taxonomy
377,"""choose from 3 vibration modes (none",Mismatch / Not in Taxonomy
377,once,Mismatch / Not in Taxonomy
377,"repeat)""",Mismatch / Not in Taxonomy
377,"""adjust character size in three options""",Mismatch / Not in Taxonomy
377,"""local notifications for timer closing time""",Valid (reminders)
377,"""url scheme support (jp.apptime.multipletimers://)""]",Mismatch / Not in Taxonomy
378,"[""photo timer with variable lengths""",Mismatch / Not in Taxonomy
378,"""count down audio""",Mismatch / Not in Taxonomy
378,"""multiple snap option""",Mismatch / Not in Taxonomy
378,"""flash control""",Mismatch / Not in Taxonomy
378,"""preview & social share""",Mismatch / Not in Taxonomy
378,"""saves pics straight to photo gallery""]",Mismatch / Not in Taxonomy
379,"[""set seconds till capture""",Mismatch / Not in Taxonomy
379,"""automatically capture photos""",Mismatch / Not in Taxonomy
379,"""take group photos""",Mismatch / Not in Taxonomy
379,"""timer up to 60 seconds duration""",Mismatch / Not in Taxonomy
379,"""save captured photos to photo library""",Mismatch / Not in Taxonomy
379,"""manage photos and videos separately""",Mismatch / Not in Taxonomy
379,"""camera zoom""",Mismatch / Not in Taxonomy
379,"""supports all orientations""",Mismatch / Not in Taxonomy
379,"""grid selection""",Mismatch / Not in Taxonomy
379,"""timer sounds""",Mismatch / Not in Taxonomy
379,"""custom photo second duration""",Mismatch / Not in Taxonomy
379,"""save and share from album""",Mismatch / Not in Taxonomy
379,"""front and back camera support""",Mismatch / Not in Taxonomy
379,"""flash light on/off option""]",Mismatch / Not in Taxonomy
380,"[""customizable timer""",Mismatch / Not in Taxonomy
380,"""setup workout""",Mismatch / Not in Taxonomy
380,"""track workouts with a calendar""",Mismatch / Not in Taxonomy
380,"""customizable presets""",Mismatch / Not in Taxonomy
380,"""notifications""",Valid (reminders)
380,"""colorcoded training phases""",Mismatch / Not in Taxonomy
380,"""adjustable signals (sound",Mismatch / Not in Taxonomy
380,vibration,Mismatch / Not in Taxonomy
380,"voice)""",Mismatch / Not in Taxonomy
380,"""listen to music or audiobooks""",Mismatch / Not in Taxonomy
380,"""full screen color coded display""",Mismatch / Not in Taxonomy
380,"""widget for training""]",Mismatch / Not in Taxonomy
381,"[""large",Mismatch / Not in Taxonomy
381,"clear timer display""",Mismatch / Not in Taxonomy
381,"""fastest method to modify workout times""",Mismatch / Not in Taxonomy
381,"""fully customisable tabata workouts""",Mismatch / Not in Taxonomy
381,"""sound effects for start",Mismatch / Not in Taxonomy
381,stop,Mismatch / Not in Taxonomy
381,"countdown to next phase""",Valid (timer)
381,"""voiceover announces each phase""",Mismatch / Not in Taxonomy
381,"""name all your exercise sets and have the voiceover announce them""",Mismatch / Not in Taxonomy
381,"""landscape mode for an easy workout""",Mismatch / Not in Taxonomy
381,"""add your own workouts sorted by category""",Mismatch / Not in Taxonomy
381,"""stats page showing past workout data and animated charts""",Mismatch / Not in Taxonomy
381,"""daily workout reminder""",Valid (reminders)
381,"""multiple themes available""",Mismatch / Not in Taxonomy
381,"""no registration/signup/login required""]",Mismatch / Not in Taxonomy
382,"[""custom text""",Mismatch / Not in Taxonomy
382,"""custom colors""",Mismatch / Not in Taxonomy
382,"""option for notifications""",Valid (reminders)
382,"""custom melodies""",Mismatch / Not in Taxonomy
382,"""use ipod music""",Mismatch / Not in Taxonomy
382,"""record and use own voice""",Mismatch / Not in Taxonomy
382,"""custom pictures from library or camera""",Mismatch / Not in Taxonomy
382,"""customizable interval ending notice""",Mismatch / Not in Taxonomy
382,"""prebuilt sets for different use cases""",Mismatch / Not in Taxonomy
382,"""works in background""",Mismatch / Not in Taxonomy
382,"""works while device is locked""",Mismatch / Not in Taxonomy
382,"""builtin ipod controls""]",Mismatch / Not in Taxonomy
383,"[""manage a max of 6 timers at the same time""",Mismatch / Not in Taxonomy
383,"""display the current time in a larger format""",Mismatch / Not in Taxonomy
383,"""use 3 variations: timer",Mismatch / Not in Taxonomy
383,"alarm and stopwatch""",Valid (reminders)
383,"""notify via a sensor when the appointed time has been reached""",Mismatch / Not in Taxonomy
383,"""display the extra time occurred if the original appointed time is exceeded""",Mismatch / Not in Taxonomy
383,"""choose from over 10 different notification sounds""]",Valid (reminders)
384,"[""timer with minuteonly display""",Mismatch / Not in Taxonomy
384,"""scroll to set timer""",Mismatch / Not in Taxonomy
384,"""tap to start timer""",Mismatch / Not in Taxonomy
384,"""count up after timer expires""",Mismatch / Not in Taxonomy
384,"""stopwatch functionality""",Mismatch / Not in Taxonomy
384,"""3d user interface""",Mismatch / Not in Taxonomy
384,"""animated interface""",Mismatch / Not in Taxonomy
384,"""sound effects""",Mismatch / Not in Taxonomy
384,"""large readable time display""",Mismatch / Not in Taxonomy
384,"""screen on option during countdowns""",Valid (timer)
384,"""customizable skins""",Mismatch / Not in Taxonomy
384,"""home screen widgets for quick access""",Mismatch / Not in Taxonomy
384,"""membersupported model with no ads or tracking""]",Mismatch / Not in Taxonomy
385,"[""tabata timer""",Mismatch / Not in Taxonomy
385,"""hiit interval timer""",Mismatch / Not in Taxonomy
385,"""workout dj for automatic music control""",Mismatch / Not in Taxonomy
385,"""highquality audio",Mismatch / Not in Taxonomy
385,visual,Mismatch / Not in Taxonomy
385,"and voice alert system""",Mismatch / Not in Taxonomy
385,"""customizable timing",Mismatch / Not in Taxonomy
385,cycles,Valid (pomodoro)
385,"and tabata intervals""",Mismatch / Not in Taxonomy
385,"""multiple quickchange tabata timer presets""",Mismatch / Not in Taxonomy
385,"""mute sound option""",Mismatch / Not in Taxonomy
385,"""multitasking and splitscreen support""",Mismatch / Not in Taxonomy
385,"""custom external display support""",Mismatch / Not in Taxonomy
385,"""apple health integration""",Mismatch / Not in Taxonomy
385,"""apple watch app""",Mismatch / Not in Taxonomy
385,"""inpocket personal audio coach""",Mismatch / Not in Taxonomy
385,"""main display for room use""",Mismatch / Not in Taxonomy
385,"""external display for group training""",Mismatch / Not in Taxonomy
385,"""tabata wod timer""",Mismatch / Not in Taxonomy
385,"""walk/run timer""",Mismatch / Not in Taxonomy
385,"""speaking coach for workout guidance""",Mismatch / Not in Taxonomy
385,"""tv timer feature for screen mirroring""]",Mismatch / Not in Taxonomy
386,"[""run 20+ stopwatches simultaneously""",Mismatch / Not in Taxonomy
386,"""record lap and split times""",Mismatch / Not in Taxonomy
386,"""save and review data with a builtin calendar view""",Mismatch / Not in Taxonomy
386,"""sync stopwatch with video playback""",Mismatch / Not in Taxonomy
386,"""accurate measurement of sprint finishes and lap times""",Mismatch / Not in Taxonomy
386,"""export to excel or google sheets""",Mismatch / Not in Taxonomy
386,"""supports up to 99 repeats and 5 customizable intervals""",Mismatch / Not in Taxonomy
386,"""set sound alerts""",Mismatch / Not in Taxonomy
386,"""set vibration alerts""",Mismatch / Not in Taxonomy
386,"""background operation for timers""",Mismatch / Not in Taxonomy
386,"""add up to 5 intervals""",Mismatch / Not in Taxonomy
386,"""set repeat count""",Mismatch / Not in Taxonomy
386,"""countdown begins automatically""",Valid (timer)
386,"""reset timer at any time""]",Mismatch / Not in Taxonomy
387,"[""time tracking for each subject""",Mismatch / Not in Taxonomy
387,"""todo tracking""",Mismatch / Not in Taxonomy
387,"""daily study log review""",Mismatch / Not in Taxonomy
387,"""daily todo check""",Mismatch / Not in Taxonomy
387,"""create study groups""",Mismatch / Not in Taxonomy
387,"""check friends' study status""",Mismatch / Not in Taxonomy
387,"""realtime ranking in study categories""",Mismatch / Not in Taxonomy
387,"""visualize study records by day/week/month""]",Mismatch / Not in Taxonomy
388,"[""record measurement timer mode""",Mismatch / Not in Taxonomy
388,"""record measurement stopwatch mode""",Mismatch / Not in Taxonomy
388,"""record settings target time",Mismatch / Not in Taxonomy
388,"timer time settings""",Mismatch / Not in Taxonomy
388,"""history settings set month",Mismatch / Not in Taxonomy
388,week,Mismatch / Not in Taxonomy
388,"daily target time for log window display""",Mismatch / Not in Taxonomy
388,"""log daily cumulative time graph for each 24hour time zone""",Mismatch / Not in Taxonomy
388,"""log daily cumulative time graph by record name""",Mismatch / Not in Taxonomy
388,"""log week graphs of accumulated hours by week and by top five recorded names""",Mismatch / Not in Taxonomy
388,"""log home total cumulative time and cumulative time graphs for top five record names""",Mismatch / Not in Taxonomy
388,"""log home current month cumulative time graph""",Mismatch / Not in Taxonomy
388,"""log home cumulative time graph for top five current month recorded names""",Mismatch / Not in Taxonomy
388,"""log home current week cumulative time graph""",Mismatch / Not in Taxonomy
388,"""notification 5 minutes before timer expires""",Valid (reminders)
388,"""notification stopwatch 1hour elapsed notification""",Valid (reminders)
388,"""control always on screen function""",Mismatch / Not in Taxonomy
388,"""control flip to start recording""",Mismatch / Not in Taxonomy
388,"""color timer & stopwatch background color customization""",Mismatch / Not in Taxonomy
388,"""color 12 graph theme colors (dark & light mode)""",Mismatch / Not in Taxonomy
388,"""todolist ability to add",Mismatch / Not in Taxonomy
388,modify,Mismatch / Not in Taxonomy
388,check,Valid (habit_tracking)
388,"and delete todolist""]",Mismatch / Not in Taxonomy
389,"[""track study time""",Mismatch / Not in Taxonomy
389,"""detailed statistical analysis of study time""",Mismatch / Not in Taxonomy
389,"""customize courses""",Mismatch / Not in Taxonomy
389,"""customize study plans""",Mismatch / Not in Taxonomy
389,"""full screen clock""",Mismatch / Not in Taxonomy
389,"""pomodoro timer""",Valid (pomodoro)
389,"""countdown timer""",Valid (timer)
389,"""stopwatch""",Mismatch / Not in Taxonomy
389,"""background timer""",Mismatch / Not in Taxonomy
389,"""highly customizable clock settings""",Mismatch / Not in Taxonomy
389,"""white noise feature""",Mismatch / Not in Taxonomy
389,"""exam countdown""",Valid (timer)
389,"""multiple theme colors""",Mismatch / Not in Taxonomy
389,"""multidevice icloud data sync""",Mismatch / Not in Taxonomy
389,"""pictureinpicture floating small window mode""",Mismatch / Not in Taxonomy
389,"""exam countdown widget""]",Valid (timer)
390,"[""multiple timers""",Mismatch / Not in Taxonomy
390,"""save frequently used times""",Mismatch / Not in Taxonomy
390,"""timer notifications""",Valid (reminders)
390,"""customizable notifications""",Valid (reminders)
390,"""two types of timers""",Mismatch / Not in Taxonomy
390,"""focus on remaining/elapsed time""",Mismatch / Not in Taxonomy
390,"""fullscreen mode""",Mismatch / Not in Taxonomy
390,"""landscape mode""",Mismatch / Not in Taxonomy
390,"""various color themes""]",Mismatch / Not in Taxonomy
391,"[""study with a cute character""",Mismatch / Not in Taxonomy
391,"""receive coins as a reward""",Mismatch / Not in Taxonomy
391,"""purchase items with coins""",Mismatch / Not in Taxonomy
391,"""decorate your room with purchased items""]",Mismatch / Not in Taxonomy
392,"[""record study time""",Mismatch / Not in Taxonomy
392,"""check study history""",Mismatch / Not in Taxonomy
392,"""display pie charts""",Mismatch / Not in Taxonomy
392,"""display stacked bar graphs""",Mismatch / Not in Taxonomy
392,"""select subjects""",Mismatch / Not in Taxonomy
392,"""set study time""",Mismatch / Not in Taxonomy
392,"""register subjects""",Mismatch / Not in Taxonomy
392,"""track daily study time""",Mismatch / Not in Taxonomy
392,"""visualize study time distribution""",Mismatch / Not in Taxonomy
392,"""display ads after countdown""]",Valid (timer)
393,"[""record study log""",Mismatch / Not in Taxonomy
393,"""share study log""]",Mismatch / Not in Taxonomy
394,"[""multiple time frames (15",Mismatch / Not in Taxonomy
394,30,Mismatch / Not in Taxonomy
394,"60 minutes etc.) that can be added or removed freely""",Mismatch / Not in Taxonomy
394,"""quick display of estimated finishing times for each timer before starting a session""",Mismatch / Not in Taxonomy
394,"""stopwatch functionality""",Mismatch / Not in Taxonomy
394,"""pause and stop functionality""",Mismatch / Not in Taxonomy
394,"""finish alert sound (optional and can be turned off from settings)""",Mismatch / Not in Taxonomy
394,"""finish alert notification (can be adjusted in settings)""",Valid (reminders)
394,"""curated tips about how to improve focus/break free from smartphone addiction""",Mismatch / Not in Taxonomy
394,"""add tags to timer sessions to track study topics and duration""",Mismatch / Not in Taxonomy
394,"""hard mode (timer won't progress unless phone is flipped facedown)""",Mismatch / Not in Taxonomy
394,"""bar graphs showing time spent studying over the last 7 days/14 days (extendable with premium)""",Mismatch / Not in Taxonomy
394,"""light and dark themes (including premium 'night mode'/'pink' themes)""]",Mismatch / Not in Taxonomy
395,"[""pomodoro focus timer""",Valid (pomodoro)
395,"""study tracker""",Mismatch / Not in Taxonomy
395,"""natural sounds""",Mismatch / Not in Taxonomy
395,"""lofi bgm""",Mismatch / Not in Taxonomy
395,"""study calendar""",Mismatch / Not in Taxonomy
395,"""exam countdown""",Valid (timer)
395,"""no account required""",Mismatch / Not in Taxonomy
395,"""custom focus timer""",Mismatch / Not in Taxonomy
395,"""bgm volume control""",Mismatch / Not in Taxonomy
395,"""advanced stats & charts""",Mismatch / Not in Taxonomy
395,"""family sharing""",Mismatch / Not in Taxonomy
395,"""automatic study time tracking""",Mismatch / Not in Taxonomy
395,"""distractionfree ui""",Mismatch / Not in Taxonomy
395,"""visual feedback""",Mismatch / Not in Taxonomy
395,"""multiple bgm options""]",Mismatch / Not in Taxonomy
396,"[""countdown timers""",Valid (timer)
396,"""customizable colors""",Mismatch / Not in Taxonomy
396,"""customizable fonts""",Mismatch / Not in Taxonomy
396,"""customizable display""",Mismatch / Not in Taxonomy
396,"""pausing timer""",Mismatch / Not in Taxonomy
396,"""restarting timer""",Mismatch / Not in Taxonomy
396,"""resetting timer""",Mismatch / Not in Taxonomy
396,"""interval countdowns""",Valid (timer)
396,"""serial countdowns""",Valid (timer)
396,"""split view support for ipad""",Mismatch / Not in Taxonomy
396,"""soft alarms""",Valid (reminders)
396,"""endless loop""",Mismatch / Not in Taxonomy
396,"""siri integration""",Mismatch / Not in Taxonomy
396,"""shortcuts integration""]",Mismatch / Not in Taxonomy
397,"[""customizable timed tasks""",Mismatch / Not in Taxonomy
397,"""set individual durations for session and break times""",Mismatch / Not in Taxonomy
397,"""dynamic island and live activity""",Mismatch / Not in Taxonomy
397,"""pomodoro technique support""",Valid (pomodoro)
397,"""customizable workbreak cycles for each task""",Mismatch / Not in Taxonomy
397,"""repeating sessions""",Mismatch / Not in Taxonomy
397,"""visual progress tracking""",Mismatch / Not in Taxonomy
397,"""intuitive progress chart""",Mismatch / Not in Taxonomy
397,"""motivational quotes""",Mismatch / Not in Taxonomy
397,"""local data storage""",Mismatch / Not in Taxonomy
397,"""no data collection""]",Mismatch / Not in Taxonomy
398,"[""smart habit tracking""",Mismatch / Not in Taxonomy
398,"""customize habits with names",Mismatch / Not in Taxonomy
398,colors,Mismatch / Not in Taxonomy
398,"and icons""",Mismatch / Not in Taxonomy
398,"""keep notes for daily reflections""",Mismatch / Not in Taxonomy
398,"""daily flow & gentle reminders""",Valid (reminders)
398,"""clear daily tasks""",Mismatch / Not in Taxonomy
398,"""timely reminders""",Valid (reminders)
398,"""visual motivation""",Mismatch / Not in Taxonomy
398,"""progress tracking through streaks""",Mismatch / Not in Taxonomy
398,"""calendar views""",Mismatch / Not in Taxonomy
398,"""gridbased charts""",Mismatch / Not in Taxonomy
398,"""challenges & guided routines""",Mismatch / Not in Taxonomy
398,"""structured programs for consistency""",Mismatch / Not in Taxonomy
398,"""insights & reflection""",Valid (analytics)
398,"""access to articles and tips""",Mismatch / Not in Taxonomy
398,"""pause or archive habits""",Mismatch / Not in Taxonomy
398,"""focusfriendly design""]",Mismatch / Not in Taxonomy
399,"[""manage numerous routines and habits""",Mismatch / Not in Taxonomy
399,"""track habits and mood together""",Mismatch / Not in Taxonomy
399,"""create custom routines""",Mismatch / Not in Taxonomy
399,"""receive reminders""",Valid (reminders)
399,"""use widgets for routine tracking""",Mismatch / Not in Taxonomy
399,"""personalize app settings""",Mismatch / Not in Taxonomy
399,"""organize routines",Mismatch / Not in Taxonomy
399,habits,Mismatch / Not in Taxonomy
399,goals,Mismatch / Not in Taxonomy
399,"and todos in one app""",Mismatch / Not in Taxonomy
399,"""track daily progress with visual indicators""",Mismatch / Not in Taxonomy
399,"""view monthly reports and journals""",Mismatch / Not in Taxonomy
399,"""social features to connect with other users""",Mismatch / Not in Taxonomy
399,"""access the app on multiple devices""",Mismatch / Not in Taxonomy
399,"""set repetition cycles for habits""",Mismatch / Not in Taxonomy
399,"""add unlimited habits and diary entries with premium""",Mismatch / Not in Taxonomy
399,"""view habit statistics""",Mismatch / Not in Taxonomy
399,"""customize reminders and notifications""]",Valid (reminders)
400,"[""manage numerous routines and habits""",Mismatch / Not in Taxonomy
400,"""track habits and mood together""",Mismatch / Not in Taxonomy
400,"""create custom routines""",Mismatch / Not in Taxonomy
400,"""receive reminders""",Valid (reminders)
400,"""use widgets for routine tracking""",Mismatch / Not in Taxonomy
400,"""personalize app settings""",Mismatch / Not in Taxonomy
400,"""organize routines",Mismatch / Not in Taxonomy
400,habits,Mismatch / Not in Taxonomy
400,goals,Mismatch / Not in Taxonomy
400,"and todos in one app""",Mismatch / Not in Taxonomy
400,"""track daily progress with visual indicators""",Mismatch / Not in Taxonomy
400,"""view monthly reports and journals""",Mismatch / Not in Taxonomy
400,"""social features to connect with other users""",Mismatch / Not in Taxonomy
400,"""multidevice synchronization""",Mismatch / Not in Taxonomy
400,"""set repetition cycles for habits""",Mismatch / Not in Taxonomy
400,"""access habit statistics""",Mismatch / Not in Taxonomy
400,"""add unlimited habits and diary entries (premium feature)""",Mismatch / Not in Taxonomy
400,"""customize reminders and app view""]",Valid (reminders)
401,"[""daily routine planner""",Valid (habit_tracking)
401,"""habit tracker""",Mismatch / Not in Taxonomy
401,"""mood tracker""",Mismatch / Not in Taxonomy
401,"""progress tracker""",Mismatch / Not in Taxonomy
401,"""selfcare schedule""",Mismatch / Not in Taxonomy
401,"""customizable daily and morning routines""",Mismatch / Not in Taxonomy
401,"""friendly reminders for todo lists""",Valid (reminders)
401,"""evidencebased selfcare information""",Mismatch / Not in Taxonomy
401,"""mbti test for personalized routine suggestions""]",Mismatch / Not in Taxonomy
402,"[""daily routine planner""",Valid (habit_tracking)
402,"""habit tracker""",Mismatch / Not in Taxonomy
402,"""mood tracker""",Mismatch / Not in Taxonomy
402,"""progress tracker""",Mismatch / Not in Taxonomy
402,"""selfcare schedule""",Mismatch / Not in Taxonomy
402,"""create custom daily routines""",Valid (habit_tracking)
402,"""set reminders for todo lists""",Valid (reminders)
402,"""access evidencebased selfcare information""",Mismatch / Not in Taxonomy
402,"""record daily goals""",Mismatch / Not in Taxonomy
402,"""track daily habits""]",Mismatch / Not in Taxonomy
403,"[""smart reminders""",Valid (reminders)
403,"""progress charts""",Mismatch / Not in Taxonomy
403,"""track daily goals""",Mismatch / Not in Taxonomy
403,"""analyze streaks""",Mismatch / Not in Taxonomy
403,"""achievement badges""",Mismatch / Not in Taxonomy
403,"""simple interface""",Mismatch / Not in Taxonomy
403,"""powerful analytics""",Valid (analytics)
403,"""syncs across all devices""]",Mismatch / Not in Taxonomy
404,"[""ataglance progress visualization""",Mismatch / Not in Taxonomy
404,"""reminders""",Valid (reminders)
404,"""crossdevice synchronization""",Mismatch / Not in Taxonomy
404,"""customizable habit board""",Mismatch / Not in Taxonomy
404,"""statistics tracking""",Mismatch / Not in Taxonomy
404,"""skip option for missed days""",Mismatch / Not in Taxonomy
404,"""support for multiple character types and emojis""]",Mismatch / Not in Taxonomy
405,"[""track habits",Mismatch / Not in Taxonomy
405,routines,Mismatch / Not in Taxonomy
405,"and personal goals""",Mismatch / Not in Taxonomy
405,"""connect with health apps like apple health or google fit""",Mismatch / Not in Taxonomy
405,"""integrate with productivity tools like google calendar""",Mismatch / Not in Taxonomy
405,"""timebased reminders""",Valid (reminders)
405,"""locationbased reminders""",Valid (reminders)
405,"""habit stacking""",Mismatch / Not in Taxonomy
405,"""view progress for individual habits or overall performance""",Mismatch / Not in Taxonomy
405,"""discover patterns",Mismatch / Not in Taxonomy
405,strengths,Mismatch / Not in Taxonomy
405,"and areas to improve""",Mismatch / Not in Taxonomy
405,"""visual feedback for behavior reinforcement""",Mismatch / Not in Taxonomy
405,"""group habits by time of day""",Mismatch / Not in Taxonomy
405,"""use folders to organize habits""",Mismatch / Not in Taxonomy
405,"""realtime sync across devices""",Mismatch / Not in Taxonomy
405,"""access on ios",Mismatch / Not in Taxonomy
405,macos,Mismatch / Not in Taxonomy
405,apple watch,Mismatch / Not in Taxonomy
405,"web""",Mismatch / Not in Taxonomy
405,"""mood tracking""",Mismatch / Not in Taxonomy
405,"""builtin timer""",Mismatch / Not in Taxonomy
405,"""builtin notes""",Mismatch / Not in Taxonomy
405,"""privacy lock for personal data""",Mismatch / Not in Taxonomy
405,"""api access for customization""",Mismatch / Not in Taxonomy
405,"""zapier integration""",Mismatch / Not in Taxonomy
405,"""ifttt integration""",Mismatch / Not in Taxonomy
405,"""apple calendar sync""",Mismatch / Not in Taxonomy
405,"""monthly challenges""",Mismatch / Not in Taxonomy
405,"""friend challenges""]",Mismatch / Not in Taxonomy
406,"[""onetap start/stop time tracking""",Mismatch / Not in Taxonomy
406,"""overview of today's time spending""",Mismatch / Not in Taxonomy
406,"""interactive goal system""",Mismatch / Not in Taxonomy
406,"""complete activity log""",Mismatch / Not in Taxonomy
406,"""customization of activities with unique icons""",Mismatch / Not in Taxonomy
406,"""color coding for activities""",Mismatch / Not in Taxonomy
406,"""ability to keep notes for each task entry""",Mismatch / Not in Taxonomy
406,"""statistics displayed in bar and pie charts""",Mismatch / Not in Taxonomy
406,"""group tasks by tags""",Mismatch / Not in Taxonomy
406,"""filter tasks by tag""",Mismatch / Not in Taxonomy
406,"""aggregate data by tag in reporting""",Mismatch / Not in Taxonomy
406,"""activity timer runs in background""",Mismatch / Not in Taxonomy
406,"""set alarms for activities""",Valid (reminders)
406,"""widget for onscreen data display""",Mismatch / Not in Taxonomy
406,"""gesture support""",Mismatch / Not in Taxonomy
406,"""full ui customization with skins""",Mismatch / Not in Taxonomy
406,"""use own image as background""",Mismatch / Not in Taxonomy
406,"""data export in pdf and csv formats""",Mismatch / Not in Taxonomy
406,"""sync data across multiple devices""",Mismatch / Not in Taxonomy
406,"""access from mobile",Mismatch / Not in Taxonomy
406,tablet,Mismatch / Not in Taxonomy
406,apple watch,Mismatch / Not in Taxonomy
406,"or computer""",Mismatch / Not in Taxonomy
406,"""twoway calendar sync""",Mismatch / Not in Taxonomy
406,"""dashboard customization in web version""]",Valid (analytics)
407,"[""custom habits""",Mismatch / Not in Taxonomy
407,"""suggestions""",Mismatch / Not in Taxonomy
407,"""goals""",Mismatch / Not in Taxonomy
407,"""reminders""",Valid (reminders)
407,"""activity entries""",Mismatch / Not in Taxonomy
407,"""streaks and stats""",Mismatch / Not in Taxonomy
407,"""timers""",Mismatch / Not in Taxonomy
407,"""health sync""",Mismatch / Not in Taxonomy
407,"""quit trackers""",Mismatch / Not in Taxonomy
407,"""detailed notes""",Mismatch / Not in Taxonomy
407,"""rich text editor""",Mismatch / Not in Taxonomy
407,"""centralized view""",Mismatch / Not in Taxonomy
407,"""filtering""",Mismatch / Not in Taxonomy
407,"""bookmarking""",Mismatch / Not in Taxonomy
407,"""reminder options""",Valid (reminders)
407,"""unlimited reminders""",Valid (reminders)
407,"""calendar view""",Mismatch / Not in Taxonomy
407,"""dark mode""",Mismatch / Not in Taxonomy
407,"""customization""",Mismatch / Not in Taxonomy
407,"""sync across devices""",Mismatch / Not in Taxonomy
407,"""customer support""]",Mismatch / Not in Taxonomy
408,"[""custom habits""",Mismatch / Not in Taxonomy
408,"""suggestions""",Mismatch / Not in Taxonomy
408,"""goals""",Mismatch / Not in Taxonomy
408,"""reminders""",Valid (reminders)
408,"""activity entries""",Mismatch / Not in Taxonomy
408,"""streaks and stats""",Mismatch / Not in Taxonomy
408,"""timers""",Mismatch / Not in Taxonomy
408,"""health sync""",Mismatch / Not in Taxonomy
408,"""quit trackers""",Mismatch / Not in Taxonomy
408,"""detailed notes""",Mismatch / Not in Taxonomy
408,"""rich text editor""",Mismatch / Not in Taxonomy
408,"""centralized view""",Mismatch / Not in Taxonomy
408,"""filtering""",Mismatch / Not in Taxonomy
408,"""bookmarking""",Mismatch / Not in Taxonomy
408,"""reminder options""",Valid (reminders)
408,"""unlimited reminders""",Valid (reminders)
408,"""calendar view""",Mismatch / Not in Taxonomy
408,"""dark mode""",Mismatch / Not in Taxonomy
408,"""customization""",Mismatch / Not in Taxonomy
408,"""sync across devices""",Mismatch / Not in Taxonomy
408,"""customer support""]",Mismatch / Not in Taxonomy
409,"[""schedule reminders""",Valid (reminders)
409,"""visualize progress with stats and charts""",Mismatch / Not in Taxonomy
409,"""add notes""",Mismatch / Not in Taxonomy
409,"""build micro habits""",Mismatch / Not in Taxonomy
409,"""frequency options""",Mismatch / Not in Taxonomy
409,"""indepth stats""",Mismatch / Not in Taxonomy
409,"""track by units and volume""",Mismatch / Not in Taxonomy
409,"""weekly",Mismatch / Not in Taxonomy
409,monthly,Mismatch / Not in Taxonomy
409,"and yearly summaries""",Mismatch / Not in Taxonomy
409,"""private diary for wins",Mismatch / Not in Taxonomy
409,adjustments,Mismatch / Not in Taxonomy
409,"and lessons""",Mismatch / Not in Taxonomy
409,"""pomodoro technique""",Valid (pomodoro)
409,"""mood tracking""",Mismatch / Not in Taxonomy
409,"""timebased reminders""",Valid (reminders)
409,"""locationbased reminders""",Valid (reminders)
409,"""multiple reminders""",Valid (reminders)
409,"""custom reminder sounds""",Valid (reminders)
409,"""widgets for home",Mismatch / Not in Taxonomy
409,lock,Valid (blocking)
409,"today view""",Mismatch / Not in Taxonomy
409,"""habit memo""",Mismatch / Not in Taxonomy
409,"""yearly heat map""",Mismatch / Not in Taxonomy
409,"""countdown and stopwatch timers""",Valid (timer)
409,"""cloud sync and backup""",Mismatch / Not in Taxonomy
409,"""daily motivational quotes""",Mismatch / Not in Taxonomy
409,"""privacy lock with face id or touch id""",Mismatch / Not in Taxonomy
409,"""dark mode""",Mismatch / Not in Taxonomy
409,"""habit ideas""]",Mismatch / Not in Taxonomy
410,"[""achievements""",Mismatch / Not in Taxonomy
410,"""apple health integration""",Mismatch / Not in Taxonomy
410,"""smart reminders""",Valid (reminders)
410,"""useful statistics""",Mismatch / Not in Taxonomy
410,"""widgets""",Mismatch / Not in Taxonomy
410,"""dark mode & color customization""",Mismatch / Not in Taxonomy
410,"""builtin timer""",Mismatch / Not in Taxonomy
410,"""icloud support""",Mismatch / Not in Taxonomy
410,"""habits groups""",Mismatch / Not in Taxonomy
410,"""siri shortcuts""",Mismatch / Not in Taxonomy
410,"""available on all apple devices""]",Mismatch / Not in Taxonomy
411,"[""simple and appealing interface""",Mismatch / Not in Taxonomy
411,"""easy onboarding to create your first habit""",Mismatch / Not in Taxonomy
411,"""calendar to view your progress""",Mismatch / Not in Taxonomy
411,"""ability to track multiple habits""",Mismatch / Not in Taxonomy
411,"""journal to reflect on progress""",Mismatch / Not in Taxonomy
411,"""motivational quotes""",Mismatch / Not in Taxonomy
411,"""opportunity to share insights and achievements with friends""",Valid (analytics)
411,"""essential habitbuilding course""",Mismatch / Not in Taxonomy
411,"""timely notifications for reminders""",Valid (reminders)
411,"""reflection diary""",Mismatch / Not in Taxonomy
411,"""daily questions for selfreflection""",Mismatch / Not in Taxonomy
411,"""todo lists for organization""",Mismatch / Not in Taxonomy
411,"""insightful charts""",Mismatch / Not in Taxonomy
411,"""expert articles and stories""",Mismatch / Not in Taxonomy
411,"""habit tracker with customizable settings""]",Mismatch / Not in Taxonomy
412,"[""create custom routines""",Mismatch / Not in Taxonomy
412,"""timed tasks""",Mismatch / Not in Taxonomy
412,"""detailed analytics""",Valid (analytics)
412,"""notification reminders""]",Valid (reminders)
413,"[""fullfeatured calendar""",Mismatch / Not in Taxonomy
413,"""sync with google and apple calendars""",Mismatch / Not in Taxonomy
413,"""daily planner""",Mismatch / Not in Taxonomy
413,"""reminders""",Valid (reminders)
413,"""countdowns""",Valid (timer)
413,"""task manager""",Mismatch / Not in Taxonomy
413,"""habit tracker""",Mismatch / Not in Taxonomy
413,"""goal tracker""",Mismatch / Not in Taxonomy
413,"""projects""",Mismatch / Not in Taxonomy
413,"""mood journal""",Mismatch / Not in Taxonomy
413,"""meditation tracker""",Mismatch / Not in Taxonomy
413,"""notes""",Mismatch / Not in Taxonomy
413,"""storage""",Mismatch / Not in Taxonomy
413,"""timeline""",Mismatch / Not in Taxonomy
413,"""widgets""",Mismatch / Not in Taxonomy
413,"""file attachment""",Mismatch / Not in Taxonomy
413,"""markdown editor""",Mismatch / Not in Taxonomy
413,"""sharing""",Mismatch / Not in Taxonomy
413,"""personal tasks""",Mismatch / Not in Taxonomy
413,"""work tasks""",Mismatch / Not in Taxonomy
413,"""focus mode""",Valid (focus_mode)
413,"""budget app""",Mismatch / Not in Taxonomy
413,"""idea journal""",Mismatch / Not in Taxonomy
413,"""mood diary""",Mismatch / Not in Taxonomy
413,"""board view""",Mismatch / Not in Taxonomy
413,"""photo journal""",Mismatch / Not in Taxonomy
413,"""themes""",Mismatch / Not in Taxonomy
413,"""events""",Mismatch / Not in Taxonomy
413,"""prioritization features""",Mismatch / Not in Taxonomy
413,"""difficulty level""",Mismatch / Not in Taxonomy
413,"""builtin timers""",Mismatch / Not in Taxonomy
413,"""daily note""",Mismatch / Not in Taxonomy
413,"""weather widget""",Mismatch / Not in Taxonomy
413,"""calendar sync""",Mismatch / Not in Taxonomy
413,"""filters and categories""",Mismatch / Not in Taxonomy
413,"""mobile app""",Mismatch / Not in Taxonomy
413,"""collaboration""]",Mismatch / Not in Taxonomy
414,"[""track habits""",Mismatch / Not in Taxonomy
414,"""identify habits""",Mismatch / Not in Taxonomy
414,"""change habits""",Mismatch / Not in Taxonomy
414,"""chains for positive streaks""",Mismatch / Not in Taxonomy
414,"""powerful reminders with flexible scheduling""",Valid (reminders)
414,"""custom messages for reminders""",Valid (reminders)
414,"""themes (dark mode",Mismatch / Not in Taxonomy
414,serenity,Mismatch / Not in Taxonomy
414,retro c64,Mismatch / Not in Taxonomy
414,light,Mismatch / Not in Taxonomy
414,rose,Mismatch / Not in Taxonomy
414,"etc.)""",Mismatch / Not in Taxonomy
414,"""charts (pie charts and bar graphs with trend lines)""",Mismatch / Not in Taxonomy
414,"""modern widgets for ios 17+""",Mismatch / Not in Taxonomy
414,"""siri and shortcuts support""",Mismatch / Not in Taxonomy
414,"""notetaking functionality""",Mismatch / Not in Taxonomy
414,"""urlschemes for interaction with other apps""",Mismatch / Not in Taxonomy
414,"""customizable tags for organizing habits""",Mismatch / Not in Taxonomy
414,"""scoreboard for weekly/monthly feedback""",Mismatch / Not in Taxonomy
414,"""interactive walkthrough""",Mismatch / Not in Taxonomy
414,"""unlimited items (premium feature)""",Mismatch / Not in Taxonomy
414,"""backup to any cloud storage provider that supports ios (premium feature)""",Mismatch / Not in Taxonomy
414,"""export data as csv or excel files""",Mismatch / Not in Taxonomy
414,"""passcode lock with touch id and face id support""",Mismatch / Not in Taxonomy
414,"""colorblind mode""]",Mismatch / Not in Taxonomy
415,"[""personalized guidance""",Mismatch / Not in Taxonomy
415,"""daily readiness summary""",Mismatch / Not in Taxonomy
415,"""key health metrics tracking""",Mismatch / Not in Taxonomy
415,"""full sleep analysis""",Mismatch / Not in Taxonomy
415,"""daily steps tracking""",Mismatch / Not in Taxonomy
415,"""distance tracking""",Mismatch / Not in Taxonomy
415,"""walking time tracking""",Mismatch / Not in Taxonomy
415,"""flights climbed tracking""",Mismatch / Not in Taxonomy
415,"""walking heart rate tracking""",Mismatch / Not in Taxonomy
415,"""14day trend overview for steps""",Mismatch / Not in Taxonomy
415,"""sync activities with menstrual cycle""",Mismatch / Not in Taxonomy
415,"""stress tolerance tracking""",Mismatch / Not in Taxonomy
415,"""workout suggestions based on cycle phase""",Mismatch / Not in Taxonomy
415,"""streak tracking""",Mismatch / Not in Taxonomy
415,"""status adjustment for rest days""",Mismatch / Not in Taxonomy
415,"""realtime training effects tracking""",Mismatch / Not in Taxonomy
415,"""heart rate zone management""",Mismatch / Not in Taxonomy
415,"""overtraining countdown""",Valid (timer)
415,"""140+ activity tracking""",Mismatch / Not in Taxonomy
415,"""detailed maps and metric charts""",Mismatch / Not in Taxonomy
415,"""tailored daily workout suggestions""",Mismatch / Not in Taxonomy
415,"""personalized workout summaries""",Mismatch / Not in Taxonomy
415,"""customizable fitness journal""",Mismatch / Not in Taxonomy
415,"""rpe chart for effort adjustment""",Mismatch / Not in Taxonomy
415,"""progress charts for weekly",Mismatch / Not in Taxonomy
415,monthly,Mismatch / Not in Taxonomy
415,"and yearly tracking""",Mismatch / Not in Taxonomy
415,"""live activity tracking on iphone""",Mismatch / Not in Taxonomy
415,"""interactive widgets for home & lock screens""",Mismatch / Not in Taxonomy
415,"""accessibility support""",Mismatch / Not in Taxonomy
415,"""ondevice health data storage""",Mismatch / Not in Taxonomy
415,"""subscription options for advanced features""]",Mismatch / Not in Taxonomy
416,"[""simple interface""",Mismatch / Not in Taxonomy
416,"""comprehensive range of cardio and strength exercises""",Mismatch / Not in Taxonomy
416,"""add custom exercises""",Mismatch / Not in Taxonomy
416,"""fullyfeatured apple watch app""",Mismatch / Not in Taxonomy
416,"""create and manage custom routines""",Mismatch / Not in Taxonomy
416,"""detailed exercise instructions with animated videos""",Mismatch / Not in Taxonomy
416,"""advanced statistics for personal records and progression""",Mismatch / Not in Taxonomy
416,"""calculate one rep max and total weight lifted""",Mismatch / Not in Taxonomy
416,"""builtin auto countdown timer for rest breaks""",Valid (timer)
416,"""support for multiple exercise types""",Mismatch / Not in Taxonomy
416,"""tag sets as warm up",Mismatch / Not in Taxonomy
416,failure,Mismatch / Not in Taxonomy
416,"or drop sets""",Mismatch / Not in Taxonomy
416,"""support for supersets and grouped exercises""",Mismatch / Not in Taxonomy
416,"""track progress with graphs for volume and 1rm progression""",Mismatch / Not in Taxonomy
416,"""cloud sync for data backup""",Mismatch / Not in Taxonomy
416,"""body measurements tracker""",Mismatch / Not in Taxonomy
416,"""warm up calculator""",Mismatch / Not in Taxonomy
416,"""plate calculator""",Mismatch / Not in Taxonomy
416,"""support for imperial and metric weights""",Mismatch / Not in Taxonomy
416,"""add notes and progress pictures to workouts""",Mismatch / Not in Taxonomy
416,"""share routines and workouts""",Mismatch / Not in Taxonomy
416,"""export data to csv format""",Mismatch / Not in Taxonomy
416,"""siri shortcuts""",Mismatch / Not in Taxonomy
416,"""thirdparty integrations""",Mismatch / Not in Taxonomy
416,"""dark mode""",Mismatch / Not in Taxonomy
416,"""rpe tracking""",Mismatch / Not in Taxonomy
416,"""advanced charts""",Mismatch / Not in Taxonomy
416,"""body part measurements""",Mismatch / Not in Taxonomy
416,"""workout scheduling""",Mismatch / Not in Taxonomy
416,"""muscle heat map""",Mismatch / Not in Taxonomy
416,"""custom timers""]",Mismatch / Not in Taxonomy
417,"[""plan daily schedule with time range reminders""",Valid (reminders)
417,"""dynamic habit lineup screen""",Mismatch / Not in Taxonomy
417,"""focus widget with next habit based on current time""",Mismatch / Not in Taxonomy
417,"""siri shortcut integration""",Mismatch / Not in Taxonomy
417,"""timed sessions for habits""",Mismatch / Not in Taxonomy
417,"""colorcoded visual motivators""",Mismatch / Not in Taxonomy
417,"""onetime tasks management""",Mismatch / Not in Taxonomy
417,"""multiple times a day habit tracking""",Mismatch / Not in Taxonomy
417,"""goal value habit tracking""",Mismatch / Not in Taxonomy
417,"""trend chart for habits""",Mismatch / Not in Taxonomy
417,"""habit lineup dashboard""",Valid (analytics)
417,"""automatic skipping of habits""",Mismatch / Not in Taxonomy
417,"""latenight habit planning""",Mismatch / Not in Taxonomy
417,"""interactive streak calendar""",Mismatch / Not in Taxonomy
417,"""assistive repeating reminders""",Valid (reminders)
417,"""interactive alerts for quick completion""",Mismatch / Not in Taxonomy
417,"""automatic icloud backup and sync""",Mismatch / Not in Taxonomy
417,"""performance tracking with streaks""",Mismatch / Not in Taxonomy
417,"""social sharing capabilities""",Mismatch / Not in Taxonomy
417,"""quick habit creation and modification""",Mismatch / Not in Taxonomy
417,"""customizable reminder intervals""",Valid (reminders)
417,"""oneclick completion alerts""]",Mismatch / Not in Taxonomy
418,"[""track good or bad habits""",Mismatch / Not in Taxonomy
418,"""track smart goals""",Mismatch / Not in Taxonomy
418,"""set reminders""",Valid (reminders)
418,"""view progress reports""",Mismatch / Not in Taxonomy
418,"""create customized trackers""",Mismatch / Not in Taxonomy
418,"""choose from 150+ templates""",Mismatch / Not in Taxonomy
418,"""daily checklist""",Mismatch / Not in Taxonomy
418,"""trackers for habits",Mismatch / Not in Taxonomy
418,goals,Mismatch / Not in Taxonomy
418,averages,Mismatch / Not in Taxonomy
418,"and targets""",Mismatch / Not in Taxonomy
418,"""streak calendars""",Mismatch / Not in Taxonomy
418,"""milestone calendars""",Mismatch / Not in Taxonomy
418,"""integration with apple health""",Mismatch / Not in Taxonomy
418,"""sync between iphone",Mismatch / Not in Taxonomy
418,"ipad & mac""",Mismatch / Not in Taxonomy
418,"""add notes to logs and trackers""",Mismatch / Not in Taxonomy
418,"""unlimited reminders""",Valid (reminders)
418,"""progress bars""",Mismatch / Not in Taxonomy
418,"""success rate tracking""",Mismatch / Not in Taxonomy
418,"""calendar views""",Mismatch / Not in Taxonomy
418,"""line charts""",Mismatch / Not in Taxonomy
418,"""focus filter with tags""",Mismatch / Not in Taxonomy
418,"""daily goals feature""",Mismatch / Not in Taxonomy
418,"""reports for all goals and habits""",Mismatch / Not in Taxonomy
418,"""filter reports by tags""",Mismatch / Not in Taxonomy
418,"""share progress with accountability partners""",Mismatch / Not in Taxonomy
418,"""collaboration features for team goals""]",Mismatch / Not in Taxonomy
419,"[""tracking habits""",Mismatch / Not in Taxonomy
419,"""tracking medications / vitamins""",Mismatch / Not in Taxonomy
419,"""daily planner / todo list""",Mismatch / Not in Taxonomy
419,"""tracking daily/weekly/monthly spending""",Mismatch / Not in Taxonomy
419,"""budgeting or saving money""",Mismatch / Not in Taxonomy
419,"""pain journal""",Mismatch / Not in Taxonomy
419,"""symptom tracking""",Mismatch / Not in Taxonomy
419,"""mood tracking""",Mismatch / Not in Taxonomy
419,"""customizable trackers""",Mismatch / Not in Taxonomy
419,"""reset trackers on a daily",Mismatch / Not in Taxonomy
419,weekly,Mismatch / Not in Taxonomy
419,monthly,Mismatch / Not in Taxonomy
419,yearly,Mismatch / Not in Taxonomy
419,"or never basis""",Mismatch / Not in Taxonomy
419,"""charts for activity analysis""",Mismatch / Not in Taxonomy
419,"""calendars for activity tracking""",Mismatch / Not in Taxonomy
419,"""notes for activity tracking""",Mismatch / Not in Taxonomy
419,"""filter to display trackers""",Mismatch / Not in Taxonomy
419,"""quick logging with a widget""",Mismatch / Not in Taxonomy
419,"""apple watch app""",Mismatch / Not in Taxonomy
419,"""enter custom values""",Mismatch / Not in Taxonomy
419,"""view progress with statistics""",Mismatch / Not in Taxonomy
419,"""multiple reminders for each tracker""",Valid (reminders)
419,"""customizable color options""",Mismatch / Not in Taxonomy
419,"""edit past activities""",Mismatch / Not in Taxonomy
419,"""backup to dropbox""",Mismatch / Not in Taxonomy
419,"""backup to icloud""",Mismatch / Not in Taxonomy
419,"""shortcuts integration""",Mismatch / Not in Taxonomy
419,"""siri integration""",Mismatch / Not in Taxonomy
419,"""integration with apple healthkit""",Mismatch / Not in Taxonomy
419,"""automatic tracking based on healthkit data""]",Mismatch / Not in Taxonomy
420,"[""track your lifts with an intuitive interface""",Mismatch / Not in Taxonomy
420,"""use the calendar to manage training schedule""",Mismatch / Not in Taxonomy
420,"""access hundreds of exercises with highquality videos""",Mismatch / Not in Taxonomy
420,"""follow friends' progress and copy their routines""",Mismatch / Not in Taxonomy
420,"""create custom exercises""",Mismatch / Not in Taxonomy
420,"""set up private or public profiles""",Mismatch / Not in Taxonomy
420,"""mark sets as warmup",Mismatch / Not in Taxonomy
420,normal,Mismatch / Not in Taxonomy
420,drop sets,Mismatch / Not in Taxonomy
420,failure,Mismatch / Not in Taxonomy
420,"and supersets""",Mismatch / Not in Taxonomy
420,"""customize automatic rest timers for each exercise""",Mismatch / Not in Taxonomy
420,"""analyze workout sessions with muscle group graphs""",Mismatch / Not in Taxonomy
420,"""calculate one rep max for strength exercises""",Mismatch / Not in Taxonomy
420,"""create unlimited routines""",Mismatch / Not in Taxonomy
420,"""analyze lift progression with graphs of volume",Mismatch / Not in Taxonomy
420,best weight,Mismatch / Not in Taxonomy
420,"and total reps""",Mismatch / Not in Taxonomy
420,"""dark mode""",Mismatch / Not in Taxonomy
420,"""export workouts to health app using healthkit and carekit""",Mismatch / Not in Taxonomy
420,"""live sync workouts with apple watch""",Mismatch / Not in Taxonomy
420,"""use routines on apple watch""",Mismatch / Not in Taxonomy
420,"""track weight lifting sets on apple watch""",Mismatch / Not in Taxonomy
420,"""use apple watch complications""",Mismatch / Not in Taxonomy
420,"""track heart rate during workouts""",Mismatch / Not in Taxonomy
420,"""use helpful timers for duration exercises""",Mismatch / Not in Taxonomy
420,"""watch workouts automatically save when reconnecting to iphone""",Mismatch / Not in Taxonomy
420,"""use latest ios technology""",Mismatch / Not in Taxonomy
420,"""live activity on lock screen""",Mismatch / Not in Taxonomy
420,"""dynamic island for workout tracking""",Mismatch / Not in Taxonomy
420,"""widgets for quick access""",Mismatch / Not in Taxonomy
420,"""fully featured ipad app""",Mismatch / Not in Taxonomy
420,"""imessage stickers""",Mismatch / Not in Taxonomy
420,"""track advanced measurements with hevy pro""",Mismatch / Not in Taxonomy
420,"""create unlimited custom exercises with hevy pro""",Mismatch / Not in Taxonomy
420,"""get unlimited access to graph history with hevy pro""",Mismatch / Not in Taxonomy
420,"""log workouts offline""",Mismatch / Not in Taxonomy
420,"""use hevy on desktop""]",Mismatch / Not in Taxonomy
421,"[""build good habits""",Mismatch / Not in Taxonomy
421,"""break bad habits""",Mismatch / Not in Taxonomy
421,"""daily",Mismatch / Not in Taxonomy
421,weekly,Mismatch / Not in Taxonomy
421,"and monthly goals""",Mismatch / Not in Taxonomy
421,"""get habit ideas with private",Mismatch / Not in Taxonomy
421,"ondevice apple intelligence""",Mismatch / Not in Taxonomy
421,"""track even overachieved goals""",Mismatch / Not in Taxonomy
421,"""track timebased goals with timers""",Mismatch / Not in Taxonomy
421,"""powerful statistics with heatmaps""",Mismatch / Not in Taxonomy
421,"""habit lists""",Mismatch / Not in Taxonomy
421,"""habit notes""",Mismatch / Not in Taxonomy
421,"""2",Mismatch / Not in Taxonomy
421,500+ icons and emojis,Mismatch / Not in Taxonomy
421,"with support for genmoji and custom stickers""",Mismatch / Not in Taxonomy
421,"""dark mode and appearance customization""",Mismatch / Not in Taxonomy
421,"""apple health integration""",Mismatch / Not in Taxonomy
421,"""reminders",Valid (reminders)
421,app badge,Mismatch / Not in Taxonomy
421,"and apple health notifications""",Valid (reminders)
421,"""interactive widgets for home screen",Mismatch / Not in Taxonomy
421,lock screen,Mismatch / Not in Taxonomy
421,"and standby mode""",Mismatch / Not in Taxonomy
421,"""interactive dynamic island & live activities""",Mismatch / Not in Taxonomy
421,"""control center widgets""",Mismatch / Not in Taxonomy
421,"""apple watch complications and the smart stack widget""",Mismatch / Not in Taxonomy
421,"""export to a csv file""",Mismatch / Not in Taxonomy
421,"""siri shortcuts""",Mismatch / Not in Taxonomy
421,"""icloud backup & sync""",Mismatch / Not in Taxonomy
421,"""available on iphone",Mismatch / Not in Taxonomy
421,ipad,Mismatch / Not in Taxonomy
421,mac,Mismatch / Not in Taxonomy
421,"and apple watch""",Mismatch / Not in Taxonomy
421,"""sync with apple health""",Mismatch / Not in Taxonomy
421,"""browse history""",Mismatch / Not in Taxonomy
421,"""check out your stats""",Mismatch / Not in Taxonomy
421,"""easily update any record in the past""",Mismatch / Not in Taxonomy
421,"""color and icon customization options""]",Mismatch / Not in Taxonomy
422,"[""onetap start/stop time tracking""",Mismatch / Not in Taxonomy
422,"""overview of today's time spending""",Mismatch / Not in Taxonomy
422,"""interactive goal system""",Mismatch / Not in Taxonomy
422,"""complete activity log""",Mismatch / Not in Taxonomy
422,"""customization of activities with unique icons""",Mismatch / Not in Taxonomy
422,"""color coding for activities""",Mismatch / Not in Taxonomy
422,"""ability to keep notes for each task entry""",Mismatch / Not in Taxonomy
422,"""statistics in bar charts and pie charts""",Mismatch / Not in Taxonomy
422,"""group tasks by tags""",Mismatch / Not in Taxonomy
422,"""filter tasks by tag""",Mismatch / Not in Taxonomy
422,"""aggregate data by tag in reporting""",Mismatch / Not in Taxonomy
422,"""activity timer runs in background""",Mismatch / Not in Taxonomy
422,"""set alarms for activities""",Valid (reminders)
422,"""widget for onscreen data""",Mismatch / Not in Taxonomy
422,"""gesture support""",Mismatch / Not in Taxonomy
422,"""full ui customization""",Mismatch / Not in Taxonomy
422,"""data export in pdf and csv formats""",Mismatch / Not in Taxonomy
422,"""sync data between multiple devices""",Mismatch / Not in Taxonomy
422,"""access from mobile",Mismatch / Not in Taxonomy
422,tablet,Mismatch / Not in Taxonomy
422,apple watch,Mismatch / Not in Taxonomy
422,"or computer""",Mismatch / Not in Taxonomy
422,"""twoway calendar sync""",Mismatch / Not in Taxonomy
422,"""dashboard customization in web version""]",Valid (analytics)
423,"[""dark mode""",Mismatch / Not in Taxonomy
423,"""clear visualizations""",Mismatch / Not in Taxonomy
423,"""tailored insights""",Valid (analytics)
423,"""minimalist design""",Mismatch / Not in Taxonomy
423,"""privacyfocused""",Mismatch / Not in Taxonomy
423,"""user data control""]",Mismatch / Not in Taxonomy
424,"[""track habits""",Mismatch / Not in Taxonomy
424,"""track up to 3 habits in free version""",Mismatch / Not in Taxonomy
424,"""track unlimited habits in pro version""",Mismatch / Not in Taxonomy
424,"""view historic data in a calendarlike format""",Mismatch / Not in Taxonomy
424,"""view habitspecific statistics""",Mismatch / Not in Taxonomy
424,"""view current and longest streaks""",Mismatch / Not in Taxonomy
424,"""view completion rate""",Mismatch / Not in Taxonomy
424,"""view count by week",Mismatch / Not in Taxonomy
424,month,Mismatch / Not in Taxonomy
424,"and year""",Mismatch / Not in Taxonomy
424,"""view overall weekly and monthly completions""",Mismatch / Not in Taxonomy
424,"""track daily completions""",Mismatch / Not in Taxonomy
424,"""set weekly goals for habits""",Mismatch / Not in Taxonomy
424,"""configure automatically skipped days for habits""",Mismatch / Not in Taxonomy
424,"""add notes to individual days for habits""",Mismatch / Not in Taxonomy
424,"""customize colors for habits""",Mismatch / Not in Taxonomy
424,"""use lock screen widgets""",Mismatch / Not in Taxonomy
424,"""use daily completions widget""",Mismatch / Not in Taxonomy
424,"""use interactive calendarlike widgets""",Mismatch / Not in Taxonomy
424,"""mark habit as done via shortcuts""",Mismatch / Not in Taxonomy
424,"""set note for habit via shortcuts""",Mismatch / Not in Taxonomy
424,"""archive habits""",Mismatch / Not in Taxonomy
424,"""configure list labels for habit display""",Mismatch / Not in Taxonomy
424,"""set daily reminders""",Valid (reminders)
424,"""set individual reminders for each habit""",Valid (reminders)
424,"""customize notification messages for reminders""",Valid (reminders)
424,"""sync habits via icloud""",Mismatch / Not in Taxonomy
424,"""track habits using apple watch""",Mismatch / Not in Taxonomy
424,"""mark habits directly from apple watch""",Mismatch / Not in Taxonomy
424,"""provide complications for apple watch face""]",Mismatch / Not in Taxonomy
425,"[""habit tracking""",Mismatch / Not in Taxonomy
425,"""pomodoro timer""",Valid (pomodoro)
425,"""journal feature""",Mismatch / Not in Taxonomy
425,"""meditation techniques""]",Mismatch / Not in Taxonomy
426,"[""track habits""",Mismatch / Not in Taxonomy
426,"""tilebased grid charts""",Mismatch / Not in Taxonomy
426,"""customize dashboard""",Valid (analytics)
426,"""add habits with name",Mismatch / Not in Taxonomy
426,description,Mismatch / Not in Taxonomy
426,icon,Mismatch / Not in Taxonomy
426,"and color""",Mismatch / Not in Taxonomy
426,"""display habits on a dashboard""",Valid (analytics)
426,"""manage past completions with a calendar""",Mismatch / Not in Taxonomy
426,"""archive habits""",Mismatch / Not in Taxonomy
426,"""import data from a file""",Mismatch / Not in Taxonomy
426,"""export data to a file""",Mismatch / Not in Taxonomy
426,"""no signin required""",Mismatch / Not in Taxonomy
426,"""data stored locally on the phone""",Mismatch / Not in Taxonomy
426,"""multiple completions per day""",Mismatch / Not in Taxonomy
426,"""set reminders for habits""",Valid (reminders)
426,"""choose between different themes""",Mismatch / Not in Taxonomy
426,"""toggle between dark and light mode""]",Mismatch / Not in Taxonomy
427,"[""track habits""",Mismatch / Not in Taxonomy
427,"""tilebased grid charts""",Mismatch / Not in Taxonomy
427,"""customize dashboard with colors",Valid (analytics)
427,icons,Mismatch / Not in Taxonomy
427,"and descriptions""",Mismatch / Not in Taxonomy
427,"""add habits with name",Mismatch / Not in Taxonomy
427,description,Mismatch / Not in Taxonomy
427,icon,Mismatch / Not in Taxonomy
427,"and color""",Mismatch / Not in Taxonomy
427,"""display habits on a dashboard""",Valid (analytics)
427,"""calendar for managing past completions""",Mismatch / Not in Taxonomy
427,"""archive habits""",Mismatch / Not in Taxonomy
427,"""import data to a file""",Mismatch / Not in Taxonomy
427,"""export data to a file""",Mismatch / Not in Taxonomy
427,"""no signin required""",Mismatch / Not in Taxonomy
427,"""data stored locally on the phone""",Mismatch / Not in Taxonomy
427,"""multiple completions per day""",Mismatch / Not in Taxonomy
427,"""streak tracking""",Mismatch / Not in Taxonomy
427,"""set reminders for habits""",Valid (reminders)
427,"""choose between different themes""",Mismatch / Not in Taxonomy
427,"""toggle between dark and light mode""]",Mismatch / Not in Taxonomy
428,"[""track moods""",Mismatch / Not in Taxonomy
428,"""provide daily motivation quotes""",Mismatch / Not in Taxonomy
428,"""offer productivity tips""",Mismatch / Not in Taxonomy
428,"""recommend habits to work on""",Mismatch / Not in Taxonomy
428,"""celebrate habit completions""",Mismatch / Not in Taxonomy
428,"""customize rabbit appearance""",Mismatch / Not in Taxonomy
428,"""design rabbit's house""",Mismatch / Not in Taxonomy
428,"""view leaderboard""]",Mismatch / Not in Taxonomy
429,"[""guided habit creation""",Mismatch / Not in Taxonomy
429,"""intuitive interface""",Mismatch / Not in Taxonomy
429,"""smart reminders""",Valid (reminders)
429,"""progress insights""",Valid (analytics)
429,"""apple watch app""",Mismatch / Not in Taxonomy
429,"""daily lessons""",Mismatch / Not in Taxonomy
429,"""customizable habit reminders""",Valid (reminders)
429,"""habit tracking""",Mismatch / Not in Taxonomy
429,"""visual progress tracking""",Mismatch / Not in Taxonomy
429,"""milestone celebrations""]",Mismatch / Not in Taxonomy
430,"[""no ads""",Mismatch / Not in Taxonomy
430,"""no subscription""",Mismatch / Not in Taxonomy
430,"""reminders""",Valid (reminders)
430,"""tracking statistics""",Mismatch / Not in Taxonomy
430,"""habit analysis with charts""",Mismatch / Not in Taxonomy
430,"""two types of habits""",Mismatch / Not in Taxonomy
430,"""goal units tracking""",Mismatch / Not in Taxonomy
430,"""detailed statistics""",Mismatch / Not in Taxonomy
430,"""habit reports""",Mismatch / Not in Taxonomy
430,"""repeated reminders""",Valid (reminders)
430,"""habit ideas""]",Mismatch / Not in Taxonomy
431,"[""goal tracking""",Mismatch / Not in Taxonomy
431,"""task completion tracking""",Mismatch / Not in Taxonomy
431,"""percentage success rate""",Mismatch / Not in Taxonomy
431,"""progress reports""",Mismatch / Not in Taxonomy
431,"""graphical data visualization""",Mismatch / Not in Taxonomy
431,"""adfree experience""",Mismatch / Not in Taxonomy
431,"""progress statistics""",Mismatch / Not in Taxonomy
431,"""reminders""",Valid (reminders)
431,"""motivational quotes""",Mismatch / Not in Taxonomy
431,"""unlimited habit tracking (premium feature)""",Mismatch / Not in Taxonomy
431,"""widget for quick access""",Mismatch / Not in Taxonomy
431,"""color customization""",Mismatch / Not in Taxonomy
431,"""extended notifications""",Valid (reminders)
431,"""data backup via icloud""",Mismatch / Not in Taxonomy
431,"""dark mode""]",Mismatch / Not in Taxonomy
432,"[""set specific",Mismatch / Not in Taxonomy
432,"measurable goals""",Mismatch / Not in Taxonomy
432,"""track progress and celebrate milestones""",Mismatch / Not in Taxonomy
432,"""intuitive progress tracking with stats""",Mismatch / Not in Taxonomy
432,"""ai progress analyser coach""",Mismatch / Not in Taxonomy
432,"""robust data privacy with local storage""",Mismatch / Not in Taxonomy
432,"""predefined and custom habits""",Mismatch / Not in Taxonomy
432,"""realtime habit tracking with ios live activities""",Mismatch / Not in Taxonomy
432,"""mood tracker""",Mismatch / Not in Taxonomy
432,"""customizable home and lock screen widgets""",Mismatch / Not in Taxonomy
432,"""apple watch integration""",Mismatch / Not in Taxonomy
432,"""adfree experience""",Mismatch / Not in Taxonomy
432,"""smart scheduling with detailed statistics""",Mismatch / Not in Taxonomy
432,"""csv data export""",Mismatch / Not in Taxonomy
432,"""unlimited habits with premium subscription""",Mismatch / Not in Taxonomy
432,"""multiple reminders per habit""",Valid (reminders)
432,"""passcode lock for data security""",Mismatch / Not in Taxonomy
432,"""optional apple health integration""]",Mismatch / Not in Taxonomy
433,"[""track up to 24 tasks each day""",Mismatch / Not in Taxonomy
433,"""tasks sync across all devices using icloud""",Mismatch / Not in Taxonomy
433,"""share tasks with other streaks users""",Mismatch / Not in Taxonomy
433,"""automatic tracking of tasks linked to the health app""",Mismatch / Not in Taxonomy
433,"""automatic reminders for task completion""",Valid (reminders)
433,"""record daily notes for tasks""",Mismatch / Not in Taxonomy
433,"""create negative tasks to break bad habits""",Mismatch / Not in Taxonomy
433,"""create timed tasks""",Mismatch / Not in Taxonomy
433,"""highly customizable habit tracker""",Mismatch / Not in Taxonomy
433,"""widgets for phone's home screen""",Mismatch / Not in Taxonomy
433,"""78 different color themes""",Mismatch / Not in Taxonomy
433,"""over 600 task icons""",Mismatch / Not in Taxonomy
433,"""set task frequency or repetition""",Mismatch / Not in Taxonomy
433,"""apple watch app support""",Mismatch / Not in Taxonomy
433,"""health app integration""",Mismatch / Not in Taxonomy
433,"""support for siri shortcuts""",Mismatch / Not in Taxonomy
433,"""today widget for quick task access""",Mismatch / Not in Taxonomy
433,"""view current and best streak statistics""",Mismatch / Not in Taxonomy
433,"""available in multiple languages""",Mismatch / Not in Taxonomy
433,"""set specific days for task completion""",Mismatch / Not in Taxonomy
433,"""view task statistics and track results""]",Mismatch / Not in Taxonomy
434,"[""60 repetitions tracking""",Mismatch / Not in Taxonomy
434,"""daily guidance for habit building""",Mismatch / Not in Taxonomy
434,"""no guilt for missed days""",Mismatch / Not in Taxonomy
434,"""home screen widgets""",Mismatch / Not in Taxonomy
434,"""customizable skins""",Mismatch / Not in Taxonomy
434,"""artist collaborations for skins""",Mismatch / Not in Taxonomy
434,"""simple swipes and taps interface""",Mismatch / Not in Taxonomy
434,"""single tap actions for widgets""",Mismatch / Not in Taxonomy
434,"""no ads or data tracking""]",Mismatch / Not in Taxonomy
435,"[""create and organize daily routines""",Valid (habit_tracking)
435,"""visualize habits in circles""",Mismatch / Not in Taxonomy
435,"""customize habit colors and icons""",Mismatch / Not in Taxonomy
435,"""schedule individual notifications for each habit""",Valid (reminders)
435,"""track progress with a statistics screen""",Mismatch / Not in Taxonomy
435,"""use a water bottle metaphor for progress tracking""",Mismatch / Not in Taxonomy
435,"""time travel feature to mark completed habits from the previous day""",Mismatch / Not in Taxonomy
435,"""grow a virtual plant by completing habits""",Mismatch / Not in Taxonomy
435,"""access a collection of short lessons about habits""",Mismatch / Not in Taxonomy
435,"""unlimited access to lessons with a free account""",Mismatch / Not in Taxonomy
435,"""support for up to 3 habits in the free version""",Mismatch / Not in Taxonomy
435,"""subscription for more custom habit colors and unlimited habits""]",Mismatch / Not in Taxonomy
436,"[""track progress on calendars and widgets""",Mismatch / Not in Taxonomy
436,"""display progress on monthly and yearly calendars""",Mismatch / Not in Taxonomy
436,"""show current and longest streak for each habit""",Mismatch / Not in Taxonomy
436,"""provide yearly and alltime completion rates""",Mismatch / Not in Taxonomy
436,"""visualize progress on a yearly calendar""",Mismatch / Not in Taxonomy
436,"""generate reports for each habit""",Mismatch / Not in Taxonomy
436,"""offer a variety of widgets (weekly calendar",Mismatch / Not in Taxonomy
436,monthly calendar,Mismatch / Not in Taxonomy
436,"etc.)""",Mismatch / Not in Taxonomy
436,"""share habits with friends and family via calendar images""",Mismatch / Not in Taxonomy
436,"""track daily goals""",Mismatch / Not in Taxonomy
436,"""export data to various platforms (files",Mismatch / Not in Taxonomy
436,dropbox,Mismatch / Not in Taxonomy
436,google drive,Mismatch / Not in Taxonomy
436,"etc.)""",Mismatch / Not in Taxonomy
436,"""access most features for free""",Mismatch / Not in Taxonomy
436,"""optional premium plan for advanced features""",Mismatch / Not in Taxonomy
436,"""data privacy with no external server storage""]",Mismatch / Not in Taxonomy
437,"[""personal habit coach""",Mismatch / Not in Taxonomy
437,"""smart habit tracker""",Mismatch / Not in Taxonomy
437,"""daily tasks""",Mismatch / Not in Taxonomy
437,"""success plan""",Mismatch / Not in Taxonomy
437,"""bitesized tasks""",Mismatch / Not in Taxonomy
437,"""visual statistics""",Mismatch / Not in Taxonomy
437,"""user comparisons""",Mismatch / Not in Taxonomy
437,"""reminders""",Valid (reminders)
437,"""journaling tools""",Mismatch / Not in Taxonomy
437,"""selfreflection tools""",Mismatch / Not in Taxonomy
437,"""notes tracker""",Mismatch / Not in Taxonomy
437,"""progress tracker""",Mismatch / Not in Taxonomy
437,"""variety of habits""",Mismatch / Not in Taxonomy
437,"""challenges""",Mismatch / Not in Taxonomy
437,"""fitness habits""",Mismatch / Not in Taxonomy
437,"""yoga habits""",Mismatch / Not in Taxonomy
437,"""meditation habits""",Mismatch / Not in Taxonomy
437,"""reading habits""",Mismatch / Not in Taxonomy
437,"""sleep improvement habits""",Mismatch / Not in Taxonomy
437,"""new habits and challenges""]",Mismatch / Not in Taxonomy
438,"[""track multiple habits""",Mismatch / Not in Taxonomy
438,"""track repeated todos or goals""",Mismatch / Not in Taxonomy
438,"""streak counter for each habit""",Mismatch / Not in Taxonomy
438,"""percentage successful for each habit""",Mismatch / Not in Taxonomy
438,"""yes/no or number goals""",Mismatch / Not in Taxonomy
438,"""flexible goal settings (daily/weekly/monthly)""",Mismatch / Not in Taxonomy
438,"""inspiring quotes per category""",Mismatch / Not in Taxonomy
438,"""graphs with success percentage and entered values""",Mismatch / Not in Taxonomy
438,"""powerful reminders (multiple times per day)""",Valid (reminders)
438,"""sound and vibrate options for reminders""",Valid (reminders)
438,"""multidevice syncing""",Mismatch / Not in Taxonomy
438,"""cloud backup""",Mismatch / Not in Taxonomy
438,"""discussion forums""",Mismatch / Not in Taxonomy
438,"""pin lock feature""]",Mismatch / Not in Taxonomy
439,"[""create an avatar""",Mismatch / Not in Taxonomy
439,"""add tasks",Mismatch / Not in Taxonomy
439,chores,Mismatch / Not in Taxonomy
439,"or goals""",Mismatch / Not in Taxonomy
439,"""check off completed tasks""",Mismatch / Not in Taxonomy
439,"""receive ingame rewards (gold",Mismatch / Not in Taxonomy
439,experience,Mismatch / Not in Taxonomy
439,"items)""",Mismatch / Not in Taxonomy
439,"""automatically repeating tasks""",Mismatch / Not in Taxonomy
439,"""flexible habit tracker""",Mismatch / Not in Taxonomy
439,"""traditional todo list""",Mismatch / Not in Taxonomy
439,"""color coded tasks""",Mismatch / Not in Taxonomy
439,"""streak counters""",Mismatch / Not in Taxonomy
439,"""leveling system""",Mismatch / Not in Taxonomy
439,"""collectable gear and pets""",Mismatch / Not in Taxonomy
439,"""inclusive avatar customizations""",Mismatch / Not in Taxonomy
439,"""regular content releases""",Mismatch / Not in Taxonomy
439,"""seasonal events""",Mismatch / Not in Taxonomy
439,"""parties for team accountability""",Mismatch / Not in Taxonomy
439,"""challenges with shared task lists""",Mismatch / Not in Taxonomy
439,"""guilds for community connection""",Mismatch / Not in Taxonomy
439,"""reminders""",Valid (reminders)
439,"""widgets""",Mismatch / Not in Taxonomy
439,"""customizable color themes""",Mismatch / Not in Taxonomy
439,"""dark and light mode""",Mismatch / Not in Taxonomy
439,"""syncing across devices""",Mismatch / Not in Taxonomy
439,"""opensource contributions""",Mismatch / Not in Taxonomy
439,"""inapp purchases and subscriptions""",Mismatch / Not in Taxonomy
439,"""subscription management""",Mismatch / Not in Taxonomy
439,"""mobile apps for task tracking""",Mismatch / Not in Taxonomy
439,"""web interface for task management""",Mismatch / Not in Taxonomy
439,"""earn ingame rewards for goals""",Mismatch / Not in Taxonomy
439,"""battle monsters with friends""]",Mismatch / Not in Taxonomy
440,"[""easy habit tracking""",Mismatch / Not in Taxonomy
440,"""smart notifications""",Valid (reminders)
440,"""widgets""",Mismatch / Not in Taxonomy
440,"""dark & light themes""",Mismatch / Not in Taxonomy
440,"""minimal design""",Mismatch / Not in Taxonomy
440,"""privacyfocused""",Mismatch / Not in Taxonomy
440,"""streaks""]",Mismatch / Not in Taxonomy
441,"[""habit tracking""",Mismatch / Not in Taxonomy
441,"""reminders for habits""",Valid (reminders)
441,"""customizable habits""",Mismatch / Not in Taxonomy
441,"""apple watch support""",Mismatch / Not in Taxonomy
441,"""sessions screen for habits""",Mismatch / Not in Taxonomy
441,"""statistics tracking""",Mismatch / Not in Taxonomy
441,"""more than 50 predefined habits""",Mismatch / Not in Taxonomy
441,"""create custom habits""",Mismatch / Not in Taxonomy
441,"""track hydration""",Mismatch / Not in Taxonomy
441,"""track exercise""",Mismatch / Not in Taxonomy
441,"""track sleep""",Mismatch / Not in Taxonomy
441,"""track steps""",Mismatch / Not in Taxonomy
441,"""track healthy eating""",Mismatch / Not in Taxonomy
441,"""track mindfulness/breathing exercises""",Mismatch / Not in Taxonomy
441,"""track stretching""",Mismatch / Not in Taxonomy
441,"""track standing frequency""",Mismatch / Not in Taxonomy
441,"""track squats""]",Mismatch / Not in Taxonomy
442,"[""easy habit tracking""",Mismatch / Not in Taxonomy
442,"""personalized builder""",Mismatch / Not in Taxonomy
442,"""visual progress""",Mismatch / Not in Taxonomy
442,"""reminders & notifications""",Valid (reminders)
442,"""build better routines""]",Mismatch / Not in Taxonomy
443,"[""private journal""",Mismatch / Not in Taxonomy
443,"""mood diary""",Mismatch / Not in Taxonomy
443,"""happiness tracker""",Mismatch / Not in Taxonomy
443,"""fitness goal tracking""",Mismatch / Not in Taxonomy
443,"""mental health coaching""",Mismatch / Not in Taxonomy
443,"""food logging""",Mismatch / Not in Taxonomy
443,"""gratitude diary""",Mismatch / Not in Taxonomy
443,"""mood tracking""",Mismatch / Not in Taxonomy
443,"""activity tracking""",Mismatch / Not in Taxonomy
443,"""statistics and charts""",Mismatch / Not in Taxonomy
443,"""calendar view""",Mismatch / Not in Taxonomy
443,"""daily",Mismatch / Not in Taxonomy
443,weekly,Mismatch / Not in Taxonomy
443,"or monthly goals""",Mismatch / Not in Taxonomy
443,"""habit building""",Mismatch / Not in Taxonomy
443,"""achievements collection""",Mismatch / Not in Taxonomy
443,"""customizable color themes""",Mismatch / Not in Taxonomy
443,"""dark mode""",Mismatch / Not in Taxonomy
443,"""year in pixels visualization""",Mismatch / Not in Taxonomy
443,"""reminders""",Valid (reminders)
443,"""pin lock for privacy""",Mismatch / Not in Taxonomy
443,"""backup and restore entries""",Mismatch / Not in Taxonomy
443,"""export to pdf and csv""",Mismatch / Not in Taxonomy
443,"""custom mood emojis""",Mismatch / Not in Taxonomy
443,"""custom activity icons""",Mismatch / Not in Taxonomy
443,"""notes and writing templates""",Mismatch / Not in Taxonomy
443,"""voice memos""",Mismatch / Not in Taxonomy
443,"""search functionality""",Mismatch / Not in Taxonomy
443,"""data stored locally""",Mismatch / Not in Taxonomy
443,"""secure cloud backup options""]",Mismatch / Not in Taxonomy
444,"[""one tap check""",Mismatch / Not in Taxonomy
444,"""over 1000 emojis""",Mismatch / Not in Taxonomy
444,"""custom colors""",Mismatch / Not in Taxonomy
444,"""progress reports""",Mismatch / Not in Taxonomy
444,"""notes & reflection""",Mismatch / Not in Taxonomy
444,"""history tracking""",Mismatch / Not in Taxonomy
444,"""dark mode""",Mismatch / Not in Taxonomy
444,"""automatic backup""",Mismatch / Not in Taxonomy
444,"""lock""",Mismatch / Not in Taxonomy
444,"""biometric authentication""",Mismatch / Not in Taxonomy
444,"""csv export""",Mismatch / Not in Taxonomy
444,"""multiple checks""",Mismatch / Not in Taxonomy
444,"""archive function""",Mismatch / Not in Taxonomy
444,"""notifications""",Valid (reminders)
444,"""unlimited tabs""]",Mismatch / Not in Taxonomy
445,"[""personal habit tracker""",Mismatch / Not in Taxonomy
445,"""track multiple habits and activities""",Mismatch / Not in Taxonomy
445,"""motivating photo covers""",Mismatch / Not in Taxonomy
445,"""customizable dashboard""",Valid (analytics)
445,"""apple health charts""",Mismatch / Not in Taxonomy
445,"""custom charts""",Mismatch / Not in Taxonomy
445,"""customer counters""",Mismatch / Not in Taxonomy
445,"""todo lists""",Mismatch / Not in Taxonomy
445,"""journal""",Mismatch / Not in Taxonomy
445,"""streak calendar""",Mismatch / Not in Taxonomy
445,"""photo galleries""",Mismatch / Not in Taxonomy
445,"""insightful statistics and trends""",Valid (analytics)
445,"""automatic backups""",Mismatch / Not in Taxonomy
445,"""privacy protection with touch id or face id""",Mismatch / Not in Taxonomy
445,"""4digit passcode lock""",Mismatch / Not in Taxonomy
445,"""apple watch app""",Mismatch / Not in Taxonomy
445,"""rich notifications""",Valid (reminders)
445,"""today widget""",Mismatch / Not in Taxonomy
445,"""custom photo covers""",Mismatch / Not in Taxonomy
445,"""add unlimited cards per habit""",Mismatch / Not in Taxonomy
445,"""access to premium cards""",Mismatch / Not in Taxonomy
445,"""track unlimited habits""]",Mismatch / Not in Taxonomy
446,"[""block 2 million + adult websites""",Mismatch / Not in Taxonomy
446,"""block custom domains and keywords""",Mismatch / Not in Taxonomy
446,"""block images/videos (optional)""",Mismatch / Not in Taxonomy
446,"""pin protect purity settings""",Mismatch / Not in Taxonomy
446,"""accountability alerts for suspicious site visits""",Mismatch / Not in Taxonomy
446,"""safe search enforced""",Mismatch / Not in Taxonomy
446,"""lock other browsers/apps""",Mismatch / Not in Taxonomy
446,"""recover from visual overstimulation""",Mismatch / Not in Taxonomy
446,"""browse textonly""",Mismatch / Not in Taxonomy
446,"""block sites by keywords""",Mismatch / Not in Taxonomy
446,"""account creation and login across devices""",Mismatch / Not in Taxonomy
446,"""automatic payment renewal""]",Mismatch / Not in Taxonomy
447,"[""block apps""",Mismatch / Not in Taxonomy
447,"""block websites""",Mismatch / Not in Taxonomy
447,"""pause blocking""",Mismatch / Not in Taxonomy
447,"""set app timer""",Mismatch / Not in Taxonomy
447,"""schedule blocking""",Mismatch / Not in Taxonomy
447,"""set time limits""",Mismatch / Not in Taxonomy
447,"""prevent unblocking""",Mismatch / Not in Taxonomy
447,"""set a passcode""",Mismatch / Not in Taxonomy
447,"""limit unblocking to a set number of times per day""",Mismatch / Not in Taxonomy
447,"""use nfc tag for unblocking""",Mismatch / Not in Taxonomy
447,"""wait duration before unblocking""",Mismatch / Not in Taxonomy
447,"""copy text challenge for unblocking""",Mismatch / Not in Taxonomy
447,"""utilize pomodoro technique""",Valid (pomodoro)
447,"""view daily screen time analytics""",Valid (analytics)
447,"""view weekly screen time analytics""",Valid (analytics)
447,"""view monthly screen time analytics""]",Valid (analytics)
448,"[""website blocker""",Valid (blocking)
448,"""app blocking""",Mismatch / Not in Taxonomy
448,"""block list""",Mismatch / Not in Taxonomy
448,"""schedule mode""",Mismatch / Not in Taxonomy
448,"""usage limit""",Mismatch / Not in Taxonomy
448,"""block by keyword""",Mismatch / Not in Taxonomy
448,"""unlimited category blocking""",Mismatch / Not in Taxonomy
448,"""password protection""",Mismatch / Not in Taxonomy
448,"""category blocking""",Mismatch / Not in Taxonomy
448,"""focus mode""",Valid (focus_mode)
448,"""insights""",Valid (analytics)
448,"""sync on multiple platforms""",Mismatch / Not in Taxonomy
448,"""site redirect""",Mismatch / Not in Taxonomy
448,"""custom block page""",Mismatch / Not in Taxonomy
448,"""uninstall prevention""",Mismatch / Not in Taxonomy
448,"""slack integration""]",Mismatch / Not in Taxonomy
449,"[""prohibit access to specified urls from safari""",Mismatch / Not in Taxonomy
449,"""schedule site blocking for specific times""",Mismatch / Not in Taxonomy
449,"""block all sites during designated hours""]",Mismatch / Not in Taxonomy
450,"[""block apps""",Mismatch / Not in Taxonomy
450,"""block websites""",Mismatch / Not in Taxonomy
450,"""block social media""",Mismatch / Not in Taxonomy
450,"""block specific sites or phrases in safari""",Mismatch / Not in Taxonomy
450,"""monitor app usage""",Mismatch / Not in Taxonomy
450,"""limit app usage""",Mismatch / Not in Taxonomy
450,"""customizable blocking schedules""",Mismatch / Not in Taxonomy
450,"""activate blocking based on time""",Mismatch / Not in Taxonomy
450,"""activate blocking based on location""",Mismatch / Not in Taxonomy
450,"""activate blocking based on wifi networks""",Mismatch / Not in Taxonomy
450,"""advanced insights""",Valid (analytics)
450,"""mark apps as productive",Mismatch / Not in Taxonomy
450,neutral,Mismatch / Not in Taxonomy
450,"or distracting""",Mismatch / Not in Taxonomy
450,"""app open limits""",Mismatch / Not in Taxonomy
450,"""strict mode""",Mismatch / Not in Taxonomy
450,"""allowlist""",Mismatch / Not in Taxonomy
450,"""quick block""",Mismatch / Not in Taxonomy
450,"""browser extensions for desktop""",Mismatch / Not in Taxonomy
450,"""adult content blocking""",Mismatch / Not in Taxonomy
450,"""schedule blocking automatically""]",Mismatch / Not in Taxonomy
451,"[""100day evidencebased education program""",Mismatch / Not in Taxonomy
451,"""progress tracking""",Mismatch / Not in Taxonomy
451,"""supportive community""",Mismatch / Not in Taxonomy
451,"""meditations""",Mismatch / Not in Taxonomy
451,"""games""",Mismatch / Not in Taxonomy
451,"""daily exercises""",Mismatch / Not in Taxonomy
451,"""realtime tracking of positive changes""",Mismatch / Not in Taxonomy
451,"""personal life tree""",Mismatch / Not in Taxonomy
451,"""porn blocker and filter""",Mismatch / Not in Taxonomy
451,"""temptation control with machine learning""",Mismatch / Not in Taxonomy
451,"""daily recovery journal""",Mismatch / Not in Taxonomy
451,"""personal and team challenges""",Mismatch / Not in Taxonomy
451,"""granular statistics tracking""]",Mismatch / Not in Taxonomy
452,"[""blocks websites containing userdefined blocked keywords""",Mismatch / Not in Taxonomy
452,"""customizable list of blocked keywords""",Mismatch / Not in Taxonomy
452,"""popup confirmation for accessing blocked websites""",Mismatch / Not in Taxonomy
452,"""pin code protection for blocking settings""]",Mismatch / Not in Taxonomy
453,"[""accountability partner""",Mismatch / Not in Taxonomy
453,"""community engagement""",Mismatch / Not in Taxonomy
453,"""website blocker""",Valid (blocking)
453,"""curated content""",Mismatch / Not in Taxonomy
453,"""panic switch""",Mismatch / Not in Taxonomy
453,"""daily reports""",Mismatch / Not in Taxonomy
453,"""uninstall and vpn notification""",Valid (reminders)
453,"""subscription management""",Mismatch / Not in Taxonomy
453,"""block specific websites""",Mismatch / Not in Taxonomy
453,"""custom block list""",Mismatch / Not in Taxonomy
453,"""keyword restrictions""",Mismatch / Not in Taxonomy
453,"""safe search enforcement""",Mismatch / Not in Taxonomy
453,"""my stats""",Mismatch / Not in Taxonomy
453,"""whitelist option""",Mismatch / Not in Taxonomy
453,"""image blocking""",Mismatch / Not in Taxonomy
453,"""incognito mode compatibility""",Mismatch / Not in Taxonomy
453,"""personalized recovery plan""",Mismatch / Not in Taxonomy
453,"""customized tools""",Mismatch / Not in Taxonomy
453,"""resource access""",Mismatch / Not in Taxonomy
453,"""browser extension for chrome""",Mismatch / Not in Taxonomy
453,"""mobile app for android""",Mismatch / Not in Taxonomy
453,"""mobile app for ios""",Mismatch / Not in Taxonomy
453,"""devicelevel blockers""]",Mismatch / Not in Taxonomy
454,"[""screen accountability™""",Mismatch / Not in Taxonomy
454,"""explicit domain reporting""",Mismatch / Not in Taxonomy
454,"""porn blocking""",Mismatch / Not in Taxonomy
454,"""block and allow list customization""",Mismatch / Not in Taxonomy
454,"""youtube restricted mode enforcement""",Mismatch / Not in Taxonomy
454,"""devicewide google and bing safesearch enforcement""",Mismatch / Not in Taxonomy
454,"""activity feed and checkins""",Mismatch / Not in Taxonomy
454,"""device usage tracking""",Mismatch / Not in Taxonomy
454,"""accountability prompts""",Mismatch / Not in Taxonomy
454,"""counselorreviewed minicourses""",Mismatch / Not in Taxonomy
454,"""community connection feature""",Mismatch / Not in Taxonomy
454,"""support for unlimited devices for up to 10 family members""",Mismatch / Not in Taxonomy
454,"""email",Mismatch / Not in Taxonomy
454,chat,Mismatch / Not in Taxonomy
454,"and phone support""]",Mismatch / Not in Taxonomy
455,"[""delay before opening your app""",Mismatch / Not in Taxonomy
455,"""interrupt your scrolling""",Mismatch / Not in Taxonomy
455,"""set an app goal and block when limit is reached""",Mismatch / Not in Taxonomy
455,"""configurable settings for different days and times by app""",Mismatch / Not in Taxonomy
455,"""prompt messages before opening an app""",Mismatch / Not in Taxonomy
455,"""view screen time for specific distracting apps""",Mismatch / Not in Taxonomy
455,"""strictly block apps for time ranges or usage limits""",Mismatch / Not in Taxonomy
455,"""hide strictly blocked apps from the home screen""",Mismatch / Not in Taxonomy
455,"""lock settings to prevent changes when trying to open an app""",Mismatch / Not in Taxonomy
455,"""breathing and other activities to reduce app usage""",Mismatch / Not in Taxonomy
455,"""track streaks to encourage adherence to limits""]",Mismatch / Not in Taxonomy
456,"[""block ads""",Mismatch / Not in Taxonomy
456,"""preserve privacy""",Mismatch / Not in Taxonomy
456,"""speed up browsing""",Mismatch / Not in Taxonomy
456,"""save battery""",Mismatch / Not in Taxonomy
456,"""eliminate annoyances""",Mismatch / Not in Taxonomy
456,"""icloud sync""",Mismatch / Not in Taxonomy
456,"""family sharing""",Mismatch / Not in Taxonomy
456,"""https only mode""",Mismatch / Not in Taxonomy
456,"""quick access""",Mismatch / Not in Taxonomy
456,"""custom blocking""",Mismatch / Not in Taxonomy
456,"""pictureinpicture""",Mismatch / Not in Taxonomy
456,"""block miners""",Mismatch / Not in Taxonomy
456,"""blocking scripts""",Mismatch / Not in Taxonomy
456,"""block adult content""",Mismatch / Not in Taxonomy
456,"""frequent updates""",Mismatch / Not in Taxonomy
456,"""helpful support""",Mismatch / Not in Taxonomy
456,"""localized""",Mismatch / Not in Taxonomy
456,"""report ads""",Mismatch / Not in Taxonomy
456,"""adblocking filters""",Mismatch / Not in Taxonomy
456,"""background filter updates""",Mismatch / Not in Taxonomy
456,"""enhanced regional blocking""",Mismatch / Not in Taxonomy
456,"""parental controls""",Valid (parental_control)
456,"""multiple blocking categories""",Mismatch / Not in Taxonomy
456,"""bypass antiadblock""",Mismatch / Not in Taxonomy
456,"""stop tracking scripts""",Mismatch / Not in Taxonomy
456,"""safe browsing""",Mismatch / Not in Taxonomy
456,"""hide cookie prompts""",Mismatch / Not in Taxonomy
456,"""hide article comments""",Mismatch / Not in Taxonomy
456,"""block social buttons""",Mismatch / Not in Taxonomy
456,"""block custom webfonts""",Mismatch / Not in Taxonomy
456,"""force https""]",Mismatch / Not in Taxonomy
457,"[""block distractions""",Mismatch / Not in Taxonomy
457,"""manage screen time""",Mismatch / Not in Taxonomy
457,"""set appwise daily limits""",Mismatch / Not in Taxonomy
457,"""block adult content""",Mismatch / Not in Taxonomy
457,"""customize block list""",Mismatch / Not in Taxonomy
457,"""whitelist option""",Mismatch / Not in Taxonomy
457,"""image blocking""",Mismatch / Not in Taxonomy
457,"""incognito mode compatibility""",Mismatch / Not in Taxonomy
457,"""access to community""",Mismatch / Not in Taxonomy
457,"""accountability partner feature""",Mismatch / Not in Taxonomy
457,"""alert systems for inappropriate activities""",Mismatch / Not in Taxonomy
457,"""resource access including articles and video courses""",Mismatch / Not in Taxonomy
457,"""browser extension for chrome""",Mismatch / Not in Taxonomy
457,"""mobile app for android""",Mismatch / Not in Taxonomy
457,"""mobile app for ios""",Mismatch / Not in Taxonomy
457,"""devicelevel blocking""]",Mismatch / Not in Taxonomy
458,"[""block ads""",Mismatch / Not in Taxonomy
458,"""block trackers""",Mismatch / Not in Taxonomy
458,"""block annoying elements""",Mismatch / Not in Taxonomy
458,"""create custom rules using regular expressions""",Mismatch / Not in Taxonomy
458,"""hide elements using css""",Mismatch / Not in Taxonomy
458,"""block cookies""",Mismatch / Not in Taxonomy
458,"""whitelist sites""",Mismatch / Not in Taxonomy
458,"""whitelist synchronization via icloud""",Mismatch / Not in Taxonomy
458,"""block adult content""",Mismatch / Not in Taxonomy
458,"""track blocking statistics""",Mismatch / Not in Taxonomy
458,"""receive cloud updates for filters""",Mismatch / Not in Taxonomy
458,"""fast content blocking""",Mismatch / Not in Taxonomy
458,"""native app integration with safari""",Mismatch / Not in Taxonomy
458,"""support for iphone",Mismatch / Not in Taxonomy
458,ipad,Mismatch / Not in Taxonomy
458,mac,Mismatch / Not in Taxonomy
458,"and apple vision pro""",Mismatch / Not in Taxonomy
458,"""universal purchase support""",Mismatch / Not in Taxonomy
458,"""family sharing support""",Mismatch / Not in Taxonomy
458,"""safari button extension for control""",Mismatch / Not in Taxonomy
458,"""allow list for supporting specific sites""]",Mismatch / Not in Taxonomy
459,"[""brave leo: ai assistant""",Mismatch / Not in Taxonomy
459,"""vpn + firewall""",Mismatch / Not in Taxonomy
459,"""password autofill""",Mismatch / Not in Taxonomy
459,"""brave wallet""",Mismatch / Not in Taxonomy
459,"""brave search""",Mismatch / Not in Taxonomy
459,"""brave playlist""",Mismatch / Not in Taxonomy
459,"""night mode""",Mismatch / Not in Taxonomy
459,"""voice search""",Mismatch / Not in Taxonomy
459,"""brave news widget""",Mismatch / Not in Taxonomy
459,"""builtin 3rd party adblock""",Mismatch / Not in Taxonomy
459,"""popup blocker""",Mismatch / Not in Taxonomy
459,"""tracking protection""",Mismatch / Not in Taxonomy
459,"""https everywhere""",Mismatch / Not in Taxonomy
459,"""script blocking""",Mismatch / Not in Taxonomy
459,"""browsing history""",Mismatch / Not in Taxonomy
459,"""private and recent tabs""",Mismatch / Not in Taxonomy
459,"""blocks cookie consent notifications""",Valid (reminders)
459,"""import/export bookmarks""",Mismatch / Not in Taxonomy
459,"""global privacy control""",Mismatch / Not in Taxonomy
459,"""supports multiple languages""",Mismatch / Not in Taxonomy
459,"""ad blocking on video sites""",Mismatch / Not in Taxonomy
459,"""fast page loading""",Mismatch / Not in Taxonomy
459,"""battery and data optimization""",Mismatch / Not in Taxonomy
459,"""opensource""",Mismatch / Not in Taxonomy
459,"""subscription management""",Mismatch / Not in Taxonomy
459,"""multichain crypto support""]",Mismatch / Not in Taxonomy
460,"[""eliminate up to 99% of spam calls""",Mismatch / Not in Taxonomy
460,"""global database of 1.4 billion analyzed calls""",Mismatch / Not in Taxonomy
460,"""patented audio fingerprinting technology""",Mismatch / Not in Taxonomy
460,"""aipowered audio fingerprinting for call blocking""",Mismatch / Not in Taxonomy
460,"""continuous updates to spam database""",Mismatch / Not in Taxonomy
460,"""personal data protection feature""",Mismatch / Not in Taxonomy
460,"""ongoing monitoring for private info exposure""",Mismatch / Not in Taxonomy
460,"""answer bots for robocall revenge""",Mismatch / Not in Taxonomy
460,"""spam text blocking""",Mismatch / Not in Taxonomy
460,"""anonymized sms blocking algorithm""",Mismatch / Not in Taxonomy
460,"""custom block list""",Mismatch / Not in Taxonomy
460,"""pause spam blocking""",Mismatch / Not in Taxonomy
460,"""report spammers directly from the app""",Mismatch / Not in Taxonomy
460,"""track emerging scam trends""",Valid (analytics)
460,"""robokiller radar feature""",Mismatch / Not in Taxonomy
460,"""listen to recorded messages from answer bots""",Mismatch / Not in Taxonomy
460,"""roboradio feature""",Mismatch / Not in Taxonomy
460,"""spam call and text research""]",Mismatch / Not in Taxonomy
461,"[""porn blocker""",Mismatch / Not in Taxonomy
461,"""accountability partner""",Mismatch / Not in Taxonomy
461,"""community support""",Mismatch / Not in Taxonomy
461,"""website blocker""",Valid (blocking)
461,"""curated content""",Mismatch / Not in Taxonomy
461,"""panic switch""",Mismatch / Not in Taxonomy
461,"""uninstall notification""",Valid (reminders)
461,"""daily report""",Mismatch / Not in Taxonomy
461,"""vpn notification""",Valid (reminders)
461,"""streak counter""",Mismatch / Not in Taxonomy
461,"""device permissions""]",Mismatch / Not in Taxonomy
462,"[""porn blocker extension""",Mismatch / Not in Taxonomy
462,"""home screen widgets""",Mismatch / Not in Taxonomy
462,"""lock screen widgets""",Mismatch / Not in Taxonomy
462,"""private no nut community""",Mismatch / Not in Taxonomy
462,"""panic button""",Mismatch / Not in Taxonomy
462,"""daily motivational reminder notifications""",Valid (reminders)
462,"""live timer for your streaks""",Mismatch / Not in Taxonomy
462,"""goal tracking""",Mismatch / Not in Taxonomy
462,"""daily reports""",Mismatch / Not in Taxonomy
462,"""private support from mentors""",Mismatch / Not in Taxonomy
462,"""detailed statistics""",Mismatch / Not in Taxonomy
462,"""weekly and monthly challenges""",Mismatch / Not in Taxonomy
462,"""progress tracking""",Mismatch / Not in Taxonomy
462,"""breathing exercises""",Mismatch / Not in Taxonomy
462,"""scientific recovery tracking""",Mismatch / Not in Taxonomy
462,"""badge and level system""",Mismatch / Not in Taxonomy
462,"""curated video content""",Mismatch / Not in Taxonomy
462,"""apple watch support""]",Mismatch / Not in Taxonomy
463,"[""blocks ads""",Mismatch / Not in Taxonomy
463,"""blocks trackers""",Mismatch / Not in Taxonomy
463,"""blocks cryptocurrency miners""",Mismatch / Not in Taxonomy
463,"""blocks eu cookie notices""",Mismatch / Not in Taxonomy
463,"""blocks gdpr notices""",Mismatch / Not in Taxonomy
463,"""works in safari""",Mismatch / Not in Taxonomy
463,"""works in apps that use safari""",Mismatch / Not in Taxonomy
463,"""faster web page loading""",Mismatch / Not in Taxonomy
463,"""saves data""",Mismatch / Not in Taxonomy
463,"""saves battery""",Mismatch / Not in Taxonomy
463,"""prevents trackers from invading privacy""",Mismatch / Not in Taxonomy
463,"""uses content blocking extensions""",Mismatch / Not in Taxonomy
463,"""updates blocklist twice a week""",Mismatch / Not in Taxonomy
463,"""no paid unblocking of ads""",Mismatch / Not in Taxonomy
463,"""no acceptable ads""",Mismatch / Not in Taxonomy
463,"""enhanced blocklist for multiple languages""",Mismatch / Not in Taxonomy
463,"""automatic background updates""",Mismatch / Not in Taxonomy
463,"""no configuration required""]",Mismatch / Not in Taxonomy
464,"[""block ads on ios devices""",Mismatch / Not in Taxonomy
464,"""block popups",Mismatch / Not in Taxonomy
464,banners,Mismatch / Not in Taxonomy
464,"and video ads""",Mismatch / Not in Taxonomy
464,"""local dns proxy service""",Mismatch / Not in Taxonomy
464,"""create and assign custom dns rules""",Mismatch / Not in Taxonomy
464,"""export and import dns proxy rules""",Mismatch / Not in Taxonomy
464,"""safari content blocker""",Mismatch / Not in Taxonomy
464,"""create and synchronize custom domain lists using icloud""",Mismatch / Not in Taxonomy
464,"""block mobile trackers""",Mismatch / Not in Taxonomy
464,"""direct internet traffic without remote servers""",Mismatch / Not in Taxonomy
464,"""automatic updates of ad server database""",Mismatch / Not in Taxonomy
464,"""works with wifi and cellular networks""",Mismatch / Not in Taxonomy
464,"""handy widget for dns proxy status""",Mismatch / Not in Taxonomy
464,"""support contact directly from the app""",Mismatch / Not in Taxonomy
464,"""compatible with 64bit devices running ios 12 or newer""",Mismatch / Not in Taxonomy
464,"""seamless operation with addisplaying apps""",Mismatch / Not in Taxonomy
464,"""import hosts file for domain names""",Mismatch / Not in Taxonomy
464,"""automatic synchronization with icloud on app run""",Mismatch / Not in Taxonomy
464,"""works with safari and other browsers""]",Mismatch / Not in Taxonomy
465,"[""blocks cookie banners""",Mismatch / Not in Taxonomy
465,"""blocks popups""",Mismatch / Not in Taxonomy
465,"""blocks social media buttons""",Mismatch / Not in Taxonomy
465,"""blocks app banners""",Mismatch / Not in Taxonomy
465,"""blocks widgets""",Mismatch / Not in Taxonomy
465,"""blocks irritating elements""",Mismatch / Not in Taxonomy
465,"""downloads configuration for blocking""",Mismatch / Not in Taxonomy
465,"""retrieves uptodate filter lists""]",Mismatch / Not in Taxonomy
466,"[""passcode protection""",Mismatch / Not in Taxonomy
466,"""blocks explicit images and websites""",Mismatch / Not in Taxonomy
466,"""custom blacklist""",Mismatch / Not in Taxonomy
466,"""family sharing support""",Mismatch / Not in Taxonomy
466,"""subscriptionbased pricing""",Mismatch / Not in Taxonomy
466,"""compatible with 64bit devices""",Mismatch / Not in Taxonomy
466,"""seamless integration with safari""",Mismatch / Not in Taxonomy
466,"""dedicated support for explicit content reporting""]",Mismatch / Not in Taxonomy
467,"[""block obtrusive ads""",Mismatch / Not in Taxonomy
467,"""block sneaky trackers""",Mismatch / Not in Taxonomy
467,"""block autoplay videos""",Mismatch / Not in Taxonomy
467,"""block fake 'x' buttons""",Mismatch / Not in Taxonomy
467,"""block scrolling banners""",Mismatch / Not in Taxonomy
467,"""block timed popups""",Mismatch / Not in Taxonomy
467,"""block redirects to 'xxx' websites""",Mismatch / Not in Taxonomy
467,"""block unwanted data collection""",Mismatch / Not in Taxonomy
467,"""block cookie notices""",Mismatch / Not in Taxonomy
467,"""improve web browsing speed""",Mismatch / Not in Taxonomy
467,"""reduce data usage""",Mismatch / Not in Taxonomy
467,"""improve battery life""",Mismatch / Not in Taxonomy
467,"""provide online security and privacy protection""",Mismatch / Not in Taxonomy
467,"""offer a free download""",Mismatch / Not in Taxonomy
467,"""offer premium subscription plans""",Mismatch / Not in Taxonomy
467,"""provide a 3day free trial""",Mismatch / Not in Taxonomy
467,"""manage and cancel subscriptions""",Mismatch / Not in Taxonomy
467,"""block adult content""",Mismatch / Not in Taxonomy
467,"""block harmful content""",Mismatch / Not in Taxonomy
467,"""block viruses and hackers""]",Mismatch / Not in Taxonomy
468,"[""block popups and banners""",Mismatch / Not in Taxonomy
468,"""block video/audio ads""",Mismatch / Not in Taxonomy
468,"""remove adblock walls""",Mismatch / Not in Taxonomy
468,"""protect online privacy""",Mismatch / Not in Taxonomy
468,"""speed up page loading""",Mismatch / Not in Taxonomy
468,"""adjust filter list""",Mismatch / Not in Taxonomy
468,"""whitelist any website""",Mismatch / Not in Taxonomy
468,"""blacklist websites""",Mismatch / Not in Taxonomy
468,"""disable distracting elements""",Mismatch / Not in Taxonomy
468,"""adjust blocking rules""",Mismatch / Not in Taxonomy
468,"""choose specific filtering rules""",Mismatch / Not in Taxonomy
468,"""add custom adblocking rules""",Mismatch / Not in Taxonomy
468,"""support for multiple platforms (ios",Mismatch / Not in Taxonomy
468,android,Mismatch / Not in Taxonomy
468,windows,Mismatch / Not in Taxonomy
468,"mac)""",Mismatch / Not in Taxonomy
468,"""userfriendly interface with light and dark themes""]",Mismatch / Not in Taxonomy
469,"[""block explicit images and websites""",Mismatch / Not in Taxonomy
469,"""filter pornographic content""",Mismatch / Not in Taxonomy
469,"""block specific platforms like tumblr",Mismatch / Not in Taxonomy
469,flickr,Mismatch / Not in Taxonomy
469,pinterest,Mismatch / Not in Taxonomy
469,"and reddit""",Mismatch / Not in Taxonomy
469,"""integrate with iphone's screen time settings""",Mismatch / Not in Taxonomy
469,"""passcode protection to prevent tampering or deletion""",Mismatch / Not in Taxonomy
469,"""blacklist specific websites""",Mismatch / Not in Taxonomy
469,"""responsive support team for reporting unblocked content""",Mismatch / Not in Taxonomy
469,"""compatible with devices with 64bit processors""",Mismatch / Not in Taxonomy
469,"""seamless integration with safari browser""",Mismatch / Not in Taxonomy
469,"""no subscription or signup required""",Mismatch / Not in Taxonomy
469,"""install on multiple ios devices""]",Mismatch / Not in Taxonomy
470,"[""smart porn blocker with antitampering mechanisms""",Mismatch / Not in Taxonomy
470,"""customizable blocking list for websites and apps""",Mismatch / Not in Taxonomy
470,"""daily checkins with kanjo""",Mismatch / Not in Taxonomy
470,"""progress tracking and milestone celebrations""",Mismatch / Not in Taxonomy
470,"""daily exercises including guided meditations""",Mismatch / Not in Taxonomy
470,"""personalized courses designed by clinical psychologists""",Mismatch / Not in Taxonomy
470,"""companion support notifications""",Valid (reminders)
470,"""optional remote therapy sessions with licensed therapists""",Mismatch / Not in Taxonomy
470,"""anonymous signup""",Mismatch / Not in Taxonomy
470,"""data privacy and security""",Mismatch / Not in Taxonomy
470,"""free trial for exploring features""",Mismatch / Not in Taxonomy
470,"""subscription model with easy cancellation""",Mismatch / Not in Taxonomy
470,"""notifications for refocusing when explicit content is detected""",Valid (reminders)
470,"""library of content for cultivating healthy habits""]",Mismatch / Not in Taxonomy
471,"[""block websites instantly""",Mismatch / Not in Taxonomy
471,"""block single or multiple websites at once""",Mismatch / Not in Taxonomy
471,"""custom blocklists""",Mismatch / Not in Taxonomy
471,"""simple & userfriendly interface""]",Mismatch / Not in Taxonomy
472,"[""block ads and popups across all websites""",Mismatch / Not in Taxonomy
472,"""stop trackers from collecting personal data""",Mismatch / Not in Taxonomy
472,"""automatically remove cookie consent popups""",Mismatch / Not in Taxonomy
472,"""speed up page load times""",Mismatch / Not in Taxonomy
472,"""get detailed insights on trackers for any website""",Valid (analytics)
472,"""preview tracker information on search engine results""",Mismatch / Not in Taxonomy
472,"""customize browsing with whitelists for trusted sites and trackers""",Mismatch / Not in Taxonomy
472,"""block hidden trackers""",Mismatch / Not in Taxonomy
472,"""hide intrusive ads""",Mismatch / Not in Taxonomy
472,"""prevent cookie popups""",Mismatch / Not in Taxonomy
472,"""provide unbiased and impartial search results""",Mismatch / Not in Taxonomy
472,"""identify and show trackers before visiting a site""",Mismatch / Not in Taxonomy
472,"""send a monthly privacy digest newsletter""",Mismatch / Not in Taxonomy
472,"""support for every browser and device""",Mismatch / Not in Taxonomy
472,"""replace personal identifiers with random values""",Mismatch / Not in Taxonomy
472,"""access to whotracks.me for tracker information""",Mismatch / Not in Taxonomy
472,"""opensource application""",Mismatch / Not in Taxonomy
472,"""constantly updated tracker database""]",Mismatch / Not in Taxonomy
473,"[""safari ad blocking""",Mismatch / Not in Taxonomy
473,"""web annoyance blocking""",Mismatch / Not in Taxonomy
473,"""social media tracking blocking""",Mismatch / Not in Taxonomy
473,"""cookie warning blocking""",Mismatch / Not in Taxonomy
473,"""dangerous website blocking""",Mismatch / Not in Taxonomy
473,"""allow list for trusted websites""",Mismatch / Not in Taxonomy
473,"""ad blocking presets""",Mismatch / Not in Taxonomy
473,"""block thirdparty cookies and hidden trackers""",Mismatch / Not in Taxonomy
473,"""compatible with multiple browsers and devices""",Mismatch / Not in Taxonomy
473,"""protection against phishing and malicious websites""",Mismatch / Not in Taxonomy
473,"""reduced data usage""",Mismatch / Not in Taxonomy
473,"""increased battery life""",Mismatch / Not in Taxonomy
473,"""faster page loads""",Mismatch / Not in Taxonomy
473,"""subscription management""",Mismatch / Not in Taxonomy
473,"""refund request process""]",Mismatch / Not in Taxonomy
474,"[""screen time management""",Mismatch / Not in Taxonomy
474,"""block distracting apps""",Mismatch / Not in Taxonomy
474,"""create different groups for screen time management""",Mismatch / Not in Taxonomy
474,"""schedule on/off times with conditions""",Mismatch / Not in Taxonomy
474,"""block specific domains on safari",Mismatch / Not in Taxonomy
474,chrome,Mismatch / Not in Taxonomy
474,firefox,Mismatch / Not in Taxonomy
474,"and other browsers""",Mismatch / Not in Taxonomy
474,"""block adult content""",Mismatch / Not in Taxonomy
474,"""block websites with custom keywords""",Mismatch / Not in Taxonomy
474,"""block phishing",Mismatch / Not in Taxonomy
474,malware,Mismatch / Not in Taxonomy
474,spyware,Mismatch / Not in Taxonomy
474,"and cryptocurrency mining websites""",Mismatch / Not in Taxonomy
474,"""block ads and trackers""",Mismatch / Not in Taxonomy
474,"""subscribe to custom blocklists""",Mismatch / Not in Taxonomy
474,"""use passcode or face id to lock settings""",Mismatch / Not in Taxonomy
474,"""custom shortcut actions for managing screen time""",Mismatch / Not in Taxonomy
474,"""anonymous usage without personal information""",Mismatch / Not in Taxonomy
474,"""no data selling or sharing""",Mismatch / Not in Taxonomy
474,"""anonymous data gathering for app quality enhancement""",Mismatch / Not in Taxonomy
474,"""email support for technical issues and feedback""]",Mismatch / Not in Taxonomy
475,"[""blocks unsolicited ads""",Mismatch / Not in Taxonomy
475,"""blocks malicious trackers""",Mismatch / Not in Taxonomy
475,"""fasterloading sites""",Mismatch / Not in Taxonomy
475,"""saves internet data""",Mismatch / Not in Taxonomy
475,"""browser extension for chrome""",Mismatch / Not in Taxonomy
475,"""shows live results of blocked ads""",Mismatch / Not in Taxonomy
475,"""manages subscriptions""",Mismatch / Not in Taxonomy
475,"""turns off autorenewal""",Mismatch / Not in Taxonomy
475,"""compatible with mobile devices""]",Mismatch / Not in Taxonomy
476,"[""supports adblocking for every web browser and other app installed""",Mismatch / Not in Taxonomy
476,"""blocks sites that distribute malicious content",Mismatch / Not in Taxonomy
476,"viruses and fraudulent websites""",Mismatch / Not in Taxonomy
476,"""dns based interception for all modern browsers and apps""",Mismatch / Not in Taxonomy
476,"""fast and reliable vpn""",Mismatch / Not in Taxonomy
476,"""encrypts your data""",Mismatch / Not in Taxonomy
476,"""blocks annoying ads""",Mismatch / Not in Taxonomy
476,"""saves your data plan""",Mismatch / Not in Taxonomy
476,"""blocks adult websites""",Mismatch / Not in Taxonomy
476,"""blocks gambling websites""",Mismatch / Not in Taxonomy
476,"""blocks social media trackers""",Mismatch / Not in Taxonomy
476,"""blocks malicious websites""",Mismatch / Not in Taxonomy
476,"""filters out inappropriate websites and apps""",Mismatch / Not in Taxonomy
476,"""manages screen time""",Mismatch / Not in Taxonomy
476,"""sets boundaries for responsible internet use""]",Mismatch / Not in Taxonomy
477,"[""blocks ads (popups",Mismatch / Not in Taxonomy
477,text ads,Mismatch / Not in Taxonomy
477,"banners)""",Mismatch / Not in Taxonomy
477,"""removes website clutter""",Mismatch / Not in Taxonomy
477,"""loads websites 35 times faster""",Mismatch / Not in Taxonomy
477,"""saves time and bandwidth""",Mismatch / Not in Taxonomy
477,"""protects privacy from online tracking (cookies",Mismatch / Not in Taxonomy
477,beacons,Mismatch / Not in Taxonomy
477,"scripts)""",Mismatch / Not in Taxonomy
477,"""allows blocking of ads",Mismatch / Not in Taxonomy
477,online tracking,Mismatch / Not in Taxonomy
477,"and social buttons""",Mismatch / Not in Taxonomy
477,"""conveniently whitelists favorite websites from within safari""",Mismatch / Not in Taxonomy
477,"""includes a safari extension""]",Mismatch / Not in Taxonomy
478,"[""block ios apps""",Mismatch / Not in Taxonomy
478,"""block mac apps""",Mismatch / Not in Taxonomy
478,"""block websites""",Mismatch / Not in Taxonomy
478,"""filter websites by category""",Mismatch / Not in Taxonomy
478,"""enable allday filters""",Mismatch / Not in Taxonomy
478,"""enable timed filters""",Mismatch / Not in Taxonomy
478,"""temporarily pause filters""",Mismatch / Not in Taxonomy
478,"""schedule recurring filters""",Mismatch / Not in Taxonomy
478,"""lock filters""",Mismatch / Not in Taxonomy
478,"""control center widgets""",Mismatch / Not in Taxonomy
478,"""integrate with shortcuts""",Mismatch / Not in Taxonomy
478,"""sync filters between devices""",Mismatch / Not in Taxonomy
478,"""themeable widgets""]",Mismatch / Not in Taxonomy
479,"[""builtin duckduckgo search engine""",Mismatch / Not in Taxonomy
479,"""ad tracker blocking""",Mismatch / Not in Taxonomy
479,"""cookie blocking""",Mismatch / Not in Taxonomy
479,"""private conversations with ai models via duck.ai""",Mismatch / Not in Taxonomy
479,"""email protection with @duck.com addresses""",Mismatch / Not in Taxonomy
479,"""distractionfree youtube video player""",Mismatch / Not in Taxonomy
479,"""automatic https enforcement""",Mismatch / Not in Taxonomy
479,"""fingerprinting protection""",Mismatch / Not in Taxonomy
479,"""encrypted bookmark and password syncing""",Mismatch / Not in Taxonomy
479,"""fire button for clearing tabs and browsing data""",Mismatch / Not in Taxonomy
479,"""global privacy control (gpc)""",Mismatch / Not in Taxonomy
479,"""3rdparty tracker loading protection""",Mismatch / Not in Taxonomy
479,"""link tracking protection""",Mismatch / Not in Taxonomy
479,"""cname cloaking protection""",Mismatch / Not in Taxonomy
479,"""google amp protection""",Mismatch / Not in Taxonomy
479,"""vpn for secure connection""",Mismatch / Not in Taxonomy
479,"""access to advanced ai models in duck.ai""",Mismatch / Not in Taxonomy
479,"""personal information removal service""",Mismatch / Not in Taxonomy
479,"""identity theft restoration service""",Mismatch / Not in Taxonomy
479,"""password manager""",Mismatch / Not in Taxonomy
479,"""browser extension for tracker blocking""]",Mismatch / Not in Taxonomy
480,"[""safari ad blocking""",Mismatch / Not in Taxonomy
480,"""whitelist websites""",Mismatch / Not in Taxonomy
480,"""manual blocking tool""",Mismatch / Not in Taxonomy
480,"""privacy protection""",Mismatch / Not in Taxonomy
480,"""selection of filters for trackers""",Mismatch / Not in Taxonomy
480,"""speed acceleration""",Mismatch / Not in Taxonomy
480,"""reduced traffic consumption""",Mismatch / Not in Taxonomy
480,"""increased battery life""",Mismatch / Not in Taxonomy
480,"""more than 50 popular ad filters""",Mismatch / Not in Taxonomy
480,"""custom filters by url""",Mismatch / Not in Taxonomy
480,"""dns privacy""",Mismatch / Not in Taxonomy
480,"""security filters""",Mismatch / Not in Taxonomy
480,"""parental control""",Valid (parental_control)
480,"""inapp customer support""",Mismatch / Not in Taxonomy
480,"""works in browsers and apps""",Mismatch / Not in Taxonomy
480,"""removes popups",Mismatch / Not in Taxonomy
480,banners,Mismatch / Not in Taxonomy
480,"and video ads""",Mismatch / Not in Taxonomy
480,"""blocks phishing and malicious sites""",Mismatch / Not in Taxonomy
480,"""manages dns servers""",Mismatch / Not in Taxonomy
480,"""statistics and app management""]",Mismatch / Not in Taxonomy
481,"[""blocks nags to accept cookies""",Mismatch / Not in Taxonomy
481,"""blocks privacy invasive tracking""",Mismatch / Not in Taxonomy
481,"""integrates with safari""",Mismatch / Not in Taxonomy
481,"""no third party dependencies""",Mismatch / Not in Taxonomy
481,"""no behavioral tracking""",Mismatch / Not in Taxonomy
481,"""no crash reporting""",Mismatch / Not in Taxonomy
481,"""no data collection""",Mismatch / Not in Taxonomy
481,"""open source with mit license""",Mismatch / Not in Taxonomy
481,"""available on iphone",Mismatch / Not in Taxonomy
481,ipad,Mismatch / Not in Taxonomy
481,"and mac""",Mismatch / Not in Taxonomy
481,"""lightweight app""",Mismatch / Not in Taxonomy
481,"""fast performance""",Mismatch / Not in Taxonomy
481,"""no configuration or maintenance needed""",Mismatch / Not in Taxonomy
481,"""download size less than half a megabyte""]",Mismatch / Not in Taxonomy
482,"[""block ads and trackers""",Mismatch / Not in Taxonomy
482,"""block social and chat widgets""",Mismatch / Not in Taxonomy
482,"""block privacy",Mismatch / Not in Taxonomy
482,newsletter,Mismatch / Not in Taxonomy
482,"and notification banners""",Valid (reminders)
482,"""block or allow web resources and websites""",Mismatch / Not in Taxonomy
482,"""hide webpage elements""",Mismatch / Not in Taxonomy
482,"""strip cookies from web requests""",Mismatch / Not in Taxonomy
482,"""force loading of websites and resources over https""",Mismatch / Not in Taxonomy
482,"""specify filters using a simple format or regular expressions""",Mismatch / Not in Taxonomy
482,"""search",Mismatch / Not in Taxonomy
482,import,Mismatch / Not in Taxonomy
482,"and share custom rules""",Mismatch / Not in Taxonomy
482,"""block and hide content visually""",Mismatch / Not in Taxonomy
482,"""blocker profiles""",Mismatch / Not in Taxonomy
482,"""icloud sync""",Mismatch / Not in Taxonomy
482,"""passcode lock""",Mismatch / Not in Taxonomy
482,"""builtin rules updates and improvements""]",Mismatch / Not in Taxonomy
483,"[""search & delete photos & video duplicates""",Mismatch / Not in Taxonomy
483,"""organize contacts cards & delete contacts duplicates""",Mismatch / Not in Taxonomy
483,"""free up device storage with smart cleaning feature""",Mismatch / Not in Taxonomy
483,"""check internet speed connection""",Mismatch / Not in Taxonomy
483,"""block ads on websites""",Mismatch / Not in Taxonomy
483,"""prevent malware and tracking behind ads""",Mismatch / Not in Taxonomy
483,"""reduce risk of malware/adware infection""",Mismatch / Not in Taxonomy
483,"""improve privacy with vpn connection""",Mismatch / Not in Taxonomy
483,"""save data internet package by blocking ads""",Mismatch / Not in Taxonomy
483,"""access to 500+ vpn servers""",Mismatch / Not in Taxonomy
483,"""protect privacy on public wifi hotspots with vpn""",Mismatch / Not in Taxonomy
483,"""turbo servers for streaming content""",Mismatch / Not in Taxonomy
483,"""highlevel encryption protocols: openvpn",Mismatch / Not in Taxonomy
483,ipsec,Mismatch / Not in Taxonomy
483,v2fly,Mismatch / Not in Taxonomy
483,"auto mode""",Mismatch / Not in Taxonomy
483,"""one tap connect to vpn""",Mismatch / Not in Taxonomy
483,"""nolog policy""",Mismatch / Not in Taxonomy
483,"""display network data (mac address & device ip address)""",Mismatch / Not in Taxonomy
483,"""auto detect & get access to real public ip address""",Mismatch / Not in Taxonomy
483,"""ip address analysis detailed report""",Mismatch / Not in Taxonomy
483,"""block unwanted/adult content on children's devices""",Mismatch / Not in Taxonomy
483,"""block specific websites completely""",Mismatch / Not in Taxonomy
483,"""make media content private with a secret folder""]",Mismatch / Not in Taxonomy
484,"[""100% free""",Mismatch / Not in Taxonomy
484,"""no extension needed""",Mismatch / Not in Taxonomy
484,"""builtin 3rd party ad blocker""",Mismatch / Not in Taxonomy
484,"""lightning fast browsing""",Mismatch / Not in Taxonomy
484,"""save battery life & data""",Mismatch / Not in Taxonomy
484,"""builtin malicious site protection""",Mismatch / Not in Taxonomy
484,"""ssl everywhere""",Mismatch / Not in Taxonomy
484,"""fast tabs""",Mismatch / Not in Taxonomy
484,"""incognito browsing""",Mismatch / Not in Taxonomy
484,"""builtin search engine""",Mismatch / Not in Taxonomy
484,"""great customization""]",Mismatch / Not in Taxonomy
485,"[""create app groups""",Mismatch / Not in Taxonomy
485,"""set schedules to autolock or unlock apps""",Mismatch / Not in Taxonomy
485,"""trigger autolock when entering specific locations""",Mismatch / Not in Taxonomy
485,"""app disguise""",Mismatch / Not in Taxonomy
485,"""intrusion alert""",Mismatch / Not in Taxonomy
485,"""privacy protection""",Mismatch / Not in Taxonomy
485,"""parental controls""",Valid (parental_control)
485,"""enhanced security""",Mismatch / Not in Taxonomy
485,"""customize duration for passwordfree unlocking""",Mismatch / Not in Taxonomy
485,"""prevent app deletion""",Mismatch / Not in Taxonomy
485,"""disable accidental inapp purchases""",Mismatch / Not in Taxonomy
485,"""quick unlock""]",Mismatch / Not in Taxonomy
486,"[""lock apps""",Mismatch / Not in Taxonomy
486,"""lock social apps""",Mismatch / Not in Taxonomy
486,"""protect gallery""",Mismatch / Not in Taxonomy
486,"""protect contacts""",Mismatch / Not in Taxonomy
486,"""protect messages""",Mismatch / Not in Taxonomy
486,"""lock app store""",Mismatch / Not in Taxonomy
486,"""lock payment apps""",Mismatch / Not in Taxonomy
486,"""safe vault for private photos and videos""",Mismatch / Not in Taxonomy
486,"""encrypted files""",Mismatch / Not in Taxonomy
486,"""track app duration""",Mismatch / Not in Taxonomy
486,"""track app pickups""",Mismatch / Not in Taxonomy
486,"""track notifications""",Valid (reminders)
486,"""uninstall prevention""",Mismatch / Not in Taxonomy
486,"""parental control""",Valid (parental_control)
486,"""restrict app installation""",Mismatch / Not in Taxonomy
486,"""control screen time""",Mismatch / Not in Taxonomy
486,"""monitor device use""",Mismatch / Not in Taxonomy
486,"""block inapp purchases""",Mismatch / Not in Taxonomy
486,"""add purchase passwords""]",Mismatch / Not in Taxonomy
487,"[""app lock""",Mismatch / Not in Taxonomy
487,"""lock apps""",Mismatch / Not in Taxonomy
487,"""hide photos""",Mismatch / Not in Taxonomy
487,"""hide videos""",Mismatch / Not in Taxonomy
487,"""customize security settings""",Mismatch / Not in Taxonomy
487,"""manage privacy settings""]",Mismatch / Not in Taxonomy
488,"[""hide photos""",Mismatch / Not in Taxonomy
488,"""hide videos""",Mismatch / Not in Taxonomy
488,"""password lock""",Mismatch / Not in Taxonomy
488,"""fingerprint lock""",Mismatch / Not in Taxonomy
488,"""face id lock""",Mismatch / Not in Taxonomy
488,"""no limit to the number of photos""",Mismatch / Not in Taxonomy
488,"""no limit to the number of albums""",Mismatch / Not in Taxonomy
488,"""set album cover""",Mismatch / Not in Taxonomy
488,"""private browser""",Mismatch / Not in Taxonomy
488,"""random keyboard""]",Mismatch / Not in Taxonomy
489,"[""focus mode""",Valid (focus_mode)
489,"""sleep mode""",Mismatch / Not in Taxonomy
489,"""selfcontrol mode""",Mismatch / Not in Taxonomy
489,"""work mode""",Mismatch / Not in Taxonomy
489,"""privacy mode""",Mismatch / Not in Taxonomy
489,"""moneysaving mode""",Mismatch / Not in Taxonomy
489,"""achievement system""",Mismatch / Not in Taxonomy
489,"""widgets""]",Mismatch / Not in Taxonomy
490,"[""block apps""",Mismatch / Not in Taxonomy
490,"""block internet access""",Mismatch / Not in Taxonomy
490,"""filter web content""",Mismatch / Not in Taxonomy
490,"""set daily screen time limits""",Mismatch / Not in Taxonomy
490,"""give screen time rewards""",Mismatch / Not in Taxonomy
490,"""use schedules for devicefree time""",Mismatch / Not in Taxonomy
490,"""location tracking""",Mismatch / Not in Taxonomy
490,"""notifications for preset zones""",Valid (reminders)
490,"""view device activity""",Mismatch / Not in Taxonomy
490,"""switch restriction levels""",Mismatch / Not in Taxonomy
490,"""unique kidslox pin for restrictions""",Mismatch / Not in Taxonomy
490,"""disable disruptive apps""",Mismatch / Not in Taxonomy
490,"""filter inappropriate content""",Mismatch / Not in Taxonomy
490,"""block inapp purchases""",Mismatch / Not in Taxonomy
490,"""crossplatform device management""",Mismatch / Not in Taxonomy
490,"""add up to 10 devices""",Mismatch / Not in Taxonomy
490,"""instant lock mode""",Mismatch / Not in Taxonomy
490,"""child mode""",Mismatch / Not in Taxonomy
490,"""daily limits on screen time""",Mismatch / Not in Taxonomy
490,"""detailed activity reports""",Mismatch / Not in Taxonomy
490,"""manual site blocking""",Mismatch / Not in Taxonomy
490,"""lock safe search""]",Mismatch / Not in Taxonomy
491,"[""set daily usage limits on apps""",Mismatch / Not in Taxonomy
491,"""automatically restrict apps when limits are reached""",Mismatch / Not in Taxonomy
491,"""manually restrict or restore apps""",Mismatch / Not in Taxonomy
491,"""automatically restrict apps after prolonged usage""",Mismatch / Not in Taxonomy
491,"""remind users to take breaks""",Mismatch / Not in Taxonomy
491,"""automatically restore apps after a break""",Mismatch / Not in Taxonomy
491,"""restrict apps based on safe zones""",Mismatch / Not in Taxonomy
491,"""restrict apps based on restricted zones""",Mismatch / Not in Taxonomy
491,"""schedule app restrictions or restorations at specific times""",Mismatch / Not in Taxonomy
491,"""block selected apps""",Mismatch / Not in Taxonomy
491,"""prevent blocked apps from showing on home screen""",Mismatch / Not in Taxonomy
491,"""prevent blocked apps from showing in app library""",Mismatch / Not in Taxonomy
491,"""prevent blocked apps from sending notifications""",Valid (reminders)
491,"""restrict app installation""",Mismatch / Not in Taxonomy
491,"""restrict app deletion""",Mismatch / Not in Taxonomy
491,"""restrict inapp purchases""",Mismatch / Not in Taxonomy
491,"""password protection""",Mismatch / Not in Taxonomy
491,"""face id unlock""",Mismatch / Not in Taxonomy
491,"""incognito passcode""",Mismatch / Not in Taxonomy
491,"""avatar icon""",Mismatch / Not in Taxonomy
491,"""shortcuts integration""",Mismatch / Not in Taxonomy
491,"""widgets integration""]",Mismatch / Not in Taxonomy
492,"[""realtime gps location tracking""",Mismatch / Not in Taxonomy
492,"""screen viewing""",Mismatch / Not in Taxonomy
492,"""time limits""",Mismatch / Not in Taxonomy
492,"""activity reports""",Mismatch / Not in Taxonomy
492,"""game and app blocking""",Mismatch / Not in Taxonomy
492,"""app monitoring""",Mismatch / Not in Taxonomy
492,"""screen time control""",Mismatch / Not in Taxonomy
492,"""location history review""",Mismatch / Not in Taxonomy
492,"""instant alerts for blocked apps""",Mismatch / Not in Taxonomy
492,"""block or restrict inappropriate apps""",Mismatch / Not in Taxonomy
492,"""suspicious content detection""",Mismatch / Not in Taxonomy
492,"""sensitive word notifications""",Valid (reminders)
492,"""sos alerts""",Mismatch / Not in Taxonomy
492,"""track tiktok and youtube history""",Mismatch / Not in Taxonomy
492,"""monitor app usage and device activities""",Mismatch / Not in Taxonomy
492,"""monitor installed and uninstalled apps""",Mismatch / Not in Taxonomy
492,"""calls and messages monitoring""",Mismatch / Not in Taxonomy
492,"""keyword detection in texts""",Mismatch / Not in Taxonomy
492,"""emoji monitoring""",Mismatch / Not in Taxonomy
492,"""remote screen capture""",Mismatch / Not in Taxonomy
492,"""automatic inappropriate content detection in screenshots""]",Mismatch / Not in Taxonomy
493,"[""calendar""",Mismatch / Not in Taxonomy
493,"""create custom blocks/events""",Mismatch / Not in Taxonomy
493,"""custom block lists for specific apps or categories""",Mismatch / Not in Taxonomy
493,"""block distracting apps and websites""",Mismatch / Not in Taxonomy
493,"""control screen time""",Mismatch / Not in Taxonomy
493,"""focus sessions""",Mismatch / Not in Taxonomy
493,"""temporarily unblock apps""",Mismatch / Not in Taxonomy
493,"""create a personalized app list""",Mismatch / Not in Taxonomy
493,"""add or remove distracting apps and websites""",Mismatch / Not in Taxonomy
493,"""monitor and block apps using apple's screen time api""",Mismatch / Not in Taxonomy
493,"""easy installation on iphone""]",Mismatch / Not in Taxonomy
494,"[""blocks spam and scam calls""",Mismatch / Not in Taxonomy
494,"""displays caller id name and call reason""",Mismatch / Not in Taxonomy
494,"""call screener""",Mismatch / Not in Taxonomy
494,"""voicemail protection""",Mismatch / Not in Taxonomy
494,"""spoofed call protection""",Mismatch / Not in Taxonomy
494,"""caller id""",Mismatch / Not in Taxonomy
494,"""reverse phone lookup""",Mismatch / Not in Taxonomy
494,"""advanced caller id""",Mismatch / Not in Taxonomy
494,"""secure and transcribed voicemail""",Mismatch / Not in Taxonomy
494,"""ai voice detection""",Mismatch / Not in Taxonomy
494,"""premium caller id""",Mismatch / Not in Taxonomy
494,"""premium name lookups""",Mismatch / Not in Taxonomy
494,"""area codes and prefixes to block""]",Mismatch / Not in Taxonomy
495,"[""call blocking""",Mismatch / Not in Taxonomy
495,"""caller id display""",Mismatch / Not in Taxonomy
495,"""call screener""",Mismatch / Not in Taxonomy
495,"""voicemail protection""",Mismatch / Not in Taxonomy
495,"""spoofed call protection""",Mismatch / Not in Taxonomy
495,"""reverse phone lookup""",Mismatch / Not in Taxonomy
495,"""branded call display""",Mismatch / Not in Taxonomy
495,"""free business number registration""",Mismatch / Not in Taxonomy
495,"""spam analytics""",Valid (analytics)
495,"""ai voice detection""",Mismatch / Not in Taxonomy
495,"""voice ai agents""",Mismatch / Not in Taxonomy
495,"""automated calling""",Mismatch / Not in Taxonomy
495,"""automated note taking""",Mismatch / Not in Taxonomy
495,"""synthetic voice detection""",Mismatch / Not in Taxonomy
495,"""automated call summarization""",Mismatch / Not in Taxonomy
495,"""transcription""]",Mismatch / Not in Taxonomy
496,"[""lock any app with a password""",Mismatch / Not in Taxonomy
496,"""hide sensitive photos and videos""",Mismatch / Not in Taxonomy
496,"""scan qr codes""",Mismatch / Not in Taxonomy
496,"""create custom qr codes""",Mismatch / Not in Taxonomy
496,"""free up storage by cleaning junk files""",Mismatch / Not in Taxonomy
496,"""find duplicates and blurry photos""",Mismatch / Not in Taxonomy
496,"""manage subscriptions in itunes account settings""",Mismatch / Not in Taxonomy
496,"""autorenew subscription""",Mismatch / Not in Taxonomy
496,"""block any app""]",Mismatch / Not in Taxonomy
497,"[""view children's online activity""",Mismatch / Not in Taxonomy
497,"""automated periodic views of online activity""",Mismatch / Not in Taxonomy
497,"""ondemand views of online activity""",Mismatch / Not in Taxonomy
497,"""app blocker""",Mismatch / Not in Taxonomy
497,"""block internet and text messages""",Mismatch / Not in Taxonomy
497,"""block specific apps""",Mismatch / Not in Taxonomy
497,"""block/allow specific websites""",Mismatch / Not in Taxonomy
497,"""block access to texting apps""",Mismatch / Not in Taxonomy
497,"""receive alerts for new app installations""",Mismatch / Not in Taxonomy
497,"""automate daily routines with block schedules""",Valid (habit_tracking)
497,"""custom rules for app permissions""",Mismatch / Not in Taxonomy
497,"""set daily screen time limits""",Mismatch / Not in Taxonomy
497,"""create gps geofences""",Mismatch / Not in Taxonomy
497,"""receive realtime alerts for geofencing""",Mismatch / Not in Taxonomy
497,"""locate family members using geolocation""",Mismatch / Not in Taxonomy
497,"""live location tracking""",Mismatch / Not in Taxonomy
497,"""location history tracking""",Mismatch / Not in Taxonomy
497,"""set location alerts""",Mismatch / Not in Taxonomy
497,"""instant screenshot capture""",Mismatch / Not in Taxonomy
497,"""automated screenshot capture""",Mismatch / Not in Taxonomy
497,"""encrypted gallery for screenshots""",Mismatch / Not in Taxonomy
497,"""aipowered flagging of harmful content""",Mismatch / Not in Taxonomy
497,"""custom detection for safety triggers""",Mismatch / Not in Taxonomy
497,"""web filter for harmful content""",Mismatch / Not in Taxonomy
497,"""block adult content""",Mismatch / Not in Taxonomy
497,"""iphone & ipad restrictions""",Mismatch / Not in Taxonomy
497,"""android restrictions""",Mismatch / Not in Taxonomy
497,"""removal protection for app supervision""",Mismatch / Not in Taxonomy
497,"""instantly pause screen time""",Mismatch / Not in Taxonomy
497,"""customize app access for schedules""",Mismatch / Not in Taxonomy
497,"""set onetime or recurring schedules""",Mismatch / Not in Taxonomy
497,"""monitor content with realtime insights""]",Valid (analytics)
498,"[""block ads and trackers""",Mismatch / Not in Taxonomy
498,"""browse 2.0x faster""",Mismatch / Not in Taxonomy
498,"""protect your privacy""",Mismatch / Not in Taxonomy
498,"""support for all devices (iphone",Mismatch / Not in Taxonomy
498,ipad,Mismatch / Not in Taxonomy
498,"mac)""",Mismatch / Not in Taxonomy
498,"""block ads in safari""",Mismatch / Not in Taxonomy
498,"""block youtube video ads""",Mismatch / Not in Taxonomy
498,"""block ads in apps""",Mismatch / Not in Taxonomy
498,"""regional ad blocking""",Mismatch / Not in Taxonomy
498,"""battery boost""",Mismatch / Not in Taxonomy
498,"""performance insights""",Valid (analytics)
498,"""custom rules for ad blocking""",Mismatch / Not in Taxonomy
498,"""tap to block elements on a page""",Mismatch / Not in Taxonomy
498,"""ondevice ad blocking""",Mismatch / Not in Taxonomy
498,"""no data collection""",Mismatch / Not in Taxonomy
498,"""daily updates for ad blocking rules""",Mismatch / Not in Taxonomy
498,"""background refresh for updates""",Mismatch / Not in Taxonomy
498,"""icloud syncing for custom rules""",Mismatch / Not in Taxonomy
498,"""family sharing""",Mismatch / Not in Taxonomy
498,"""strict mode for enhanced privacy""]",Mismatch / Not in Taxonomy
499,"[""app lock""",Mismatch / Not in Taxonomy
499,"""hide app""",Mismatch / Not in Taxonomy
499,"""lock apps""",Mismatch / Not in Taxonomy
499,"""photos lock""",Mismatch / Not in Taxonomy
499,"""videos lock""",Mismatch / Not in Taxonomy
499,"""detailed application lock instructions""",Mismatch / Not in Taxonomy
499,"""secret password manager""",Mismatch / Not in Taxonomy
499,"""confidential information data management""",Mismatch / Not in Taxonomy
499,"""generate random password""]",Mismatch / Not in Taxonomy
500,"[""automatic spam blocking""",Mismatch / Not in Taxonomy
500,"""filter spam & scam messages""",Mismatch / Not in Taxonomy
500,"""instant identification of suspicious calls""",Mismatch / Not in Taxonomy
500,"""daily updates to the spam list""",Mismatch / Not in Taxonomy
500,"""personal blocklist and whitelist""",Mismatch / Not in Taxonomy
500,"""caller id identification""",Mismatch / Not in Taxonomy
500,"""24/7 phone spam protection""",Mismatch / Not in Taxonomy
500,"""fraud sms detection""",Mismatch / Not in Taxonomy
500,"""aipowered spam call identification and blocking""]",Mismatch / Not in Taxonomy
501,"[""identify suspected spam calls with alerts""",Mismatch / Not in Taxonomy
501,"""automatically block spam based on risk level""",Mismatch / Not in Taxonomy
501,"""send blocked spam calls to voicemail""",Mismatch / Not in Taxonomy
501,"""report phone numbers as spam""",Mismatch / Not in Taxonomy
501,"""use filters to block unwanted callers""",Mismatch / Not in Taxonomy
501,"""adjust spam filter settings""",Mismatch / Not in Taxonomy
501,"""caller id""",Mismatch / Not in Taxonomy
501,"""block neighborhoods""]",Mismatch / Not in Taxonomy
502,"[""selfsetup process for new service""",Mismatch / Not in Taxonomy
502,"""view",Mismatch / Not in Taxonomy
502,update,Mismatch / Not in Taxonomy
502,"and share wifi name and password""",Mismatch / Not in Taxonomy
502,"""see connected devices and personalize device names""",Mismatch / Not in Taxonomy
502,"""add devices to profiles""",Mismatch / Not in Taxonomy
502,"""set downtime schedules for devices""",Mismatch / Not in Taxonomy
502,"""pause devices""",Mismatch / Not in Taxonomy
502,"""get troubleshooting help from virtual assistant""",Mismatch / Not in Taxonomy
502,"""receive customized recommendations""",Mismatch / Not in Taxonomy
502,"""device and network protection with at&t activearmor""",Mismatch / Not in Taxonomy
502,"""check network health""",Mismatch / Not in Taxonomy
502,"""get notified of issues and service outages""",Mismatch / Not in Taxonomy
502,"""run speed tests""]",Mismatch / Not in Taxonomy
503,"[""realtime protection from over 10",Mismatch / Not in Taxonomy
503,000,Mismatch / Not in Taxonomy
503,"000 robocallers""",Mismatch / Not in Taxonomy
503,"""identification of over 1",Mismatch / Not in Taxonomy
503,"500 new robocallers daily""",Mismatch / Not in Taxonomy
503,"""allows important robocalls to get through""",Mismatch / Not in Taxonomy
503,"""privacyfriendly",Mismatch / Not in Taxonomy
503,"does not access call logs""",Mismatch / Not in Taxonomy
503,"""option to block or identify robocalls""",Mismatch / Not in Taxonomy
503,"""protection from text spam and phishing attempts""",Mismatch / Not in Taxonomy
503,"""access to a database of robocall messages""",Mismatch / Not in Taxonomy
503,"""block neighbor spoofed calls""",Mismatch / Not in Taxonomy
503,"""spam call blocker""",Mismatch / Not in Taxonomy
503,"""spam text blocker""",Mismatch / Not in Taxonomy
503,"""landline spam phone number lookup""",Mismatch / Not in Taxonomy
503,"""mobile phone protection""",Mismatch / Not in Taxonomy
503,"""business teams api""",Mismatch / Not in Taxonomy
503,"""white label solutions""",Mismatch / Not in Taxonomy
503,"""simple onetime installation""",Mismatch / Not in Taxonomy
503,"""pause protection feature""",Mismatch / Not in Taxonomy
503,"""advanced call screening technology""",Mismatch / Not in Taxonomy
503,"""live voicemail transcription""",Mismatch / Not in Taxonomy
503,"""spamfree voicemail""",Mismatch / Not in Taxonomy
503,"""personalized block and allow lists""",Mismatch / Not in Taxonomy
503,"""multiple device protection (up to 4 devices)""",Mismatch / Not in Taxonomy
503,"""supported by all carriers""]",Mismatch / Not in Taxonomy
504,"[""tap your monk to block/unblock distractions""",Mismatch / Not in Taxonomy
504,"""customizable app groups for different modes""",Mismatch / Not in Taxonomy
504,"""weekly & daily focus stats""",Mismatch / Not in Taxonomy
504,"""scheduled blocks via apple shortcuts""",Mismatch / Not in Taxonomy
504,"""remote blocking""",Mismatch / Not in Taxonomy
504,"""emergency unblocks""",Mismatch / Not in Taxonomy
504,"""strict mode: makes the app undeletable while active""",Mismatch / Not in Taxonomy
504,"""optional setup for a completely unbreakable experience""]",Mismatch / Not in Taxonomy
505,"[""学霸模式""",Mismatch / Not in Taxonomy
505,"""番茄工作法""",Mismatch / Not in Taxonomy
505,"""习惯养成工具""",Mismatch / Not in Taxonomy
505,"""计时器""",Mismatch / Not in Taxonomy
505,"""强制提醒""",Mismatch / Not in Taxonomy
505,"""高清白噪音""",Mismatch / Not in Taxonomy
505,"""数据统计模块""",Mismatch / Not in Taxonomy
505,"""自习室""",Mismatch / Not in Taxonomy
505,"""无广告体验""",Mismatch / Not in Taxonomy
505,"""待办清单""",Mismatch / Not in Taxonomy
505,"""番茄钟""",Mismatch / Not in Taxonomy
505,"""到点提醒""",Mismatch / Not in Taxonomy
505,"""工作数据分析展示""",Mismatch / Not in Taxonomy
505,"""个性化设置""",Mismatch / Not in Taxonomy
505,"""简洁美观界面""",Mismatch / Not in Taxonomy
505,"""倒计时""",Mismatch / Not in Taxonomy
505,"""正计时""",Mismatch / Not in Taxonomy
505,"""背景音""",Mismatch / Not in Taxonomy
505,"""背景色""",Mismatch / Not in Taxonomy
505,"""番茄时间""",Mismatch / Not in Taxonomy
505,"""休息时间""",Mismatch / Not in Taxonomy
505,"""专注时长分布""",Mismatch / Not in Taxonomy
505,"""打断原因统计""]",Mismatch / Not in Taxonomy
506,"[""listen live to shows""",Mismatch / Not in Taxonomy
506,"""listen back to shows""",Mismatch / Not in Taxonomy
506,"""discover and subscribe to original podcast series""",Mismatch / Not in Taxonomy
506,"""discover new podcasts based on listening history and preferences""",Mismatch / Not in Taxonomy
506,"""view popular podcasts""",Mismatch / Not in Taxonomy
506,"""enjoy nonstop music on digital music stations""",Mismatch / Not in Taxonomy
506,"""access curated playlists for different moods and occasions""",Mismatch / Not in Taxonomy
506,"""stream or download podcast episodes for offline listening""",Mismatch / Not in Taxonomy
506,"""smart speaker support""",Mismatch / Not in Taxonomy
506,"""apple carplay support""",Mismatch / Not in Taxonomy
506,"""chromecast support""",Mismatch / Not in Taxonomy
506,"""airplay support""]",Mismatch / Not in Taxonomy
507,"[""minimal home screen launcher""",Mismatch / Not in Taxonomy
507,"""widget for accessing important apps""",Mismatch / Not in Taxonomy
507,"""mutes distractions including badges and app icons""",Mismatch / Not in Taxonomy
507,"""intuitive design""",Mismatch / Not in Taxonomy
507,"""quick installation (60 seconds)""",Mismatch / Not in Taxonomy
507,"""privacyfocused with data ownership""",Mismatch / Not in Taxonomy
507,"""subscription plans (1 month",Mismatch / Not in Taxonomy
507,1 year,Mismatch / Not in Taxonomy
507,"lifetime)""",Mismatch / Not in Taxonomy
507,"""automatic renewal of subscription""",Mismatch / Not in Taxonomy
507,"""customizable settings to stay focused""",Mismatch / Not in Taxonomy
507,"""lock apps to prevent distractions""]",Mismatch / Not in Taxonomy
508,"[""event scheduling""",Mismatch / Not in Taxonomy
508,"""atomic time synchronization""",Mismatch / Not in Taxonomy
508,"""extensive time zone database""",Mismatch / Not in Taxonomy
508,"""unified clock face""",Mismatch / Not in Taxonomy
508,"""interactive time conversion""",Mismatch / Not in Taxonomy
508,"""dynamic widgets""",Mismatch / Not in Taxonomy
508,"""list mode""",Mismatch / Not in Taxonomy
508,"""real moon phases""",Mismatch / Not in Taxonomy
508,"""real moon rotation""",Mismatch / Not in Taxonomy
508,"""real sunrise and sunset""",Mismatch / Not in Taxonomy
508,"""advanced city lights""",Mismatch / Not in Taxonomy
508,"""haptic feedback""]",Mismatch / Not in Taxonomy
509,"[""temporarily block distracting websites on safari""",Mismatch / Not in Taxonomy
509,"""set a timer for unblocking websites""",Mismatch / Not in Taxonomy
509,"""provide a list of distracting websites to block""",Mismatch / Not in Taxonomy
509,"""predefined list of potentially distracting websites""",Mismatch / Not in Taxonomy
509,"""does not collect personal data""]",Mismatch / Not in Taxonomy
510,"[""block distracting apps and notifications""",Valid (reminders)
510,"""choose which apps to block""",Mismatch / Not in Taxonomy
510,"""set custom schedules for app blocking""",Mismatch / Not in Taxonomy
510,"""unblock apps using an unpluq distraction barrier""",Mismatch / Not in Taxonomy
510,"""select different types of distraction barriers""",Mismatch / Not in Taxonomy
510,"""shake phone to unblock apps""",Mismatch / Not in Taxonomy
510,"""tap a random pattern of buttons to unblock apps""",Mismatch / Not in Taxonomy
510,"""scroll through blank space to unblock apps""",Mismatch / Not in Taxonomy
510,"""randomly pick a distraction barrier""",Mismatch / Not in Taxonomy
510,"""scan a unique qr code to unblock apps""",Mismatch / Not in Taxonomy
510,"""use unpluq tag to unlock apps""",Mismatch / Not in Taxonomy
510,"""whitelist contacts for notifications""",Valid (reminders)
510,"""track screen time statistics""",Mismatch / Not in Taxonomy
510,"""create multiple schedules for app blocking""",Mismatch / Not in Taxonomy
510,"""use all available barrier options with premium subscription""",Mismatch / Not in Taxonomy
510,"""pair unpluq tag with the app""",Mismatch / Not in Taxonomy
510,"""connect unpluq tag via nfc""]",Mismatch / Not in Taxonomy
511,"[""block any app",Mismatch / Not in Taxonomy
511,"anytime""",Mismatch / Not in Taxonomy
511,"""create custom schedules""",Mismatch / Not in Taxonomy
511,"""set healthy screen time limits""",Mismatch / Not in Taxonomy
511,"""track your progress""",Mismatch / Not in Taxonomy
511,"""insightful reports and graphs""",Mismatch / Not in Taxonomy
511,"""personalized challenges""",Mismatch / Not in Taxonomy
511,"""unlimited custom schedules (pro feature)""",Mismatch / Not in Taxonomy
511,"""detailed historical data (pro feature)""",Mismatch / Not in Taxonomy
511,"""priority support (pro feature)""",Mismatch / Not in Taxonomy
511,"""smart app blocking""",Mismatch / Not in Taxonomy
511,"""time limits for apps""",Mismatch / Not in Taxonomy
511,"""locationbased restrictions""",Mismatch / Not in Taxonomy
511,"""focus sessions""",Mismatch / Not in Taxonomy
511,"""productivity timer""",Mismatch / Not in Taxonomy
511,"""group challenges""",Mismatch / Not in Taxonomy
511,"""social accountability""",Mismatch / Not in Taxonomy
511,"""detailed analytics""",Valid (analytics)
511,"""comprehensive progress tracking""",Mismatch / Not in Taxonomy
511,"""emergency bypass options""",Mismatch / Not in Taxonomy
511,"""cooldown periods""]",Mismatch / Not in Taxonomy
512,"[""customizable blocking""",Mismatch / Not in Taxonomy
512,"""taptoblock technology""",Mismatch / Not in Taxonomy
512,"""focus modes""",Valid (focus_mode)
512,"""secure & private data storage""",Mismatch / Not in Taxonomy
512,"""emergency unblock options""",Mismatch / Not in Taxonomy
512,"""multidevice compatibility""]",Mismatch / Not in Taxonomy
513,"[""transform phone into a distractionfree zone""",Mismatch / Not in Taxonomy
513,"""select apps to block""",Mismatch / Not in Taxonomy
513,"""place nfc tags or qr codes for blocking""",Mismatch / Not in Taxonomy
513,"""create custom blocking profiles""",Mismatch / Not in Taxonomy
513,"""nfc and qr code integration for activation""",Mismatch / Not in Taxonomy
513,"""manual",Mismatch / Not in Taxonomy
513,nfc/qr,Mismatch / Not in Taxonomy
513,"or hybrid blocking approaches""",Mismatch / Not in Taxonomy
513,"""realtime blocking of apps and websites""",Mismatch / Not in Taxonomy
513,"""simple interface with intuitive controls""",Mismatch / Not in Taxonomy
513,"""quick configuration""",Mismatch / Not in Taxonomy
513,"""minimal resource usage""",Mismatch / Not in Taxonomy
513,"""open source code for inspection and modification""]",Mismatch / Not in Taxonomy
514,"[""block indefinitely""",Mismatch / Not in Taxonomy
514,"""schedulebased blocking""",Mismatch / Not in Taxonomy
514,"""usagebased blocking""",Mismatch / Not in Taxonomy
514,"""locationbased blocking""",Mismatch / Not in Taxonomy
514,"""focus modebased blocking""",Valid (focus_mode)
514,"""siribased blocking""",Mismatch / Not in Taxonomy
514,"""multiple conditions configuration""",Mismatch / Not in Taxonomy
514,"""multiple configurations""",Mismatch / Not in Taxonomy
514,"""strict mode""",Mismatch / Not in Taxonomy
514,"""starter schemas""",Mismatch / Not in Taxonomy
514,"""widgets""",Mismatch / Not in Taxonomy
514,"""custom app icons""",Mismatch / Not in Taxonomy
514,"""custom block screen""",Mismatch / Not in Taxonomy
514,"""custom strict mode""",Mismatch / Not in Taxonomy
514,"""block uninstall""",Mismatch / Not in Taxonomy
514,"""push notifications""]",Valid (reminders)
515,"[""block distracting apps""",Mismatch / Not in Taxonomy
515,"""set time limits for app usage""",Mismatch / Not in Taxonomy
515,"""lock apps after time limit is reached""",Mismatch / Not in Taxonomy
515,"""schedule app blocking for different times of the day""",Mismatch / Not in Taxonomy
515,"""chat with an ai coach to unlock apps""",Mismatch / Not in Taxonomy
515,"""track daily usage limits""",Mismatch / Not in Taxonomy
515,"""maintain usage streaks""]",Mismatch / Not in Taxonomy
516,"[""app & website blocker""",Valid (blocking)
516,"""customizable limits & schedules""",Mismatch / Not in Taxonomy
516,"""unbreakable strict mode""",Mismatch / Not in Taxonomy
516,"""seamless multidevice sync""",Mismatch / Not in Taxonomy
516,"""powerful parental controls""",Valid (parental_control)
516,"""usage & progress tracking""",Mismatch / Not in Taxonomy
516,"""home & lock screen widgets""",Mismatch / Not in Taxonomy
516,"""daily time limits""",Mismatch / Not in Taxonomy
516,"""interactive widgets""",Mismatch / Not in Taxonomy
516,"""block lists""]",Mismatch / Not in Taxonomy
517,"[""blocks ads""",Mismatch / Not in Taxonomy
517,"""blocks popups""",Mismatch / Not in Taxonomy
517,"""blocks trackers""",Mismatch / Not in Taxonomy
517,"""blocks cookie warnings""",Mismatch / Not in Taxonomy
517,"""automatically updates blocklist twice a week""",Mismatch / Not in Taxonomy
517,"""supports multiple languages""",Mismatch / Not in Taxonomy
517,"""universal app for iphone",Mismatch / Not in Taxonomy
517,ipad,Mismatch / Not in Taxonomy
517,mac,Mismatch / Not in Taxonomy
517,"vision pro""",Mismatch / Not in Taxonomy
517,"""fully accessible with voiceover""",Mismatch / Not in Taxonomy
517,"""fully accessible with voice control""",Mismatch / Not in Taxonomy
517,"""includes dark icon variant""",Mismatch / Not in Taxonomy
517,"""includes tinted icon variant""",Mismatch / Not in Taxonomy
517,"""supports family sharing""]",Mismatch / Not in Taxonomy
518,"[""block and limit apps""",Mismatch / Not in Taxonomy
518,"""app time limits for session management""",Mismatch / Not in Taxonomy
518,"""set schedules for app usage""",Mismatch / Not in Taxonomy
518,"""dopamine pause before opening apps""",Mismatch / Not in Taxonomy
518,"""screen time challenges""",Mismatch / Not in Taxonomy
518,"""minimalist design""",Mismatch / Not in Taxonomy
518,"""screen time accountability with partners""",Mismatch / Not in Taxonomy
518,"""screen time reporting with streaks and budgets""",Valid (screen_time)
518,"""select apps to use less""",Mismatch / Not in Taxonomy
518,"""deep breath reminder before app usage""]",Valid (reminders)
519,"[""mindfulness mode""",Mismatch / Not in Taxonomy
519,"""app & website blocker""",Valid (blocking)
519,"""scheduling blocks""",Mismatch / Not in Taxonomy
519,"""personalized screen time goals""",Mismatch / Not in Taxonomy
519,"""parental controls""",Valid (parental_control)
519,"""personalized insights""",Valid (analytics)
519,"""sciencebacked strategies""",Mismatch / Not in Taxonomy
519,"""privacy assurance""]",Mismatch / Not in Taxonomy
520,"[""app blocking sessions""",Mismatch / Not in Taxonomy
520,"""individual sessions""",Mismatch / Not in Taxonomy
520,"""group sessions""",Mismatch / Not in Taxonomy
520,"""beast mode""",Mismatch / Not in Taxonomy
520,"""daily goals setting""",Mismatch / Not in Taxonomy
520,"""streak tracking""",Mismatch / Not in Taxonomy
520,"""monetary stake for overshooting limits""",Mismatch / Not in Taxonomy
520,"""customizable reminders""",Valid (reminders)
520,"""weekly leaderboards""",Mismatch / Not in Taxonomy
520,"""friend challenges""",Mismatch / Not in Taxonomy
520,"""reallife rewards""",Mismatch / Not in Taxonomy
520,"""scrolling awareness reminders""",Valid (reminders)
520,"""time tracking""",Mismatch / Not in Taxonomy
520,"""daily reports""",Mismatch / Not in Taxonomy
520,"""weekly breakdowns""",Mismatch / Not in Taxonomy
520,"""comprehensive daybefore report""",Mismatch / Not in Taxonomy
520,"""privacy and data security""]",Mismatch / Not in Taxonomy
521,"[""set app limits based on time limits or number of opens""",Mismatch / Not in Taxonomy
521,"""block apps or websites with one tap""",Mismatch / Not in Taxonomy
521,"""schedule downtime for specific times""",Mismatch / Not in Taxonomy
521,"""participate in personalized phone detox challenges""",Mismatch / Not in Taxonomy
521,"""use 'monk mode' for app blocking until the next day""",Mismatch / Not in Taxonomy
521,"""monitor the impact of each app on digital dopamine""",Mismatch / Not in Taxonomy
521,"""set daily goals for screen time and phone pickups""",Mismatch / Not in Taxonomy
521,"""track daily progress towards goals""",Mismatch / Not in Taxonomy
521,"""receive a personal balance score with visual feedback""",Mismatch / Not in Taxonomy
521,"""view screen time trends over time""",Valid (analytics)
521,"""build a streak for staying under limits""",Mismatch / Not in Taxonomy
521,"""block access to adult websites""",Mismatch / Not in Taxonomy
521,"""use apple’s screen time api for data privacy""]",Mismatch / Not in Taxonomy
522,"[""ai smart app blocker""",Mismatch / Not in Taxonomy
522,"""ai focus timer""",Mismatch / Not in Taxonomy
522,"""custom app block schedules""",Mismatch / Not in Taxonomy
522,"""screen time tracker & insights""",Valid (analytics)
522,"""digital detox challenges""",Mismatch / Not in Taxonomy
522,"""easy",Mismatch / Not in Taxonomy
522,"medium & hard modes""",Mismatch / Not in Taxonomy
522,"""streaks in group challenge""",Mismatch / Not in Taxonomy
522,"""community motivation""]",Mismatch / Not in Taxonomy
523,"[""block any app or website""",Mismatch / Not in Taxonomy
523,"""limit unblocking to pomodoro sessions""",Valid (pomodoro)
523,"""block apps for a set duration""",Mismatch / Not in Taxonomy
523,"""create schedules for app blocking""",Mismatch / Not in Taxonomy
523,"""track app usage daily",Mismatch / Not in Taxonomy
523,weekly,Mismatch / Not in Taxonomy
523,"and monthly""]",Mismatch / Not in Taxonomy
524,"[""monitor screen time""",Mismatch / Not in Taxonomy
524,"""view app usage""",Mismatch / Not in Taxonomy
524,"""receive notifications for new app installations""",Valid (reminders)
524,"""receive daily summary of app and web usage""",Mismatch / Not in Taxonomy
524,"""set daily time limits for screen time""",Mismatch / Not in Taxonomy
524,"""set schedules for device usage""",Mismatch / Not in Taxonomy
524,"""instantly pause devices""",Mismatch / Not in Taxonomy
524,"""block app activity during bedtime""",Mismatch / Not in Taxonomy
524,"""gps phone location tracking""",Mismatch / Not in Taxonomy
524,"""get alerts for location changes""",Mismatch / Not in Taxonomy
524,"""set tasks and chores for earning screen time""",Mismatch / Not in Taxonomy
524,"""use free play mode to override time limits""",Mismatch / Not in Taxonomy
524,"""share app management with other adults""",Mismatch / Not in Taxonomy
524,"""track multiple devices per account""",Mismatch / Not in Taxonomy
524,"""approve or reject new app downloads""",Mismatch / Not in Taxonomy
524,"""track daily app activity""",Mismatch / Not in Taxonomy
524,"""monitor web history""",Mismatch / Not in Taxonomy
524,"""block inappropriate websites""",Mismatch / Not in Taxonomy
524,"""realtime location tracking""",Mismatch / Not in Taxonomy
524,"""track child's route""",Mismatch / Not in Taxonomy
524,"""geofencing alerts""",Mismatch / Not in Taxonomy
524,"""prevent uninstallation of the app""",Mismatch / Not in Taxonomy
524,"""block access to settings""]",Mismatch / Not in Taxonomy
525,"[""track phone usage""",Mismatch / Not in Taxonomy
525,"""view daily app usage for the last month""",Mismatch / Not in Taxonomy
525,"""mark apps as productive""",Mismatch / Not in Taxonomy
525,"""remove productive apps from average screen time""]",Mismatch / Not in Taxonomy
526,"[""block and limit screen time""",Mismatch / Not in Taxonomy
526,"""web filters to block inappropriate content""",Mismatch / Not in Taxonomy
526,"""set daily screen time limits for apps and sites""",Mismatch / Not in Taxonomy
526,"""pause the internet for family members""",Mismatch / Not in Taxonomy
526,"""monitor history of visited sites""",Mismatch / Not in Taxonomy
526,"""track usage across all devices""",Mismatch / Not in Taxonomy
526,"""location tracking for mobile devices""",Mismatch / Not in Taxonomy
526,"""set bedtimes for connected devices""",Mismatch / Not in Taxonomy
526,"""reward system for extra online time""",Mismatch / Not in Taxonomy
526,"""schedule distractionfree internet time""",Mismatch / Not in Taxonomy
526,"""wifi blocking""",Mismatch / Not in Taxonomy
526,"""app blocking""",Mismatch / Not in Taxonomy
526,"""personalized dashboard for kids to track their own screen time""",Valid (analytics)
526,"""inhome device management for smart tvs",Mismatch / Not in Taxonomy
526,video game consoles,Mismatch / Not in Taxonomy
526,"and computers""",Mismatch / Not in Taxonomy
526,"""24/7 ingame voice and text monitoring for online games""]",Mismatch / Not in Taxonomy
527,"[""select apps or websites to block""",Mismatch / Not in Taxonomy
527,"""select daily time limit per app""",Mismatch / Not in Taxonomy
527,"""select required exercise""",Mismatch / Not in Taxonomy
527,"""select required reps""",Mismatch / Not in Taxonomy
527,"""do selected exercise to unlock apps or websites""",Mismatch / Not in Taxonomy
527,"""unlimited custom block settings (pro feature)""",Mismatch / Not in Taxonomy
527,"""add skips (pro feature)""",Mismatch / Not in Taxonomy
527,"""access to more statistics (pro feature)""]",Mismatch / Not in Taxonomy
528,"[""daily screen time limits""",Mismatch / Not in Taxonomy
528,"""app blocking""",Mismatch / Not in Taxonomy
528,"""kid tracking""",Mismatch / Not in Taxonomy
528,"""ai powered search""",Mismatch / Not in Taxonomy
528,"""message alerts""",Mismatch / Not in Taxonomy
528,"""social media monitoring""",Mismatch / Not in Taxonomy
528,"""porn blocking""",Mismatch / Not in Taxonomy
528,"""web filtering""",Mismatch / Not in Taxonomy
528,"""alerts about web activity""",Mismatch / Not in Taxonomy
528,"""enforce safe search""",Mismatch / Not in Taxonomy
528,"""app insights""",Valid (analytics)
528,"""schedule restricted times""",Mismatch / Not in Taxonomy
528,"""pause the internet""",Mismatch / Not in Taxonomy
528,"""set limits on games & apps""",Mismatch / Not in Taxonomy
528,"""custom routines for apps and websites""",Mismatch / Not in Taxonomy
528,"""search alerts""",Mismatch / Not in Taxonomy
528,"""sms message alerts""",Mismatch / Not in Taxonomy
528,"""social monitoring alerts""",Mismatch / Not in Taxonomy
528,"""30day online activity reports""",Mismatch / Not in Taxonomy
528,"""app download alerts""",Mismatch / Not in Taxonomy
528,"""monitor youtube activity""",Mismatch / Not in Taxonomy
528,"""track calls""",Mismatch / Not in Taxonomy
528,"""gps location monitoring""",Mismatch / Not in Taxonomy
528,"""find your child’s phone""",Mismatch / Not in Taxonomy
528,"""locate kids on the move""",Mismatch / Not in Taxonomy
528,"""share your location""",Mismatch / Not in Taxonomy
528,"""save favorite places""",Mismatch / Not in Taxonomy
528,"""realtime alerts for concerning websites""",Mismatch / Not in Taxonomy
528,"""sos feature""",Mismatch / Not in Taxonomy
528,"""detailed daily and weekly activity reports""]",Mismatch / Not in Taxonomy
529,"[""daily screen time limits""",Mismatch / Not in Taxonomy
529,"""app blocking""",Mismatch / Not in Taxonomy
529,"""kid tracking""",Mismatch / Not in Taxonomy
529,"""ai powered search""",Mismatch / Not in Taxonomy
529,"""message alerts""",Mismatch / Not in Taxonomy
529,"""social media monitoring""",Mismatch / Not in Taxonomy
529,"""porn blocking""",Mismatch / Not in Taxonomy
529,"""web filtering""",Mismatch / Not in Taxonomy
529,"""alerts about web activity""",Mismatch / Not in Taxonomy
529,"""enforce safe search""",Mismatch / Not in Taxonomy
529,"""app insights""",Valid (analytics)
529,"""schedule restricted times""",Mismatch / Not in Taxonomy
529,"""pause the internet""",Mismatch / Not in Taxonomy
529,"""set limits on games & apps""",Mismatch / Not in Taxonomy
529,"""custom routines for apps and websites""",Mismatch / Not in Taxonomy
529,"""search alerts""",Mismatch / Not in Taxonomy
529,"""sms message alerts""",Mismatch / Not in Taxonomy
529,"""social monitoring alerts""",Mismatch / Not in Taxonomy
529,"""30day online activity reports""",Mismatch / Not in Taxonomy
529,"""app download alerts""",Mismatch / Not in Taxonomy
529,"""monitor youtube activity""",Mismatch / Not in Taxonomy
529,"""track calls""",Mismatch / Not in Taxonomy
529,"""gps location monitoring""",Mismatch / Not in Taxonomy
529,"""find your child’s phone""",Mismatch / Not in Taxonomy
529,"""locate kids on the move""",Mismatch / Not in Taxonomy
529,"""share your location""",Mismatch / Not in Taxonomy
529,"""save favorite places""",Mismatch / Not in Taxonomy
529,"""realtime alerts for concerning websites""",Mismatch / Not in Taxonomy
529,"""enable sos feature""",Mismatch / Not in Taxonomy
529,"""detailed daily and weekly activity reports""]",Mismatch / Not in Taxonomy
530,"[""onetap pause""",Mismatch / Not in Taxonomy
530,"""smart schedules""",Mismatch / Not in Taxonomy
530,"""app & category control""",Mismatch / Not in Taxonomy
530,"""gentle reminders""",Valid (reminders)
530,"""clear insights""",Valid (analytics)
530,"""widgets""",Mismatch / Not in Taxonomy
530,"""privacyfirst""",Mismatch / Not in Taxonomy
530,"""native & lightweight""",Mismatch / Not in Taxonomy
530,"""mindful defaults""]",Mismatch / Not in Taxonomy
531,"[""regular reminders to assess intentional phone use""",Valid (reminders)
531,"""scheduled nudges to encourage mindful decisions""",Mismatch / Not in Taxonomy
531,"""weekly progress tracking""",Mismatch / Not in Taxonomy
531,"""daily notifications for activity tracking""",Valid (reminders)
531,"""focus sessions to block distracting apps""",Mismatch / Not in Taxonomy
531,"""strict daily limits for screen time""",Mismatch / Not in Taxonomy
531,"""secure data storage on the device""]",Mismatch / Not in Taxonomy
532,"[""block distracting apps until you verify touching grass""",Mismatch / Not in Taxonomy
532,"""smart grass detection using computer vision""",Mismatch / Not in Taxonomy
532,"""track your screen time progress""",Mismatch / Not in Taxonomy
532,"""flexible unblock durations""",Mismatch / Not in Taxonomy
532,"""monthly free skip""",Mismatch / Not in Taxonomy
532,"""block unlimited apps and categories""",Mismatch / Not in Taxonomy
532,"""view your screen time history""",Mismatch / Not in Taxonomy
532,"""deeper insights into usage patterns""",Valid (analytics)
532,"""choose apps to block""",Mismatch / Not in Taxonomy
532,"""take a photo of grass to unblock apps""]",Mismatch / Not in Taxonomy
533,"[""realtime insights for parents""",Valid (analytics)
533,"""customizable rewards system""",Mismatch / Not in Taxonomy
533,"""encouragement of physical activity""",Mismatch / Not in Taxonomy
533,"""promotion of social engagement""",Mismatch / Not in Taxonomy
533,"""personalized tasks and achievements""",Mismatch / Not in Taxonomy
533,"""userfriendly setup and management""",Mismatch / Not in Taxonomy
533,"""realtime tracking of device engagement""",Mismatch / Not in Taxonomy
533,"""integration with apple ecosystem features""",Mismatch / Not in Taxonomy
533,"""support for up to 6 family members""]",Mismatch / Not in Taxonomy
534,"[""app blocking""",Mismatch / Not in Taxonomy
534,"""scheduled blocking""",Mismatch / Not in Taxonomy
534,"""instant blocking""",Mismatch / Not in Taxonomy
534,"""usage insights""",Valid (analytics)
534,"""motivational reminders""",Valid (reminders)
534,"""app lock""",Mismatch / Not in Taxonomy
534,"""qr code scanner""",Mismatch / Not in Taxonomy
534,"""phone cleaner""",Mismatch / Not in Taxonomy
534,"""storage cleaner""",Mismatch / Not in Taxonomy
534,"""photo vault""",Mismatch / Not in Taxonomy
534,"""qr code reader""]",Mismatch / Not in Taxonomy
535,"[""block access to apps entirely""",Mismatch / Not in Taxonomy
535,"""block apps based on current ios focus""",Mismatch / Not in Taxonomy
535,"""block all apps except a small subset of necessary ones""",Mismatch / Not in Taxonomy
535,"""lock down phone for a limited time with digital detox""",Mismatch / Not in Taxonomy
535,"""pomodoro timer blocks all apps and allows access during breaks""",Valid (pomodoro)
535,"""view daily screen time""",Mismatch / Not in Taxonomy
535,"""see which apps take your attention the most""",Mismatch / Not in Taxonomy
535,"""allow temporary access to a restricted app""",Mismatch / Not in Taxonomy
535,"""automate app blocking",Mismatch / Not in Taxonomy
535,digital detox,Mismatch / Not in Taxonomy
535,"and pomodoro timer with shortcuts""]",Valid (pomodoro)
536,"[""set screen time limits""",Mismatch / Not in Taxonomy
536,"""manage child’s apps""",Mismatch / Not in Taxonomy
536,"""set individual app time limits""",Mismatch / Not in Taxonomy
536,"""block apps""",Mismatch / Not in Taxonomy
536,"""manage content filters""",Mismatch / Not in Taxonomy
536,"""set up parental controls on google services""",Valid (parental_control)
536,"""block inappropriate sites""",Mismatch / Not in Taxonomy
536,"""require approval for new apps""",Mismatch / Not in Taxonomy
536,"""manage permissions for apps and websites""",Mismatch / Not in Taxonomy
536,"""manage child’s account and data settings""",Mismatch / Not in Taxonomy
536,"""change or reset child’s password""",Mismatch / Not in Taxonomy
536,"""edit child’s personal information""",Mismatch / Not in Taxonomy
536,"""delete child’s account""",Mismatch / Not in Taxonomy
536,"""locate children on a map""",Mismatch / Not in Taxonomy
536,"""get notifications and alerts""",Valid (reminders)
536,"""ring devices""",Mismatch / Not in Taxonomy
536,"""view device’s remaining battery life""]",Mismatch / Not in Taxonomy
537,"[""set screen time limits""",Mismatch / Not in Taxonomy
537,"""manage child’s apps""",Mismatch / Not in Taxonomy
537,"""set individual app time limits""",Mismatch / Not in Taxonomy
537,"""block apps""",Mismatch / Not in Taxonomy
537,"""manage content filters""",Mismatch / Not in Taxonomy
537,"""set up parental controls on google services""",Valid (parental_control)
537,"""block inappropriate sites""",Mismatch / Not in Taxonomy
537,"""require approval for new apps""",Mismatch / Not in Taxonomy
537,"""manage permissions for apps and websites""",Mismatch / Not in Taxonomy
537,"""secure child’s account""",Mismatch / Not in Taxonomy
537,"""change or reset child’s password""",Mismatch / Not in Taxonomy
537,"""edit child’s personal information""",Mismatch / Not in Taxonomy
537,"""delete child’s account""",Mismatch / Not in Taxonomy
537,"""locate children on a map""",Mismatch / Not in Taxonomy
537,"""get notifications and alerts""",Valid (reminders)
537,"""ring devices""",Mismatch / Not in Taxonomy
537,"""view device’s remaining battery life""]",Mismatch / Not in Taxonomy
538,"[""set a daily playtime limit""",Mismatch / Not in Taxonomy
538,"""manage gamechat settings""",Mismatch / Not in Taxonomy
538,"""view child's play activity""",Mismatch / Not in Taxonomy
538,"""set agebased restrictions""",Mismatch / Not in Taxonomy
538,"""set purchasing restrictions""]",Mismatch / Not in Taxonomy
539,"[""set a daily playtime limit""",Mismatch / Not in Taxonomy
539,"""manage gamechat settings""",Mismatch / Not in Taxonomy
539,"""view child's play activity""",Mismatch / Not in Taxonomy
539,"""set agebased restrictions""",Mismatch / Not in Taxonomy
539,"""set purchasing restrictions""",Mismatch / Not in Taxonomy
539,"""receive alarm notifications when time limit is reached""",Valid (reminders)
539,"""suspend games when time limit is reached""",Mismatch / Not in Taxonomy
539,"""restrict ingame communication features""",Mismatch / Not in Taxonomy
539,"""manage spending on nintendo eshop""",Mismatch / Not in Taxonomy
539,"""use gamechat for voice or video chat""",Mismatch / Not in Taxonomy
539,"""approve friends for gamechat""",Mismatch / Not in Taxonomy
539,"""restrict video chat""",Mismatch / Not in Taxonomy
539,"""view gamechat history""",Mismatch / Not in Taxonomy
539,"""check daily and monthly play activity""",Mismatch / Not in Taxonomy
539,"""choose games based on age categories""",Mismatch / Not in Taxonomy
539,"""whitelist specific games""",Mismatch / Not in Taxonomy
539,"""receive push notifications for new game downloads""",Valid (reminders)
539,"""limit exchange of messages and images""",Mismatch / Not in Taxonomy
539,"""restrict ability to post screenshots""",Mismatch / Not in Taxonomy
539,"""restrict vr mode""",Mismatch / Not in Taxonomy
539,"""transfer settings from nintendo switch to nintendo switch 2""]",Mismatch / Not in Taxonomy
540,"[""phone time limit""",Mismatch / Not in Taxonomy
540,"""app blocking""",Mismatch / Not in Taxonomy
540,"""daily schedules""",Mismatch / Not in Taxonomy
540,"""gps geolocation""",Mismatch / Not in Taxonomy
540,"""safe internet""",Mismatch / Not in Taxonomy
540,"""educational tasks""",Mismatch / Not in Taxonomy
540,"""physical exercises""",Mismatch / Not in Taxonomy
540,"""loud signal""",Mismatch / Not in Taxonomy
540,"""app tracker mode""",Mismatch / Not in Taxonomy
540,"""usage data access""",Mismatch / Not in Taxonomy
540,"""draw over other apps""",Mismatch / Not in Taxonomy
540,"""special access""",Mismatch / Not in Taxonomy
540,"""autostart""",Mismatch / Not in Taxonomy
540,"""device administrator""]",Mismatch / Not in Taxonomy
541,"[""screen time management""",Mismatch / Not in Taxonomy
541,"""location tracking""",Mismatch / Not in Taxonomy
541,"""application usage tracking""",Mismatch / Not in Taxonomy
541,"""limit app usage""",Mismatch / Not in Taxonomy
541,"""limit phone usage""",Mismatch / Not in Taxonomy
541,"""website control""",Mismatch / Not in Taxonomy
541,"""youtube monitoring""",Mismatch / Not in Taxonomy
541,"""block apps""",Mismatch / Not in Taxonomy
541,"""set daily app time limit""",Mismatch / Not in Taxonomy
541,"""block inappropriate content""",Mismatch / Not in Taxonomy
541,"""monitor social media chats""",Mismatch / Not in Taxonomy
541,"""night mode""",Mismatch / Not in Taxonomy
541,"""eyes protection""",Mismatch / Not in Taxonomy
541,"""app lock""",Mismatch / Not in Taxonomy
541,"""phone lock""",Mismatch / Not in Taxonomy
541,"""set schedules for usage""",Mismatch / Not in Taxonomy
541,"""detailed view of daily phone usage""",Mismatch / Not in Taxonomy
541,"""monitor apps usage statistics""",Mismatch / Not in Taxonomy
541,"""monitor messengers""",Mismatch / Not in Taxonomy
541,"""monitor websites visited""",Mismatch / Not in Taxonomy
541,"""web filters""",Mismatch / Not in Taxonomy
541,"""block youtube videos and channels""",Mismatch / Not in Taxonomy
541,"""turn on safe search""",Mismatch / Not in Taxonomy
541,"""monitor phonebook""",Mismatch / Not in Taxonomy
541,"""monitor latest photos""",Mismatch / Not in Taxonomy
541,"""monitor battery level""",Mismatch / Not in Taxonomy
541,"""view call history""",Mismatch / Not in Taxonomy
541,"""view sms history""",Mismatch / Not in Taxonomy
541,"""sound monitoring""",Mismatch / Not in Taxonomy
541,"""app settings""]",Mismatch / Not in Taxonomy
542,"[""gps location tracker""",Mismatch / Not in Taxonomy
542,"""location history tracking""",Mismatch / Not in Taxonomy
542,"""loud notification signal""",Valid (reminders)
542,"""security control notifications""",Valid (reminders)
542,"""custom location alerts""",Mismatch / Not in Taxonomy
542,"""battery status tracking""",Mismatch / Not in Taxonomy
542,"""battery low notifications""",Valid (reminders)
542,"""family chat feature""",Mismatch / Not in Taxonomy
542,"""funny stickers in chat""",Mismatch / Not in Taxonomy
542,"""emergency button for child""",Mismatch / Not in Taxonomy
542,"""subscription management""",Mismatch / Not in Taxonomy
542,"""camera access for avatar""",Mismatch / Not in Taxonomy
542,"""contacts access for phone number setup""",Mismatch / Not in Taxonomy
542,"""microphone access for voice messages""",Mismatch / Not in Taxonomy
542,"""push notifications for movements and messages""]",Valid (reminders)
543,"[""realtime device location tracking""",Mismatch / Not in Taxonomy
543,"""location history tracking""",Mismatch / Not in Taxonomy
543,"""location alerts for entering or leaving safety areas""",Mismatch / Not in Taxonomy
543,"""scheduled location alerts""",Mismatch / Not in Taxonomy
543,"""breadcrumb map tracking""",Mismatch / Not in Taxonomy
543,"""checkin notifications""",Valid (reminders)
543,"""parental controls for app and website content""",Valid (parental_control)
543,"""age range filters for content blocking""",Mismatch / Not in Taxonomy
543,"""instant internet access blocking""",Mismatch / Not in Taxonomy
543,"""time limits for app usage""",Mismatch / Not in Taxonomy
543,"""web and app usage tracking""",Mismatch / Not in Taxonomy
543,"""emergency alert button""",Mismatch / Not in Taxonomy
543,"""lost phone locator with sound""",Mismatch / Not in Taxonomy
543,"""dual parent or guardian admin feature""",Mismatch / Not in Taxonomy
543,"""installation of secure family app for adults""",Mismatch / Not in Taxonomy
543,"""installation of secure family companion app for children""]",Mismatch / Not in Taxonomy
544,"[""view child's location""",Mismatch / Not in Taxonomy
544,"""monitor sms text messages""",Mismatch / Not in Taxonomy
544,"""track app usage""",Mismatch / Not in Taxonomy
544,"""view call logs""",Mismatch / Not in Taxonomy
544,"""monitor web searches and browsing""",Mismatch / Not in Taxonomy
544,"""receive safety alerts for dangerous messages or searches""",Mismatch / Not in Taxonomy
544,"""monitor phone calls""",Mismatch / Not in Taxonomy
544,"""set daily screen time limits""",Mismatch / Not in Taxonomy
544,"""block or allow apps""",Mismatch / Not in Taxonomy
544,"""schedule app usage""",Mismatch / Not in Taxonomy
544,"""block inappropriate websites""",Mismatch / Not in Taxonomy
544,"""get alerts for harmful web searches""",Mismatch / Not in Taxonomy
544,"""track child's phone location in realtime""",Mismatch / Not in Taxonomy
544,"""view location history""",Mismatch / Not in Taxonomy
544,"""use family locator feature""",Mismatch / Not in Taxonomy
544,"""lock or unlock child's phone remotely""",Mismatch / Not in Taxonomy
544,"""wipe child's phone""",Mismatch / Not in Taxonomy
544,"""buzz child's phone""",Mismatch / Not in Taxonomy
544,"""prevent phone use during specific times""",Mismatch / Not in Taxonomy
544,"""monitor messages from social media apps""",Mismatch / Not in Taxonomy
544,"""receive alerts for concerning chat content""",Mismatch / Not in Taxonomy
544,"""generate detailed reports of phone activity""",Mismatch / Not in Taxonomy
544,"""view app usage duration and times""",Mismatch / Not in Taxonomy
544,"""restrict app usage""",Mismatch / Not in Taxonomy
544,"""view web browsing history""",Mismatch / Not in Taxonomy
544,"""enable web filter""",Mismatch / Not in Taxonomy
544,"""set up safety alerts for specific categories""",Mismatch / Not in Taxonomy
544,"""custom keyword text monitoring""",Mismatch / Not in Taxonomy
544,"""detect inappropriate pictures""",Mismatch / Not in Taxonomy
544,"""control app usage remotely""",Mismatch / Not in Taxonomy
544,"""access controls via secure web portal""",Mismatch / Not in Taxonomy
544,"""demonstration mode for app features""]",Mismatch / Not in Taxonomy
545,"[""location sharing""",Mismatch / Not in Taxonomy
545,"""parental controls""",Valid (parental_control)
545,"""safe walk with sos""",Mismatch / Not in Taxonomy
545,"""crash detection""",Mismatch / Not in Taxonomy
545,"""roadside assistance""",Mismatch / Not in Taxonomy
545,"""family line""",Mismatch / Not in Taxonomy
545,"""content filtering""",Mismatch / Not in Taxonomy
545,"""monitor verizon call and text activity""",Mismatch / Not in Taxonomy
545,"""limit verizon data usage""",Mismatch / Not in Taxonomy
545,"""monitor web and app activity""",Mismatch / Not in Taxonomy
545,"""manage screen time""",Mismatch / Not in Taxonomy
545,"""pause internet""",Mismatch / Not in Taxonomy
545,"""pickmeup features""",Mismatch / Not in Taxonomy
545,"""checkin features""",Mismatch / Not in Taxonomy
545,"""location alerts""",Mismatch / Not in Taxonomy
545,"""view driving activity""",Mismatch / Not in Taxonomy
545,"""basic location sharing on smartwatch""",Mismatch / Not in Taxonomy
545,"""24/7 assist""]",Mismatch / Not in Taxonomy
546,"[""realtime cell phone gps tracker""",Mismatch / Not in Taxonomy
546,"""location history""",Mismatch / Not in Taxonomy
546,"""location safety zones (geofencing)""",Mismatch / Not in Taxonomy
546,"""contact list monitoring""",Mismatch / Not in Taxonomy
546,"""panic button""",Mismatch / Not in Taxonomy
546,"""app usage statistics""",Mismatch / Not in Taxonomy
546,"""surroundings recording""",Mismatch / Not in Taxonomy
546,"""live camera""",Mismatch / Not in Taxonomy
546,"""text monitoring""",Mismatch / Not in Taxonomy
546,"""installed apps monitoring""",Mismatch / Not in Taxonomy
546,"""location alerts""]",Mismatch / Not in Taxonomy
547,"[""screen time tracker""",Mismatch / Not in Taxonomy
547,"""set time limits for apps and games""",Mismatch / Not in Taxonomy
547,"""monitor multiple devices""",Mismatch / Not in Taxonomy
547,"""location tracking""",Mismatch / Not in Taxonomy
547,"""device synchronization""",Mismatch / Not in Taxonomy
547,"""block apps""",Mismatch / Not in Taxonomy
547,"""view usage statistics""",Mismatch / Not in Taxonomy
547,"""create motivational tasks""",Mismatch / Not in Taxonomy
547,"""push notifications for usage limits""",Valid (reminders)
547,"""individual profiles for each child""",Mismatch / Not in Taxonomy
547,"""customize settings for each child""",Mismatch / Not in Taxonomy
547,"""manage subscriptions""",Mismatch / Not in Taxonomy
547,"""autorenewal of subscriptions""",Mismatch / Not in Taxonomy
547,"""trial period for subscriptions""]",Mismatch / Not in Taxonomy
548,"[""phone locator""",Mismatch / Not in Taxonomy
548,"""realtime location tracking""",Mismatch / Not in Taxonomy
548,"""interactive map display""",Mismatch / Not in Taxonomy
548,"""custom safety zones""",Mismatch / Not in Taxonomy
548,"""instant alerts for zone arrivals/departures""",Mismatch / Not in Taxonomy
548,"""live tracking feature""",Mismatch / Not in Taxonomy
548,"""temporary location sharing""",Mismatch / Not in Taxonomy
548,"""support for various smart devices and tags""",Mismatch / Not in Taxonomy
548,"""locate misplaced items",Mismatch / Not in Taxonomy
548,pets,Mismatch / Not in Taxonomy
548,"or vehicles""",Mismatch / Not in Taxonomy
548,"""parental controls""",Valid (parental_control)
548,"""monitor device usage""",Mismatch / Not in Taxonomy
548,"""set digital boundaries""",Mismatch / Not in Taxonomy
548,"""number search feature for locating devices""",Mismatch / Not in Taxonomy
548,"""privacy settings for location sharing""",Mismatch / Not in Taxonomy
548,"""subscription options (weekly",Mismatch / Not in Taxonomy
548,monthly,Mismatch / Not in Taxonomy
548,"annual)""",Mismatch / Not in Taxonomy
548,"""3day trial for subscriptions""",Mismatch / Not in Taxonomy
548,"""manage subscriptions and autorenewal settings""]",Mismatch / Not in Taxonomy
549,"[""monitor child's online activities""",Mismatch / Not in Taxonomy
549,"""manage screen time through device schedules""",Mismatch / Not in Taxonomy
549,"""location alerts for tracking movements""",Mismatch / Not in Taxonomy
549,"""web content filtering across major browsers""",Mismatch / Not in Taxonomy
549,"""set rules for child devices""",Mismatch / Not in Taxonomy
549,"""daily time limit for mobile and tablet usage""",Mismatch / Not in Taxonomy
549,"""track facebook activity and receive alerts for suspicious content""",Mismatch / Not in Taxonomy
549,"""keywordbased blocking of harmful content""",Mismatch / Not in Taxonomy
549,"""web history logs for monitoring online activity""",Mismatch / Not in Taxonomy
549,"""remote control options for device protection""",Mismatch / Not in Taxonomy
549,"""access to information through an online dashboard""]",Valid (analytics)
550,"[""kid safe mode""",Mismatch / Not in Taxonomy
550,"""block apps""",Mismatch / Not in Taxonomy
550,"""block web browsers""",Mismatch / Not in Taxonomy
550,"""block app downloads""",Mismatch / Not in Taxonomy
550,"""set time limits""",Mismatch / Not in Taxonomy
550,"""set device free moments""",Mismatch / Not in Taxonomy
550,"""create a kid dedicated launcher""",Mismatch / Not in Taxonomy
550,"""prioritize educational apps""",Mismatch / Not in Taxonomy
550,"""child profile creation""",Mismatch / Not in Taxonomy
550,"""select allowed apps""",Mismatch / Not in Taxonomy
550,"""kids launcher display""",Mismatch / Not in Taxonomy
550,"""one tap child mode switch""",Mismatch / Not in Taxonomy
550,"""multiple child profiles""",Mismatch / Not in Taxonomy
550,"""pin protected modifications""",Mismatch / Not in Taxonomy
550,"""block uninstall of the app""",Mismatch / Not in Taxonomy
550,"""daily screen time limits""",Mismatch / Not in Taxonomy
550,"""set schedules for screenfree moments""",Mismatch / Not in Taxonomy
550,"""track app usage statistics""",Mismatch / Not in Taxonomy
550,"""unlock favorite apps after educational app usage""",Mismatch / Not in Taxonomy
550,"""recommended educational apps""]",Mismatch / Not in Taxonomy
551,"[""limit screen time""",Mismatch / Not in Taxonomy
551,"""block apps & games""",Mismatch / Not in Taxonomy
551,"""website blocker""",Valid (blocking)
551,"""texting app blocker""",Mismatch / Not in Taxonomy
551,"""social media monitor""",Mismatch / Not in Taxonomy
551,"""app install alerts""",Mismatch / Not in Taxonomy
551,"""schedules for device access""",Mismatch / Not in Taxonomy
551,"""family time lock""",Mismatch / Not in Taxonomy
551,"""uninstall protection""",Mismatch / Not in Taxonomy
551,"""gps location tracking""",Mismatch / Not in Taxonomy
551,"""geofencing""",Mismatch / Not in Taxonomy
551,"""find my family""",Mismatch / Not in Taxonomy
551,"""activity summary""",Mismatch / Not in Taxonomy
551,"""expert advice""",Mismatch / Not in Taxonomy
551,"""collaboration with coparents/guardians""",Mismatch / Not in Taxonomy
551,"""child dashboard""]",Valid (analytics)
552,"[""realtime location tracking""",Mismatch / Not in Taxonomy
552,"""historical location data review""",Mismatch / Not in Taxonomy
552,"""personalized geozones with notifications""",Valid (reminders)
552,"""help alerts for danger""",Mismatch / Not in Taxonomy
552,"""panic button for emergencies""",Mismatch / Not in Taxonomy
552,"""access to contacts""",Mismatch / Not in Taxonomy
552,"""geofencing alerts""",Mismatch / Not in Taxonomy
552,"""installed apps visibility""",Mismatch / Not in Taxonomy
552,"""detailed google search history""",Mismatch / Not in Taxonomy
552,"""app usage tracking""",Mismatch / Not in Taxonomy
552,"""app blocking feature""]",Mismatch / Not in Taxonomy
553,"[""monitor every app used by the child""",Mismatch / Not in Taxonomy
553,"""get alerts about bullying",Mismatch / Not in Taxonomy
553,explicit messages,Mismatch / Not in Taxonomy
553,"or drug references""",Mismatch / Not in Taxonomy
553,"""connect child's google account to supervise youtube and search""",Mismatch / Not in Taxonomy
553,"""understand what the child is typing and messaging in all apps""",Mismatch / Not in Taxonomy
553,"""comprehensive text message monitoring",Mismatch / Not in Taxonomy
553,including images,Mismatch / Not in Taxonomy
553,group chats,Mismatch / Not in Taxonomy
553,"and deleted messages""",Mismatch / Not in Taxonomy
553,"""install a secure keyboard on the child's device""",Mismatch / Not in Taxonomy
553,"""provide realtime updates and summaries""",Mismatch / Not in Taxonomy
553,"""aipowered alerts and summaries across all apps""",Mismatch / Not in Taxonomy
553,"""highlight concerning content",Mismatch / Not in Taxonomy
553,activity trends,Valid (analytics)
553,emotional state,Mismatch / Not in Taxonomy
553,"and text transcripts""",Mismatch / Not in Taxonomy
553,"""monitor ai interactions and provide realtime alerts""",Mismatch / Not in Taxonomy
553,"""securely manage child's digital passwords with a password locker""]",Mismatch / Not in Taxonomy
554,"[""realtime location tracking""",Mismatch / Not in Taxonomy
554,"""checkin feature""",Mismatch / Not in Taxonomy
554,"""sos alert""",Mismatch / Not in Taxonomy
554,"""find a lost device by ringing it""",Mismatch / Not in Taxonomy
554,"""set time limits for screen time""",Mismatch / Not in Taxonomy
554,"""pause internet access""",Mismatch / Not in Taxonomy
554,"""set content filters""",Mismatch / Not in Taxonomy
554,"""monitor app and browser usage""",Mismatch / Not in Taxonomy
554,"""schedule downtime for internetfree periods""",Mismatch / Not in Taxonomy
554,"""reward good behavior with extra screen time""",Mismatch / Not in Taxonomy
554,"""view location history""",Mismatch / Not in Taxonomy
554,"""create safety areas with notifications""",Valid (reminders)
554,"""gain insight into online usage""]",Mismatch / Not in Taxonomy
555,"[""family gps locator""",Mismatch / Not in Taxonomy
555,"""realtime location tracking""",Mismatch / Not in Taxonomy
555,"""geofencing for safe zones""",Mismatch / Not in Taxonomy
555,"""instant alerts for zone entry/exit""",Mismatch / Not in Taxonomy
555,"""movement history tracking""",Mismatch / Not in Taxonomy
555,"""secure family messenger""",Mismatch / Not in Taxonomy
555,"""task assignment for children""",Mismatch / Not in Taxonomy
555,"""reward system for task completion""",Mismatch / Not in Taxonomy
555,"""loud alarm activation""",Valid (reminders)
555,"""realtime battery level monitoring""",Mismatch / Not in Taxonomy
555,"""messenger monitoring for apps like whatsapp",Mismatch / Not in Taxonomy
555,viber,Mismatch / Not in Taxonomy
555,facebook,Mismatch / Not in Taxonomy
555,"and instagram""",Mismatch / Not in Taxonomy
555,"""audio recording near the child""",Mismatch / Not in Taxonomy
555,"""live audio listening""",Mismatch / Not in Taxonomy
555,"""unlimited chat/messenger viewing""",Mismatch / Not in Taxonomy
555,"""app usage statistics""",Mismatch / Not in Taxonomy
555,"""child achievements tracking""",Mismatch / Not in Taxonomy
555,"""game blocking""",Mismatch / Not in Taxonomy
555,"""playtime limit setting""",Mismatch / Not in Taxonomy
555,"""circumvent silent mode for alerts""]",Mismatch / Not in Taxonomy
556,"[""automatic time limits""",Mismatch / Not in Taxonomy
556,"""website filtering""",Mismatch / Not in Taxonomy
556,"""childfriendly search engine adjustments""",Mismatch / Not in Taxonomy
556,"""locked",Mismatch / Not in Taxonomy
556,study,Mismatch / Not in Taxonomy
556,"or leisure modes""",Mismatch / Not in Taxonomy
556,"""automatic schedules for phone locking""",Mismatch / Not in Taxonomy
556,"""weekly insights on app usage""",Valid (analytics)
556,"""crossdevice compatibility""",Mismatch / Not in Taxonomy
556,"""location sharing feature""",Mismatch / Not in Taxonomy
556,"""data security and privacy""",Mismatch / Not in Taxonomy
556,"""blocking apps and inappropriate content""",Mismatch / Not in Taxonomy
556,"""setting daily screen time limits""",Mismatch / Not in Taxonomy
556,"""location tracking and alerts""",Mismatch / Not in Taxonomy
556,"""customized schedules for app usage""",Mismatch / Not in Taxonomy
556,"""insights on online activities""",Valid (analytics)
556,"""curated digital parenting guide""]",Mismatch / Not in Taxonomy
557,"[""applications blocking""",Mismatch / Not in Taxonomy
557,"""internet blocking""",Mismatch / Not in Taxonomy
557,"""time limit for device usage""",Mismatch / Not in Taxonomy
557,"""child locator""",Mismatch / Not in Taxonomy
557,"""geofencing""",Mismatch / Not in Taxonomy
557,"""youtube blocking""",Mismatch / Not in Taxonomy
557,"""sos button""",Mismatch / Not in Taxonomy
557,"""sound level monitoring""",Mismatch / Not in Taxonomy
557,"""battery level monitoring""",Mismatch / Not in Taxonomy
557,"""device pairing""]",Mismatch / Not in Taxonomy
558,"[""screen time management""",Mismatch / Not in Taxonomy
558,"""unsafe selfie detection""",Mismatch / Not in Taxonomy
558,"""gps tracking""",Mismatch / Not in Taxonomy
558,"""smombie prevention""]",Mismatch / Not in Taxonomy
559,"[""daily screen time limits""",Mismatch / Not in Taxonomy
559,"""custom schedules for screen time""",Mismatch / Not in Taxonomy
559,"""instant pause feature""",Mismatch / Not in Taxonomy
559,"""free play feature""",Mismatch / Not in Taxonomy
559,"""todo lists management""",Mismatch / Not in Taxonomy
559,"""screen time rewards""",Mismatch / Not in Taxonomy
559,"""app usage monitoring""",Mismatch / Not in Taxonomy
559,"""inappropriate website blocking""",Mismatch / Not in Taxonomy
559,"""live location tracking""",Mismatch / Not in Taxonomy
559,"""screen capture""",Mismatch / Not in Taxonomy
559,"""call monitoring""",Mismatch / Not in Taxonomy
559,"""sms monitoring""",Mismatch / Not in Taxonomy
559,"""website usage monitoring""",Mismatch / Not in Taxonomy
559,"""activity reports""",Mismatch / Not in Taxonomy
559,"""app/game blocker""",Mismatch / Not in Taxonomy
559,"""sos emergency alerts""]",Mismatch / Not in Taxonomy
560,"[""block websites and inapp content""",Mismatch / Not in Taxonomy
560,"""remotecontrol rules from a phone""",Mismatch / Not in Taxonomy
560,"""set daily screentime limits""",Mismatch / Not in Taxonomy
560,"""schedule downtime""",Mismatch / Not in Taxonomy
560,"""preblock risky apps""",Mismatch / Not in Taxonomy
560,"""get instant alerts for blocked sites or apps""",Mismatch / Not in Taxonomy
560,"""lock settings behind a parentonly passcode""",Mismatch / Not in Taxonomy
560,"""pair devices with a qr code""",Mismatch / Not in Taxonomy
560,"""edit rules remotely""",Mismatch / Not in Taxonomy
560,"""create oneoff",Mismatch / Not in Taxonomy
560,daily,Valid (habit_tracking)
560,"or weekly rules""",Mismatch / Not in Taxonomy
560,"""process data ondevice""]",Mismatch / Not in Taxonomy
561,"[""locate family members""",Mismatch / Not in Taxonomy
561,"""track children's location""",Mismatch / Not in Taxonomy
561,"""realtime location updates""",Mismatch / Not in Taxonomy
561,"""userfriendly interface""",Mismatch / Not in Taxonomy
561,"""access to premium subscription options""",Mismatch / Not in Taxonomy
561,"""adfree experience""",Mismatch / Not in Taxonomy
561,"""manage subscriptions and autorenewal settings""",Mismatch / Not in Taxonomy
561,"""contact support service""",Mismatch / Not in Taxonomy
561,"""review privacy policy""",Mismatch / Not in Taxonomy
561,"""review terms of use""]",Mismatch / Not in Taxonomy
562,"[""parental control""",Valid (parental_control)
562,"""safe browsing""",Mismatch / Not in Taxonomy
562,"""malware protection""",Mismatch / Not in Taxonomy
562,"""dnsbased interception""",Mismatch / Not in Taxonomy
562,"""comprehensive content filtering""",Mismatch / Not in Taxonomy
562,"""safesearch enforcement""",Mismatch / Not in Taxonomy
562,"""activity monitoring""",Mismatch / Not in Taxonomy
562,"""customizable controls""",Mismatch / Not in Taxonomy
562,"""social media and tracker blocking""",Mismatch / Not in Taxonomy
562,"""robust website filtering""]",Mismatch / Not in Taxonomy
563,"[""screen time management""",Mismatch / Not in Taxonomy
563,"""checkin""",Mismatch / Not in Taxonomy
563,"""geofence""",Mismatch / Not in Taxonomy
563,"""application info""",Mismatch / Not in Taxonomy
563,"""app blocking""",Mismatch / Not in Taxonomy
563,"""app usage report""",Mismatch / Not in Taxonomy
563,"""web history""",Mismatch / Not in Taxonomy
563,"""web blocking""]",Mismatch / Not in Taxonomy
564,"[""notification monitoring""",Valid (reminders)
564,"""app monitoring""",Mismatch / Not in Taxonomy
564,"""calls and sms monitoring""",Mismatch / Not in Taxonomy
564,"""device information""",Mismatch / Not in Taxonomy
564,"""battery percentage""]",Mismatch / Not in Taxonomy
565,"[""screen time management""",Mismatch / Not in Taxonomy
565,"""app blocking""",Mismatch / Not in Taxonomy
565,"""digital timeout""",Mismatch / Not in Taxonomy
565,"""website filtering""",Mismatch / Not in Taxonomy
565,"""web and app usage history""",Mismatch / Not in Taxonomy
565,"""block inapp purchases""",Mismatch / Not in Taxonomy
565,"""location alerts""",Mismatch / Not in Taxonomy
565,"""location tracking""",Mismatch / Not in Taxonomy
565,"""permission requests""",Mismatch / Not in Taxonomy
565,"""uninstall protection""",Mismatch / Not in Taxonomy
565,"""activity feed""",Mismatch / Not in Taxonomy
565,"""rules map""",Mismatch / Not in Taxonomy
565,"""block download of new apps""",Mismatch / Not in Taxonomy
565,"""receive kid’s permission request to access blocked apps""",Mismatch / Not in Taxonomy
565,"""receive kid’s permission request to access blocked websites""",Mismatch / Not in Taxonomy
565,"""locate kids on an interactive map""",Mismatch / Not in Taxonomy
565,"""receive kid’s checkedin alert""",Mismatch / Not in Taxonomy
565,"""receive an automatic alert when kids arrive or leave a known place""]",Mismatch / Not in Taxonomy
566,"[""personalized workout plans""",Mismatch / Not in Taxonomy
566,"""training games""",Mismatch / Not in Taxonomy
566,"""brain workouts""",Mismatch / Not in Taxonomy
566,"""track training progress""",Mismatch / Not in Taxonomy
566,"""improve working memory""",Mismatch / Not in Taxonomy
566,"""improve attention""",Mismatch / Not in Taxonomy
566,"""improve focus""",Mismatch / Not in Taxonomy
566,"""improve mental maths""",Mismatch / Not in Taxonomy
566,"""improve mental agility""",Mismatch / Not in Taxonomy
566,"""improve problemsolving skills""",Mismatch / Not in Taxonomy
566,"""3day free trial""",Mismatch / Not in Taxonomy
566,"""subscription management""",Mismatch / Not in Taxonomy
566,"""no interruptions or ads""]",Mismatch / Not in Taxonomy
567,"[""cognitive behavioral therapy (cbt) techniques""",Mismatch / Not in Taxonomy
567,"""identify and confront cognitive distortions""",Mismatch / Not in Taxonomy
567,"""aidriven journaling with adaptive questions""",Mismatch / Not in Taxonomy
567,"""ai chatbot trained in cbt""",Mismatch / Not in Taxonomy
567,"""mood",Mismatch / Not in Taxonomy
567,emotion,Mismatch / Not in Taxonomy
567,"and activity tracking""",Mismatch / Not in Taxonomy
567,"""actionable insights from patterns and trends""",Valid (analytics)
567,"""monthly badge rewards""",Mismatch / Not in Taxonomy
567,"""guided journals for selfawareness""",Mismatch / Not in Taxonomy
567,"""standardized mental health assessments""",Mismatch / Not in Taxonomy
567,"""sciencebacked personality tests""",Mismatch / Not in Taxonomy
567,"""educational mental health programs""",Mismatch / Not in Taxonomy
567,"""mindfulness meditation audios""",Mismatch / Not in Taxonomy
567,"""soundscapes""",Mismatch / Not in Taxonomy
567,"""breathwork exercises""",Mismatch / Not in Taxonomy
567,"""daily therapeutic tips""",Mismatch / Not in Taxonomy
567,"""positive affirmations""",Mismatch / Not in Taxonomy
567,"""pro mode subscription for additional features""",Mismatch / Not in Taxonomy
567,"""data backup options""",Mismatch / Not in Taxonomy
567,"""local storage of journal entries""",Mismatch / Not in Taxonomy
567,"""export and data sync features""]",Mismatch / Not in Taxonomy
568,"[""adhd tips categorized into general",Mismatch / Not in Taxonomy
568,cleaning,Mismatch / Not in Taxonomy
568,memory,Mismatch / Not in Taxonomy
568,time blindness,Mismatch / Not in Taxonomy
568,distractions,Mismatch / Not in Taxonomy
568,getting things done,Mismatch / Not in Taxonomy
568,emotional dysregulation,Mismatch / Not in Taxonomy
568,sleep,Mismatch / Not in Taxonomy
568,relationships,Mismatch / Not in Taxonomy
568,work,Valid (focus_mode)
568,school,Mismatch / Not in Taxonomy
568,executive function,Mismatch / Not in Taxonomy
568,"nutrition/medication""",Mismatch / Not in Taxonomy
568,"""adhd test for adults""",Mismatch / Not in Taxonomy
568,"""adhd test for women and girls""",Mismatch / Not in Taxonomy
568,"""timers""",Mismatch / Not in Taxonomy
568,"""journal feature""",Mismatch / Not in Taxonomy
568,"""community support through numo tribe""",Mismatch / Not in Taxonomy
568,"""daily support from adhd peers""",Mismatch / Not in Taxonomy
568,"""aidriven organization of tasks""",Mismatch / Not in Taxonomy
568,"""ranking of tasks by importance""",Mismatch / Not in Taxonomy
568,"""braindump feature to organize thoughts""]",Mismatch / Not in Taxonomy
569,"[""learn new words""",Mismatch / Not in Taxonomy
569,"""choose level of difficulty""",Mismatch / Not in Taxonomy
569,"""select vocabulary categories""",Mismatch / Not in Taxonomy
569,"""customize app features""",Mismatch / Not in Taxonomy
569,"""scroll through words""]",Mismatch / Not in Taxonomy
570,"[""daily activities and visual reminders""",Valid (reminders)
570,"""daily focus feature""",Mismatch / Not in Taxonomy
570,"""coworking sessions""",Mismatch / Not in Taxonomy
570,"""goal setting tools""",Mismatch / Not in Taxonomy
570,"""routine creation tools""",Mismatch / Not in Taxonomy
570,"""schedule management""",Mismatch / Not in Taxonomy
570,"""organization tools""",Mismatch / Not in Taxonomy
570,"""time management tools""",Mismatch / Not in Taxonomy
570,"""mood and emotional regulation support""",Mismatch / Not in Taxonomy
570,"""distraction reduction strategies""",Mismatch / Not in Taxonomy
570,"""impulsivity management tools""",Mismatch / Not in Taxonomy
570,"""procrastination prevention strategies""",Mismatch / Not in Taxonomy
570,"""mindfulness exercises""",Mismatch / Not in Taxonomy
570,"""nutrition guidance""",Mismatch / Not in Taxonomy
570,"""medication and treatment options information""",Mismatch / Not in Taxonomy
570,"""community support for adhd/add""]",Mismatch / Not in Taxonomy
571,"[""track emotions""",Mismatch / Not in Taxonomy
571,"""track sleep""",Mismatch / Not in Taxonomy
571,"""track exercise""",Mismatch / Not in Taxonomy
571,"""track health trends""",Valid (analytics)
571,"""identify patterns over time""",Mismatch / Not in Taxonomy
571,"""share feelings with friends""",Mismatch / Not in Taxonomy
571,"""access stepbystep video strategies""",Mismatch / Not in Taxonomy
571,"""cognitive strategies for negative thought patterns""",Mismatch / Not in Taxonomy
571,"""movement strategies for emotional expression""",Mismatch / Not in Taxonomy
571,"""mindfulness strategies for emotional perspective""",Mismatch / Not in Taxonomy
571,"""social strategies for building intimacy and trust""",Mismatch / Not in Taxonomy
571,"""data privacy with local storage option""]",Mismatch / Not in Taxonomy
572,"[""focusboosting games""",Mismatch / Not in Taxonomy
572,"""memory and logic puzzles""",Mismatch / Not in Taxonomy
572,"""daily brain workouts""",Mismatch / Not in Taxonomy
572,"""personalized brain training""",Mismatch / Not in Taxonomy
572,"""offline access""",Mismatch / Not in Taxonomy
572,"""logic puzzles""",Mismatch / Not in Taxonomy
572,"""memory challenges""",Mismatch / Not in Taxonomy
572,"""math games""",Mismatch / Not in Taxonomy
572,"""relaxing games""",Mismatch / Not in Taxonomy
572,"""daily personalized workout""",Mismatch / Not in Taxonomy
572,"""bitesized games""",Mismatch / Not in Taxonomy
572,"""focus challenges""",Mismatch / Not in Taxonomy
572,"""memory practice""",Mismatch / Not in Taxonomy
572,"""math tasks""",Mismatch / Not in Taxonomy
572,"""calming activities""",Mismatch / Not in Taxonomy
572,"""multilanguage support""]",Mismatch / Not in Taxonomy
573,"[""personalized goalsetting""",Mismatch / Not in Taxonomy
573,"""tailored strategies""",Mismatch / Not in Taxonomy
573,"""expert guidance""",Mismatch / Not in Taxonomy
573,"""customizable todo lists""",Mismatch / Not in Taxonomy
573,"""immersive focus mode""",Valid (focus_mode)
573,"""progress trackers""",Mismatch / Not in Taxonomy
573,"""evidencebased techniques""",Mismatch / Not in Taxonomy
573,"""personalized recommendations""",Mismatch / Not in Taxonomy
573,"""community engagement""",Mismatch / Not in Taxonomy
573,"""morning",Mismatch / Not in Taxonomy
573,afternoon,Mismatch / Not in Taxonomy
573,"evening routines""",Mismatch / Not in Taxonomy
573,"""coaching library""",Mismatch / Not in Taxonomy
573,"""ondemand coaching sessions""",Mismatch / Not in Taxonomy
573,"""strategies to reduce distractions""",Mismatch / Not in Taxonomy
573,"""gamified todo list""",Mismatch / Not in Taxonomy
573,"""daily routine sculpting""]",Valid (habit_tracking)
574,"[""habit tracking""",Mismatch / Not in Taxonomy
574,"""activity tracking""",Mismatch / Not in Taxonomy
574,"""goal classification""",Mismatch / Not in Taxonomy
574,"""limit classification""",Mismatch / Not in Taxonomy
574,"""time tracking""",Mismatch / Not in Taxonomy
574,"""daily task timer""",Mismatch / Not in Taxonomy
574,"""todo list""",Mismatch / Not in Taxonomy
574,"""reminders""",Valid (reminders)
574,"""visual progress statistics""",Mismatch / Not in Taxonomy
574,"""flexible timeframes for goals""",Mismatch / Not in Taxonomy
574,"""individual activity trackers""",Mismatch / Not in Taxonomy
574,"""motivating reminders""",Valid (reminders)
574,"""streak tracking""",Mismatch / Not in Taxonomy
574,"""customizable interface""]",Mismatch / Not in Taxonomy
575,"[""blends psychology",Mismatch / Not in Taxonomy
575,story,Mismatch / Not in Taxonomy
575,"sound and play""",Mismatch / Not in Taxonomy
575,"""chooseyourownpath gameplay""",Mismatch / Not in Taxonomy
575,"""unique dreamlike world with soothing and immersive ambient soundscapes""",Mismatch / Not in Taxonomy
575,"""11 dreams that unlock different psychological powers""",Mismatch / Not in Taxonomy
575,"""engaged online community""",Mismatch / Not in Taxonomy
575,"""access three free chapters""",Mismatch / Not in Taxonomy
575,"""oneoff fee for full program access""]",Mismatch / Not in Taxonomy
576,"[""countdown timer for each task""",Valid (timer)
576,"""variety of alarm types""",Valid (reminders)
576,"""display start and end time for each task""",Mismatch / Not in Taxonomy
576,"""chimes for reminders""",Valid (reminders)
576,"""random task generator""",Mismatch / Not in Taxonomy
576,"""personalization with emoji and background color""",Mismatch / Not in Taxonomy
576,"""preset lists for frequently performed tasks""",Mismatch / Not in Taxonomy
576,"""count overtime after timer ends""",Mismatch / Not in Taxonomy
576,"""soundscapes to reduce background noise""",Mismatch / Not in Taxonomy
576,"""integration with todoist""",Mismatch / Not in Taxonomy
576,"""keyboard shortcuts""",Mismatch / Not in Taxonomy
576,"""mobile app version""",Mismatch / Not in Taxonomy
576,"""desktop app version""]",Mismatch / Not in Taxonomy
577,"[""countdown timer for each task""",Valid (timer)
577,"""variety of alarm types""",Valid (reminders)
577,"""display start and end time for each task""",Mismatch / Not in Taxonomy
577,"""chimes for reminders""",Valid (reminders)
577,"""random task generator""",Mismatch / Not in Taxonomy
577,"""personalization options for tasks (emoji and background color)""",Mismatch / Not in Taxonomy
577,"""preset lists for frequently performed tasks""",Mismatch / Not in Taxonomy
577,"""count overtime after timer ends""",Mismatch / Not in Taxonomy
577,"""soundscapes to reduce background noise""",Mismatch / Not in Taxonomy
577,"""integration with todoist""",Mismatch / Not in Taxonomy
577,"""keyboard shortcuts""",Mismatch / Not in Taxonomy
577,"""mobile app version""",Mismatch / Not in Taxonomy
577,"""desktop app version""]",Mismatch / Not in Taxonomy
578,"[""daily affirmations""",Mismatch / Not in Taxonomy
578,"""set reminders for affirmations""",Valid (reminders)
578,"""access to premium content and functionality""",Mismatch / Not in Taxonomy
578,"""subscription options (lifetime",Mismatch / Not in Taxonomy
578,monthly,Mismatch / Not in Taxonomy
578,"yearly)""",Mismatch / Not in Taxonomy
578,"""manage subscriptions and autorenewal""",Mismatch / Not in Taxonomy
578,"""inspiring quotes in multiple languages""",Mismatch / Not in Taxonomy
578,"""daily motivational quotes""",Mismatch / Not in Taxonomy
578,"""facts about various topics""",Mismatch / Not in Taxonomy
578,"""vocabulary learning tool""",Mismatch / Not in Taxonomy
578,"""loving kindness meditations""",Mismatch / Not in Taxonomy
578,"""mood tracking""",Mismatch / Not in Taxonomy
578,"""emotion identification""",Mismatch / Not in Taxonomy
578,"""personalized tips and quotes from ai""",Mismatch / Not in Taxonomy
578,"""inspirational quotes for slack channels""]",Mismatch / Not in Taxonomy
579,"[""fdaauthorized digital therapeutic""",Mismatch / Not in Taxonomy
579,"""gamebased adhd treatment""",Mismatch / Not in Taxonomy
579,"""focus score metric""",Mismatch / Not in Taxonomy
579,"""track attention progress""",Mismatch / Not in Taxonomy
579,"""adaptive algorithms for personalized treatment""",Mismatch / Not in Taxonomy
579,"""mobile video game format""",Mismatch / Not in Taxonomy
579,"""challenges to tap targets""",Mismatch / Not in Taxonomy
579,"""navigate obstacles""",Mismatch / Not in Taxonomy
579,"""multitasking challenges""",Mismatch / Not in Taxonomy
579,"""realtime adaptation to skill level""",Mismatch / Not in Taxonomy
579,"""initial focus score ranging from 0100""",Mismatch / Not in Taxonomy
579,"""projected target focus score""",Mismatch / Not in Taxonomy
579,"""6week treatment course""",Mismatch / Not in Taxonomy
579,"""recovery break between treatment doses""",Mismatch / Not in Taxonomy
579,"""no prescription needed""",Mismatch / Not in Taxonomy
579,"""subscription model""",Mismatch / Not in Taxonomy
579,"""downloadable on mobile platforms""]",Mismatch / Not in Taxonomy
580,"[""fdaauthorized digital therapeutic""",Mismatch / Not in Taxonomy
580,"""gamebased adhd treatment""",Mismatch / Not in Taxonomy
580,"""focus score metric""",Mismatch / Not in Taxonomy
580,"""personalized attention tracking""",Mismatch / Not in Taxonomy
580,"""adaptive algorithms for difficulty adjustment""",Mismatch / Not in Taxonomy
580,"""mobile video game format""",Mismatch / Not in Taxonomy
580,"""target tapping gameplay""",Mismatch / Not in Taxonomy
580,"""navigation gameplay""",Mismatch / Not in Taxonomy
580,"""multitasking challenges""",Mismatch / Not in Taxonomy
580,"""realtime skill adaptation""",Mismatch / Not in Taxonomy
580,"""initial focus score assessment""",Mismatch / Not in Taxonomy
580,"""projected target focus score""",Mismatch / Not in Taxonomy
580,"""6week treatment course""",Mismatch / Not in Taxonomy
580,"""recovery week between treatment doses""",Mismatch / Not in Taxonomy
580,"""subscription model""",Mismatch / Not in Taxonomy
580,"""no prescription needed""",Mismatch / Not in Taxonomy
580,"""clinical trial data""",Mismatch / Not in Taxonomy
580,"""no lasting or serious side effects""",Mismatch / Not in Taxonomy
580,"""downloadable app""",Mismatch / Not in Taxonomy
580,"""available on app stores""]",Mismatch / Not in Taxonomy
581,"[""haptic feedback""",Mismatch / Not in Taxonomy
581,"""sound effects""",Mismatch / Not in Taxonomy
581,"""fidget games""",Mismatch / Not in Taxonomy
581,"""guided meditations""",Mismatch / Not in Taxonomy
581,"""soundscapes""",Mismatch / Not in Taxonomy
581,"""breathing exercises""",Mismatch / Not in Taxonomy
581,"""mood tracking""",Mismatch / Not in Taxonomy
581,"""journaling""",Mismatch / Not in Taxonomy
581,"""habit tracking""",Mismatch / Not in Taxonomy
581,"""30 second countdown timer""",Valid (timer)
581,"""multiplayer games""",Mismatch / Not in Taxonomy
581,"""singleplayer games""",Mismatch / Not in Taxonomy
581,"""lock journal entries with face or touch id""",Mismatch / Not in Taxonomy
581,"""leaderboards""",Mismatch / Not in Taxonomy
581,"""haptic breathing guide""",Mismatch / Not in Taxonomy
581,"""feelscape patterns""",Mismatch / Not in Taxonomy
581,"""timer for vibrating patterns""",Mismatch / Not in Taxonomy
581,"""color theme customization""",Mismatch / Not in Taxonomy
581,"""apple watch app""]",Mismatch / Not in Taxonomy
582,"[""assign tasks as 'quests'""",Mismatch / Not in Taxonomy
582,"""create custom tasks""",Mismatch / Not in Taxonomy
582,"""choose a virtual pet (doter)""",Mismatch / Not in Taxonomy
582,"""receive notifications to review and approve/reject tasks""",Valid (reminders)
582,"""earn coins for completing tasks""",Mismatch / Not in Taxonomy
582,"""track completed tasks""",Mismatch / Not in Taxonomy
582,"""monitor progress on a daily",Mismatch / Not in Taxonomy
582,weekly,Mismatch / Not in Taxonomy
582,"and monthly schedule""",Mismatch / Not in Taxonomy
582,"""send reminders to help children stick to their routine""",Valid (reminders)
582,"""access a large list of researchbacked activities""",Mismatch / Not in Taxonomy
582,"""gamification elements to motivate children""",Mismatch / Not in Taxonomy
582,"""provide ageappropriate task recommendations""",Mismatch / Not in Taxonomy
582,"""allow multiple devices for user access""",Mismatch / Not in Taxonomy
582,"""24/7 customer support""",Mismatch / Not in Taxonomy
582,"""create family accounts""",Mismatch / Not in Taxonomy
582,"""set up child accounts""",Mismatch / Not in Taxonomy
582,"""provide experience points for game progression""",Mismatch / Not in Taxonomy
582,"""recommend new quests based on progress""]",Mismatch / Not in Taxonomy
583,"[""drag & drop magic""",Mismatch / Not in Taxonomy
583,"""flexible time blocks""",Mismatch / Not in Taxonomy
583,"""visual planning""",Mismatch / Not in Taxonomy
583,"""task bucket""",Mismatch / Not in Taxonomy
583,"""calendar sync""",Mismatch / Not in Taxonomy
583,"""reminders sync""",Valid (reminders)
583,"""home screen widgets""",Mismatch / Not in Taxonomy
583,"""everywhere access""",Mismatch / Not in Taxonomy
583,"""schedule shift""",Mismatch / Not in Taxonomy
583,"""task rollover""",Mismatch / Not in Taxonomy
583,"""quick changes""",Mismatch / Not in Taxonomy
583,"""clean & simple""",Mismatch / Not in Taxonomy
583,"""beautiful colors""",Mismatch / Not in Taxonomy
583,"""save your routines""",Mismatch / Not in Taxonomy
583,"""make plans stick""]",Mismatch / Not in Taxonomy
584,"[""bitesize educational content""",Mismatch / Not in Taxonomy
584,"""gamified todo list""",Mismatch / Not in Taxonomy
584,"""social accountability features""",Mismatch / Not in Taxonomy
584,"""private and public task management""",Mismatch / Not in Taxonomy
584,"""karma points system""",Mismatch / Not in Taxonomy
584,"""leveling system for task completion""",Mismatch / Not in Taxonomy
584,"""support from other adhd users""",Mismatch / Not in Taxonomy
584,"""task completion visibility""",Mismatch / Not in Taxonomy
584,"""daily handpicked tips""",Mismatch / Not in Taxonomy
584,"""affirmations from the adhd community""",Mismatch / Not in Taxonomy
584,"""interactive content with polls""",Mismatch / Not in Taxonomy
584,"""short stories with text",Mismatch / Not in Taxonomy
584,images,Mismatch / Not in Taxonomy
584,gifs,Mismatch / Not in Taxonomy
584,"and voiceover""]",Mismatch / Not in Taxonomy
585,"[""meet and chat with friends""",Mismatch / Not in Taxonomy
585,"""match with potential partners""",Mismatch / Not in Taxonomy
585,"""post",Mismatch / Not in Taxonomy
585,react,Mismatch / Not in Taxonomy
585,comment,Mismatch / Not in Taxonomy
585,"and engage in community discussions""",Mismatch / Not in Taxonomy
585,"""create or join group chats""",Mismatch / Not in Taxonomy
585,"""block or report uncomfortable interactions""",Mismatch / Not in Taxonomy
585,"""profile verification""",Mismatch / Not in Taxonomy
585,"""define neurodivergent traits and support needs in profiles""",Mismatch / Not in Taxonomy
585,"""add personalized messages to match requests""",Mismatch / Not in Taxonomy
585,"""see who has sent 'likes'""",Mismatch / Not in Taxonomy
585,"""send 'sparks' to get noticed""",Mismatch / Not in Taxonomy
585,"""boost profile visibility""",Mismatch / Not in Taxonomy
585,"""view new profiles in other cities""",Mismatch / Not in Taxonomy
585,"""send video messages to matches""",Mismatch / Not in Taxonomy
585,"""respond to prompts with text",Mismatch / Not in Taxonomy
585,audio,Mismatch / Not in Taxonomy
585,"or video""]",Mismatch / Not in Taxonomy
586,"[""2",Mismatch / Not in Taxonomy
586,"500+ meditations""",Mismatch / Not in Taxonomy
586,"""hypnotherapy""",Mismatch / Not in Taxonomy
586,"""music""",Mismatch / Not in Taxonomy
586,"""sleep aids""",Mismatch / Not in Taxonomy
586,"""eft/tapping""",Mismatch / Not in Taxonomy
586,"""sleep stories""",Mismatch / Not in Taxonomy
586,"""bedtime visualizations""",Mismatch / Not in Taxonomy
586,"""curated playlists""",Mismatch / Not in Taxonomy
586,"""binaural beats""",Mismatch / Not in Taxonomy
586,"""customizable soundscapes""",Mismatch / Not in Taxonomy
586,"""personalized recommendations""",Mismatch / Not in Taxonomy
586,"""inapp companion""",Mismatch / Not in Taxonomy
586,"""24/7 expert coaches""",Mismatch / Not in Taxonomy
586,"""instantly generated tracks""",Mismatch / Not in Taxonomy
586,"""short effective tracks""",Mismatch / Not in Taxonomy
586,"""reminders and alarms""",Valid (reminders)
586,"""7",Mismatch / Not in Taxonomy
586,30,Mismatch / Not in Taxonomy
586,"and 90day meditation programs""",Mismatch / Not in Taxonomy
586,"""mindfulness programs for kids and teens""",Mismatch / Not in Taxonomy
586,"""practical tools like alarms and favorites""",Valid (reminders)
586,"""background music control""",Mismatch / Not in Taxonomy
586,"""progress sync across devices""",Mismatch / Not in Taxonomy
586,"""apple health integration""]",Mismatch / Not in Taxonomy
587,"[""personalized procrastination & adhd support""",Mismatch / Not in Taxonomy
587,"""daily bitesized tasks""",Mismatch / Not in Taxonomy
587,"""cbt therapy techniques""",Mismatch / Not in Taxonomy
587,"""focus & mindfulness exercises""",Mismatch / Not in Taxonomy
587,"""progress tracking""",Mismatch / Not in Taxonomy
587,"""365+ selfpaced lessons""",Mismatch / Not in Taxonomy
587,"""expertdriven approach""",Mismatch / Not in Taxonomy
587,"""community support""",Mismatch / Not in Taxonomy
587,"""procrastination triggers quiz""",Mismatch / Not in Taxonomy
587,"""personalized daily tasks""]",Mismatch / Not in Taxonomy
588,"[""aipowered task decomposition""",Mismatch / Not in Taxonomy
588,"""customized user profiles""",Mismatch / Not in Taxonomy
588,"""deep task analysis""",Mismatch / Not in Taxonomy
588,"""pomodoro timer integration""",Valid (pomodoro)
588,"""eisenhower matrix for prioritization""",Mismatch / Not in Taxonomy
588,"""productivity tracking""",Mismatch / Not in Taxonomy
588,"""ai chat for motivation and support""]",Mismatch / Not in Taxonomy
589,"[""selfguided training program""",Mismatch / Not in Taxonomy
589,"""library of information about mindfulness""",Mismatch / Not in Taxonomy
589,"""audioguided mindfulness exercises""",Mismatch / Not in Taxonomy
589,"""catalog of additional exercises available for free download""",Mismatch / Not in Taxonomy
589,"""goalsetting and tracking""",Mismatch / Not in Taxonomy
589,"""mindfulness mastery assessment""",Mismatch / Not in Taxonomy
589,"""customizable reminders""",Valid (reminders)
589,"""access to support and crisis resources""]",Mismatch / Not in Taxonomy
590,"[""guided meditations""",Mismatch / Not in Taxonomy
590,"""sleep tools""",Mismatch / Not in Taxonomy
590,"""sleep sounds""",Mismatch / Not in Taxonomy
590,"""sleepcasts""",Mismatch / Not in Taxonomy
590,"""personalized recommendations""",Mismatch / Not in Taxonomy
590,"""breathwork techniques""",Mismatch / Not in Taxonomy
590,"""mental health coaching""",Mismatch / Not in Taxonomy
590,"""textbased coaching""",Mismatch / Not in Taxonomy
590,"""progress tracking""",Mismatch / Not in Taxonomy
590,"""selfcare tracker""",Mismatch / Not in Taxonomy
590,"""mindful movement exercises""",Mismatch / Not in Taxonomy
590,"""cbt techniques""",Mismatch / Not in Taxonomy
590,"""expertled courses""",Mismatch / Not in Taxonomy
590,"""ebb ai companion""",Mismatch / Not in Taxonomy
590,"""meditation for sleep""",Mismatch / Not in Taxonomy
590,"""focus music""",Mismatch / Not in Taxonomy
590,"""binaural beats""",Mismatch / Not in Taxonomy
590,"""relaxing music for studying""",Mismatch / Not in Taxonomy
590,"""daily meditations""",Mismatch / Not in Taxonomy
590,"""mental health therapy""",Mismatch / Not in Taxonomy
590,"""online therapy""",Mismatch / Not in Taxonomy
590,"""insurance partnerships""",Mismatch / Not in Taxonomy
590,"""subscription options""",Mismatch / Not in Taxonomy
590,"""meditation sessions saving to apple health""]",Mismatch / Not in Taxonomy
591,"[""guided meditations""",Mismatch / Not in Taxonomy
591,"""sleep tools""",Mismatch / Not in Taxonomy
591,"""sleep sounds""",Mismatch / Not in Taxonomy
591,"""sleepcasts""",Mismatch / Not in Taxonomy
591,"""personalized recommendations""",Mismatch / Not in Taxonomy
591,"""calming breathwork""",Mismatch / Not in Taxonomy
591,"""breathing techniques""",Mismatch / Not in Taxonomy
591,"""mental health coaching""",Mismatch / Not in Taxonomy
591,"""text with mental health coach""",Mismatch / Not in Taxonomy
591,"""progress tracking""",Mismatch / Not in Taxonomy
591,"""selfcare tracker""",Mismatch / Not in Taxonomy
591,"""mindful movement""",Mismatch / Not in Taxonomy
591,"""cbt techniques""",Mismatch / Not in Taxonomy
591,"""cbt therapy exercises""",Mismatch / Not in Taxonomy
591,"""expertled courses""",Mismatch / Not in Taxonomy
591,"""ebb ai companion""",Mismatch / Not in Taxonomy
591,"""online therapy""",Mismatch / Not in Taxonomy
591,"""mental health support""",Mismatch / Not in Taxonomy
591,"""guided courses""",Mismatch / Not in Taxonomy
591,"""mindfulness tools""",Mismatch / Not in Taxonomy
591,"""focus music""",Mismatch / Not in Taxonomy
591,"""binaural beats""",Mismatch / Not in Taxonomy
591,"""relaxing music""",Mismatch / Not in Taxonomy
591,"""bedtime meditations""",Mismatch / Not in Taxonomy
591,"""relaxing sounds""",Mismatch / Not in Taxonomy
591,"""moodboosting exercises""",Mismatch / Not in Taxonomy
591,"""stressrelieving tools""",Mismatch / Not in Taxonomy
591,"""soundscapes""",Mismatch / Not in Taxonomy
591,"""fanfavorite sleepcasts""]",Mismatch / Not in Taxonomy
592,"[""thousands of guided meditations""",Mismatch / Not in Taxonomy
592,"""select by time for short meditations""",Mismatch / Not in Taxonomy
592,"""thousands of music tracks and ambient sounds""",Mismatch / Not in Taxonomy
592,"""meditation timer""",Mismatch / Not in Taxonomy
592,"""follow your favourite teachers""",Mismatch / Not in Taxonomy
592,"""thousands of discussion groups and community features""",Mismatch / Not in Taxonomy
592,"""stats and milestones for tracking progress""",Mismatch / Not in Taxonomy
592,"""integration with apple health mindful minutes""",Mismatch / Not in Taxonomy
592,"""practice various meditation types (e.g.",Mismatch / Not in Taxonomy
592,secular mindfulness,Mismatch / Not in Taxonomy
592,buddhist mindfulness,Mismatch / Not in Taxonomy
592,zen,Mismatch / Not in Taxonomy
592,insight meditation,Mismatch / Not in Taxonomy
592,vipassana,Mismatch / Not in Taxonomy
592,mbsr,Mismatch / Not in Taxonomy
592,walking meditation,Mismatch / Not in Taxonomy
592,breathing meditation,Mismatch / Not in Taxonomy
592,kundalini yoga,Mismatch / Not in Taxonomy
592,metta,Mismatch / Not in Taxonomy
592,"advaita vedanta)""",Mismatch / Not in Taxonomy
592,"""join community groups (e.g.",Mismatch / Not in Taxonomy
592,beginners,Mismatch / Not in Taxonomy
592,poetry,Mismatch / Not in Taxonomy
592,atheism,Mismatch / Not in Taxonomy
592,christianity,Mismatch / Not in Taxonomy
592,hinduism,Mismatch / Not in Taxonomy
592,"transcendental meditation)""",Mismatch / Not in Taxonomy
592,"""insight courses (paid feature)""",Mismatch / Not in Taxonomy
592,"""listen offline (download guided meditations)""",Mismatch / Not in Taxonomy
592,"""advanced player (repeat mode",Mismatch / Not in Taxonomy
592,fast forward and rewind,Mismatch / Not in Taxonomy
592,"pickup where you left off)""",Mismatch / Not in Taxonomy
592,"""highquality audio""",Mismatch / Not in Taxonomy
592,"""breathwork techniques guided by certified teachers""",Mismatch / Not in Taxonomy
592,"""live yoga streaming""",Mismatch / Not in Taxonomy
592,"""meditation retreats""",Mismatch / Not in Taxonomy
592,"""health and wellness retreats""",Mismatch / Not in Taxonomy
592,"""selfdiscovery retreats""",Mismatch / Not in Taxonomy
592,"""connect with nature retreats""]",Mismatch / Not in Taxonomy
593,"[""500 guided meditations""",Mismatch / Not in Taxonomy
593,"""sleep stories""",Mismatch / Not in Taxonomy
593,"""courses from experts""",Mismatch / Not in Taxonomy
593,"""guided meditations in over 10 languages""",Mismatch / Not in Taxonomy
593,"""reminders to meditate""",Valid (reminders)
593,"""daily notices""",Mismatch / Not in Taxonomy
593,"""personalized user statistics""",Mismatch / Not in Taxonomy
593,"""saves meditation sessions to apple health""",Mismatch / Not in Taxonomy
593,"""apple watch integration""",Mismatch / Not in Taxonomy
593,"""399 minute meditations""",Mismatch / Not in Taxonomy
593,"""option of silent or guided meditations""",Mismatch / Not in Taxonomy
593,"""inclusion of bells and guided introduction""",Mismatch / Not in Taxonomy
593,"""different background sounds""",Mismatch / Not in Taxonomy
593,"""save favorites for quick access""",Mismatch / Not in Taxonomy
593,"""unlimited access to all meditations and courses""",Mismatch / Not in Taxonomy
593,"""offline access to meditations and courses""",Mismatch / Not in Taxonomy
593,"""regularly updated content""",Mismatch / Not in Taxonomy
593,"""autorenewable subscription""",Mismatch / Not in Taxonomy
593,"""5day beginner's journey""",Mismatch / Not in Taxonomy
593,"""fully localized interface in multiple languages""",Mismatch / Not in Taxonomy
593,"""downloadable content for offline use""",Mismatch / Not in Taxonomy
593,"""14day free trial""",Mismatch / Not in Taxonomy
593,"""personalized reminders with streak tracking""",Valid (reminders)
593,"""accessible across ios",Mismatch / Not in Taxonomy
593,android,Mismatch / Not in Taxonomy
593,"and web""]",Mismatch / Not in Taxonomy
594,"[""guided meditations""",Mismatch / Not in Taxonomy
594,"""sleep stories""",Mismatch / Not in Taxonomy
594,"""breathwork exercises""",Mismatch / Not in Taxonomy
594,"""exclusive music""",Mismatch / Not in Taxonomy
594,"""stretching exercises""",Mismatch / Not in Taxonomy
594,"""daily meditation programs""",Mismatch / Not in Taxonomy
594,"""mindfulness topics""",Mismatch / Not in Taxonomy
594,"""daily streaks""",Mismatch / Not in Taxonomy
594,"""mindful minutes tracking""",Mismatch / Not in Taxonomy
594,"""7 and 21 day mindfulness programs""",Mismatch / Not in Taxonomy
594,"""soundscapes for sleep""",Mismatch / Not in Taxonomy
594,"""meditation sessions saved to apple health""",Mismatch / Not in Taxonomy
594,"""daily move: mindful stretching and movement""]",Mismatch / Not in Taxonomy
595,"[""guided breathing exercises""",Mismatch / Not in Taxonomy
595,"""therapeutic breathing techniques""",Mismatch / Not in Taxonomy
595,"""breathing rate measurement""",Mismatch / Not in Taxonomy
595,"""breathing pattern analysis""",Mismatch / Not in Taxonomy
595,"""breathing analyzer""",Mismatch / Not in Taxonomy
595,"""integration with apple's health app""",Mismatch / Not in Taxonomy
595,"""recording completed breathing sessions""",Mismatch / Not in Taxonomy
595,"""detailed instructions for breathing exercises""]",Mismatch / Not in Taxonomy
596,"[""free forever with no ads or inapp purchases""",Mismatch / Not in Taxonomy
596,"""100+ guided meditations""",Mismatch / Not in Taxonomy
596,"""customizable meditation timer""",Mismatch / Not in Taxonomy
596,"""mindfulness bell""",Mismatch / Not in Taxonomy
596,"""300+ video sessions/q&as with thich nhat hanh and plum village teachers""",Mismatch / Not in Taxonomy
596,"""15 guided meditations for children""",Mismatch / Not in Taxonomy
596,"""favourite meditations feature""",Mismatch / Not in Taxonomy
596,"""download talks and meditations for offline practice""",Mismatch / Not in Taxonomy
596,"""track time spent listening to meditations as 'mindful minutes' in apple health""",Mismatch / Not in Taxonomy
596,"""categories for meditations",Mismatch / Not in Taxonomy
596,talks,Mismatch / Not in Taxonomy
596,resources,Mismatch / Not in Taxonomy
596,"and bells of mindfulness""",Mismatch / Not in Taxonomy
596,"""deep relaxations""",Mismatch / Not in Taxonomy
596,"""guided contemplations""",Mismatch / Not in Taxonomy
596,"""silent meditations""",Mismatch / Not in Taxonomy
596,"""eating meditations""",Mismatch / Not in Taxonomy
596,"""library of daily practices",Mismatch / Not in Taxonomy
596,chants,Mismatch / Not in Taxonomy
596,poems,Mismatch / Not in Taxonomy
596,"and songs""",Mismatch / Not in Taxonomy
596,"""ask thay feature for reallife questions""",Mismatch / Not in Taxonomy
596,"""dharma talks""",Mismatch / Not in Taxonomy
596,"""customizable bell of mindfulness settings including start/end time",Mismatch / Not in Taxonomy
596,chime intervals,Mismatch / Not in Taxonomy
596,bell volume,Mismatch / Not in Taxonomy
596,"and daily repeating schedule""]",Mismatch / Not in Taxonomy
597,"[""guided meditations""",Mismatch / Not in Taxonomy
597,"""podcaststyle lessons""",Mismatch / Not in Taxonomy
597,"""active meditation practices""",Mismatch / Not in Taxonomy
597,"""mobile mental and emotional wellbeing assessments""",Mismatch / Not in Taxonomy
597,"""integration with apple health""",Mismatch / Not in Taxonomy
597,"""stepbystep instructions for mindfulness""",Mismatch / Not in Taxonomy
597,"""selfinquiry practices""",Mismatch / Not in Taxonomy
597,"""flexibility in session length and format""",Mismatch / Not in Taxonomy
597,"""progress tracking""",Mismatch / Not in Taxonomy
597,"""minipodcasts on neuroscience""",Mismatch / Not in Taxonomy
597,"""skills for appreciation",Mismatch / Not in Taxonomy
597,kindness,Mismatch / Not in Taxonomy
597,"and compassion""",Mismatch / Not in Taxonomy
597,"""training in mindfulness",Mismatch / Not in Taxonomy
597,attention,Mismatch / Not in Taxonomy
597,"and selfawareness""",Mismatch / Not in Taxonomy
597,"""development of personal values and principles""]",Mismatch / Not in Taxonomy
598,"[""rings a tibetan singing bowl at specified or random intervals""",Mismatch / Not in Taxonomy
598,"""set specific times for bell notifications""",Valid (reminders)
598,"""continue ringing bells while app is closed""",Mismatch / Not in Taxonomy
598,"""meditation timer using tibetan singing bowl sounds""",Mismatch / Not in Taxonomy
598,"""progressive alarm clock with tibetan singing bowl sounds""",Valid (reminders)
598,"""track billable hours and expenses""",Mismatch / Not in Taxonomy
598,"""generate invoices or spreadsheets from tracked data""]",Mismatch / Not in Taxonomy
599,"[""gratitude journal""",Mismatch / Not in Taxonomy
599,"""reminders with prompts for journaling""",Valid (reminders)
599,"""add photos to journal entries""",Mismatch / Not in Taxonomy
599,"""record journal entries in voice""",Mismatch / Not in Taxonomy
599,"""build gratitude journal streak""",Mismatch / Not in Taxonomy
599,"""access hundreds of journal prompts""",Mismatch / Not in Taxonomy
599,"""positive affirmations""",Mismatch / Not in Taxonomy
599,"""write custom affirmations""",Mismatch / Not in Taxonomy
599,"""add music to affirmations""",Mismatch / Not in Taxonomy
599,"""record voice for affirmations""",Mismatch / Not in Taxonomy
599,"""create vision boards""",Mismatch / Not in Taxonomy
599,"""collage of dreams and goals""",Mismatch / Not in Taxonomy
599,"""sections and goal ideas for vision boards""",Mismatch / Not in Taxonomy
599,"""create videos of vision boards with music""",Mismatch / Not in Taxonomy
599,"""multiple vision boards""",Mismatch / Not in Taxonomy
599,"""daily zen content""",Mismatch / Not in Taxonomy
599,"""gratitude quotes""",Mismatch / Not in Taxonomy
599,"""motivation quotes""",Mismatch / Not in Taxonomy
599,"""thought switch ideas""",Mismatch / Not in Taxonomy
599,"""thank you cards""",Mismatch / Not in Taxonomy
599,"""blog articles""",Mismatch / Not in Taxonomy
599,"""reallife stories""",Mismatch / Not in Taxonomy
599,"""mindful minutes tracking""",Mismatch / Not in Taxonomy
599,"""view mindful minutes in health app""]",Mismatch / Not in Taxonomy
600,"[""personalized guided meditations""",Mismatch / Not in Taxonomy
600,"""daily guided meditation assembly based on user input""",Mismatch / Not in Taxonomy
600,"""10day meditation skill development plans""",Mismatch / Not in Taxonomy
600,"""bitesized guided meditations (singles)""",Mismatch / Not in Taxonomy
600,"""immersive meditations with vibrations and sound effects""",Mismatch / Not in Taxonomy
600,"""sleep meditations and sleep sounds""",Mismatch / Not in Taxonomy
600,"""wind down interactive activity""",Mismatch / Not in Taxonomy
600,"""mindful minutes integration with apple’s health app""",Mismatch / Not in Taxonomy
600,"""10 concrete meditation techniques (e.g.",Mismatch / Not in Taxonomy
600,breath focus,Mismatch / Not in Taxonomy
600,"body scan)""",Mismatch / Not in Taxonomy
600,"""researchbacked relaxation activities""]",Mismatch / Not in Taxonomy
601,"[""personalized guided meditations""",Mismatch / Not in Taxonomy
601,"""daily guided meditation assembly based on user input""",Mismatch / Not in Taxonomy
601,"""10day meditation skill development plans""",Mismatch / Not in Taxonomy
601,"""bitesized guided meditations (singles)""",Mismatch / Not in Taxonomy
601,"""immersive meditations with vibrations and sound effects""",Mismatch / Not in Taxonomy
601,"""sleep meditations and sleep sounds""",Mismatch / Not in Taxonomy
601,"""wind down interactive activity""",Mismatch / Not in Taxonomy
601,"""mindful minutes integration with apple’s health app""",Mismatch / Not in Taxonomy
601,"""10 concrete meditation techniques (e.g.",Mismatch / Not in Taxonomy
601,breath focus,Mismatch / Not in Taxonomy
601,"body scan)""",Mismatch / Not in Taxonomy
601,"""researchbacked relaxation activities""]",Mismatch / Not in Taxonomy
602,"[""personalized daily video coaching""",Mismatch / Not in Taxonomy
602,"""short mindfulness practices""",Mismatch / Not in Taxonomy
602,"""12 minute long mindfulness micropractices""",Mismatch / Not in Taxonomy
602,"""breathing exercises""",Mismatch / Not in Taxonomy
602,"""short meditations""",Mismatch / Not in Taxonomy
602,"""mindfulness courses""",Mismatch / Not in Taxonomy
602,"""guided meditations""",Mismatch / Not in Taxonomy
602,"""sleep shuffle""",Mismatch / Not in Taxonomy
602,"""guided sleep meditations""",Mismatch / Not in Taxonomy
602,"""sleep music""",Mismatch / Not in Taxonomy
602,"""soothing nature soundscapes""",Mismatch / Not in Taxonomy
602,"""track mindful minutes""",Mismatch / Not in Taxonomy
602,"""community support""",Mismatch / Not in Taxonomy
602,"""daily mindfulness radio""",Mismatch / Not in Taxonomy
602,"""mini mindfulness exercises""",Mismatch / Not in Taxonomy
602,"""courses for beginners""",Mismatch / Not in Taxonomy
602,"""meditation sessions of varying lengths (5",Mismatch / Not in Taxonomy
602,10,Mismatch / Not in Taxonomy
602,15,Mismatch / Not in Taxonomy
602,"20 minutes)""",Mismatch / Not in Taxonomy
602,"""intentional living meditations""",Mismatch / Not in Taxonomy
602,"""body scan meditation""",Mismatch / Not in Taxonomy
602,"""morning intention setting meditation""",Mismatch / Not in Taxonomy
602,"""mindfulness and intention setting meditation""",Mismatch / Not in Taxonomy
602,"""cultivating gratitude meditation""",Mismatch / Not in Taxonomy
602,"""drop the story",Mismatch / Not in Taxonomy
602,"drop the stress meditation""",Mismatch / Not in Taxonomy
602,"""breath as home base meditation""",Mismatch / Not in Taxonomy
602,"""filling the body with light meditation""",Mismatch / Not in Taxonomy
602,"""become an optimist meditation""",Mismatch / Not in Taxonomy
602,"""shifting gears meditation""",Mismatch / Not in Taxonomy
602,"""goals vs. intentions meditation""]",Mismatch / Not in Taxonomy
603,"[""personalized daily video coaching""",Mismatch / Not in Taxonomy
603,"""short mindfulness practices""",Mismatch / Not in Taxonomy
603,"""12 minute long mindfulness micropractices""",Mismatch / Not in Taxonomy
603,"""breathing exercises""",Mismatch / Not in Taxonomy
603,"""guided meditations""",Mismatch / Not in Taxonomy
603,"""meditation sessions of 5",Mismatch / Not in Taxonomy
603,10,Mismatch / Not in Taxonomy
603,15,Mismatch / Not in Taxonomy
603,"or 20 minutes""",Mismatch / Not in Taxonomy
603,"""sleep shuffle""",Mismatch / Not in Taxonomy
603,"""guided sleep meditations""",Mismatch / Not in Taxonomy
603,"""sleep music""",Mismatch / Not in Taxonomy
603,"""soothing nature soundscapes""",Mismatch / Not in Taxonomy
603,"""track mindful minutes within apple health app""",Mismatch / Not in Taxonomy
603,"""mindfulness courses""",Mismatch / Not in Taxonomy
603,"""community support""",Mismatch / Not in Taxonomy
603,"""daily mindfulness radio""",Mismatch / Not in Taxonomy
603,"""mini mindfulness exercises""",Mismatch / Not in Taxonomy
603,"""courses for beginners""",Mismatch / Not in Taxonomy
603,"""mindfulness programs""",Mismatch / Not in Taxonomy
603,"""access to worldrenowned mindfulness teachers""]",Mismatch / Not in Taxonomy
604,"[""mindfulness assistant""",Mismatch / Not in Taxonomy
604,"""mood journal & dashboard""",Valid (analytics)
604,"""guided meditations""",Mismatch / Not in Taxonomy
604,"""breathing & grounding techniques""",Mismatch / Not in Taxonomy
604,"""bedtime & sleepcasts""",Mismatch / Not in Taxonomy
604,"""soundscapes for pets and humans""",Mismatch / Not in Taxonomy
604,"""moodscapes playlists""",Mismatch / Not in Taxonomy
604,"""offline access""",Mismatch / Not in Taxonomy
604,"""personalized daily suggestions""",Mismatch / Not in Taxonomy
604,"""progress tracking with mindful minutes & emotional insights""",Valid (analytics)
604,"""familyfriendly design""",Mismatch / Not in Taxonomy
604,"""dedicated pet section with curated calming playlists""",Mismatch / Not in Taxonomy
604,"""power nap helper""",Mismatch / Not in Taxonomy
604,"""bitesized daily suggestions""]",Mismatch / Not in Taxonomy
605,"[""personalized meditation plans""",Mismatch / Not in Taxonomy
605,"""extensive content library with over 500 guided sessions""",Mismatch / Not in Taxonomy
605,"""reallife practice insights from expert teachers""",Valid (analytics)
605,"""flexible meditation options""",Mismatch / Not in Taxonomy
605,"""guided meditations with timed periods""",Mismatch / Not in Taxonomy
605,"""meditation courses with stepbystep learning""",Mismatch / Not in Taxonomy
605,"""practice in action videos""",Mismatch / Not in Taxonomy
605,"""wisdom clips from meditation teachers""",Mismatch / Not in Taxonomy
605,"""weekly newsletter with articles and related meditations""",Mismatch / Not in Taxonomy
605,"""support team for user inquiries""",Mismatch / Not in Taxonomy
605,"""access to free and subscribed content""",Mismatch / Not in Taxonomy
605,"""meditation types including breathing",Mismatch / Not in Taxonomy
605,sound,Mismatch / Not in Taxonomy
605,open awareness,Mismatch / Not in Taxonomy
605,body scan,Mismatch / Not in Taxonomy
605,walking,Mismatch / Not in Taxonomy
605,lovingkindness,Mismatch / Not in Taxonomy
605,"and concentration""]",Mismatch / Not in Taxonomy
606,"[""introductory course—28day program""",Mismatch / Not in Taxonomy
606,"""daily meditation with sam harris""",Mismatch / Not in Taxonomy
606,"""moments—short reflections""",Mismatch / Not in Taxonomy
606,"""daily quote""",Mismatch / Not in Taxonomy
606,"""reflections—lessons""",Mismatch / Not in Taxonomy
606,"""sleep—talks and meditations""",Mismatch / Not in Taxonomy
606,"""meditation timer—customize sessions""",Mismatch / Not in Taxonomy
606,"""library of meditations",Mismatch / Not in Taxonomy
606,theory sessions,Mismatch / Not in Taxonomy
606,life courses,Mismatch / Not in Taxonomy
606,conversations,Mismatch / Not in Taxonomy
606,"and q&as""",Mismatch / Not in Taxonomy
606,"""community—connect with members""",Mismatch / Not in Taxonomy
606,"""mindfulness techniques (vipassana",Mismatch / Not in Taxonomy
606,lovingkindness,Mismatch / Not in Taxonomy
606,body scans,Mismatch / Not in Taxonomy
606,yoga nidra,Mismatch / Not in Taxonomy
606,"nondual awareness)""",Mismatch / Not in Taxonomy
606,"""topics on neuroscience",Mismatch / Not in Taxonomy
606,psychology,Mismatch / Not in Taxonomy
606,stoicism,Mismatch / Not in Taxonomy
606,ethics,Mismatch / Not in Taxonomy
606,psychedelics,Mismatch / Not in Taxonomy
606,productivity,Mismatch / Not in Taxonomy
606,"and happiness""",Mismatch / Not in Taxonomy
606,"""practice sessions with various teachers""",Mismatch / Not in Taxonomy
606,"""theory sessions on consciousness",Mismatch / Not in Taxonomy
606,ethics,Mismatch / Not in Taxonomy
606,"and wellbeing""",Mismatch / Not in Taxonomy
606,"""conversations with notable figures""",Mismatch / Not in Taxonomy
606,"""q&a sessions with meditation teachers""",Mismatch / Not in Taxonomy
606,"""daily mindfulness reminder—short audio messages""",Valid (reminders)
606,"""access to worldrenowned teachers and scholars""",Mismatch / Not in Taxonomy
606,"""scholarship program for those who can't afford the subscription""]",Mismatch / Not in Taxonomy
607,"[""introductory course—28day program""",Mismatch / Not in Taxonomy
607,"""daily meditation with sam harris""",Mismatch / Not in Taxonomy
607,"""moments—short reflections""",Mismatch / Not in Taxonomy
607,"""daily quote""",Mismatch / Not in Taxonomy
607,"""reflections—lessons""",Mismatch / Not in Taxonomy
607,"""sleep—talks and meditations""",Mismatch / Not in Taxonomy
607,"""meditation timer—customize sessions""",Mismatch / Not in Taxonomy
607,"""library of meditations",Mismatch / Not in Taxonomy
607,theory sessions,Mismatch / Not in Taxonomy
607,life courses,Mismatch / Not in Taxonomy
607,conversations,Mismatch / Not in Taxonomy
607,"and q&as""",Mismatch / Not in Taxonomy
607,"""community—connect with members""",Mismatch / Not in Taxonomy
607,"""mindfulness techniques (vipassana",Mismatch / Not in Taxonomy
607,lovingkindness,Mismatch / Not in Taxonomy
607,body scans,Mismatch / Not in Taxonomy
607,yoga nidra,Mismatch / Not in Taxonomy
607,"nondual awareness)""",Mismatch / Not in Taxonomy
607,"""topics on neuroscience",Mismatch / Not in Taxonomy
607,psychology,Mismatch / Not in Taxonomy
607,stoicism,Mismatch / Not in Taxonomy
607,ethics,Mismatch / Not in Taxonomy
607,psychedelics,Mismatch / Not in Taxonomy
607,productivity,Mismatch / Not in Taxonomy
607,"and happiness""",Mismatch / Not in Taxonomy
607,"""practice sessions with various teachers""",Mismatch / Not in Taxonomy
607,"""theory lessons on consciousness",Mismatch / Not in Taxonomy
607,ethics,Mismatch / Not in Taxonomy
607,"and wellbeing""",Mismatch / Not in Taxonomy
607,"""conversations with notable figures""",Mismatch / Not in Taxonomy
607,"""q&a sessions with meditation teachers""",Mismatch / Not in Taxonomy
607,"""daily mindfulness reminder—short audio message""",Valid (reminders)
607,"""scholarship program for those who can't afford the subscription""]",Mismatch / Not in Taxonomy
608,"[""engaging visuals""",Mismatch / Not in Taxonomy
608,"""control speed of visuals with pinch gesture""",Mismatch / Not in Taxonomy
608,"""soothing psychoacoustic music""",Mismatch / Not in Taxonomy
608,"""guided meditations & hypnosis""",Mismatch / Not in Taxonomy
608,"""nature sounds and white noise""",Mismatch / Not in Taxonomy
608,"""sleepy stories""",Mismatch / Not in Taxonomy
608,"""focus music""",Mismatch / Not in Taxonomy
608,"""visual breathing""",Mismatch / Not in Taxonomy
608,"""3d voice""",Mismatch / Not in Taxonomy
608,"""narration speed control""",Mismatch / Not in Taxonomy
608,"""audio fusion""",Mismatch / Not in Taxonomy
608,"""sleep timer""",Mismatch / Not in Taxonomy
608,"""variable volumes""",Mismatch / Not in Taxonomy
608,"""offline compatible""",Mismatch / Not in Taxonomy
608,"""random modes""",Mismatch / Not in Taxonomy
608,"""healthkit integration""",Mismatch / Not in Taxonomy
608,"""privacy focused""",Mismatch / Not in Taxonomy
608,"""quick presets""]",Mismatch / Not in Taxonomy
609,"[""1000+ guided meditations""",Mismatch / Not in Taxonomy
609,"""12 language support""",Mismatch / Not in Taxonomy
609,"""30+ sleep meditations""",Mismatch / Not in Taxonomy
609,"""breathing exercises""",Mismatch / Not in Taxonomy
609,"""visualization exercises""",Mismatch / Not in Taxonomy
609,"""bedtime stories""",Mismatch / Not in Taxonomy
609,"""library of sleep sounds""",Mismatch / Not in Taxonomy
609,"""ai therapy solution (soul)""",Mismatch / Not in Taxonomy
609,"""personalized support through ai""",Mismatch / Not in Taxonomy
609,"""apple watch access""",Mismatch / Not in Taxonomy
609,"""siri shortcuts""",Mismatch / Not in Taxonomy
609,"""apple healthkit integration""",Mismatch / Not in Taxonomy
609,"""dark mode support""",Mismatch / Not in Taxonomy
609,"""daily meditations on new topics""",Mismatch / Not in Taxonomy
609,"""daily inspirational quotes""",Mismatch / Not in Taxonomy
609,"""personal notetaking""",Mismatch / Not in Taxonomy
609,"""mindful meter for mindfulness stats""",Mismatch / Not in Taxonomy
609,"""inapp challenges with friends""",Mismatch / Not in Taxonomy
609,"""custom reminders for sleep and meditation""",Valid (reminders)
609,"""nature sounds with a timer""",Mismatch / Not in Taxonomy
609,"""body scan guided meditations""",Mismatch / Not in Taxonomy
609,"""selfguided content""",Mismatch / Not in Taxonomy
609,"""1on1 expert sessions""",Mismatch / Not in Taxonomy
609,"""online trainings""",Mismatch / Not in Taxonomy
609,"""wellness challenges""",Mismatch / Not in Taxonomy
609,"""social feed for employee connection""",Mismatch / Not in Taxonomy
609,"""recognition and rewards system""",Mismatch / Not in Taxonomy
609,"""points system for inapp activity""",Mismatch / Not in Taxonomy
609,"""goals and challenges feature""",Mismatch / Not in Taxonomy
609,"""clubs and events for employee interests""",Mismatch / Not in Taxonomy
609,"""24/7 call center support""",Mismatch / Not in Taxonomy
609,"""realtime mood analysis""",Mismatch / Not in Taxonomy
609,"""personalized content suggestions via emotion analysis""",Mismatch / Not in Taxonomy
609,"""empathetic chat support""",Mismatch / Not in Taxonomy
609,"""mobile",Mismatch / Not in Taxonomy
609,ondemand,Mismatch / Not in Taxonomy
609,"selfpaced online learning""]",Mismatch / Not in Taxonomy
610,"[""breathwork techniques""",Mismatch / Not in Taxonomy
610,"""daily meditations""",Mismatch / Not in Taxonomy
610,"""monthly meditation programs""",Mismatch / Not in Taxonomy
610,"""fitness methodology""",Mismatch / Not in Taxonomy
610,"""endless library of classes""",Mismatch / Not in Taxonomy
610,"""progress tracking""",Mismatch / Not in Taxonomy
610,"""push reminders""",Valid (reminders)
610,"""streaks""",Mismatch / Not in Taxonomy
610,"""badges""",Mismatch / Not in Taxonomy
610,"""apple health app integration""",Mismatch / Not in Taxonomy
610,"""inperson classes""",Mismatch / Not in Taxonomy
610,"""online classes""",Mismatch / Not in Taxonomy
610,"""5minute breathwork techniques""",Mismatch / Not in Taxonomy
610,"""60minute strength and conditioning classes""]",Mismatch / Not in Taxonomy
611,"[""personalized mindfulness meditations""",Mismatch / Not in Taxonomy
611,"""stories""",Mismatch / Not in Taxonomy
611,"""sleep tales""",Mismatch / Not in Taxonomy
611,"""life coaching""",Mismatch / Not in Taxonomy
611,"""cbt (cognitive behavioral therapy)""",Mismatch / Not in Taxonomy
611,"""hypnosis""",Mismatch / Not in Taxonomy
611,"""music & sounds""",Mismatch / Not in Taxonomy
611,"""personalized recommendations""",Mismatch / Not in Taxonomy
611,"""daily wellness & sleep habit tracking""",Mismatch / Not in Taxonomy
611,"""favorite coach selection""",Mismatch / Not in Taxonomy
611,"""personal playlist creation""",Mismatch / Not in Taxonomy
611,"""new content updates""",Mismatch / Not in Taxonomy
611,"""nature & relaxation sounds""",Mismatch / Not in Taxonomy
611,"""sync with apple health""",Mismatch / Not in Taxonomy
611,"""offline track downloads""",Mismatch / Not in Taxonomy
611,"""meditations for sleep""",Mismatch / Not in Taxonomy
611,"""anxiety relief resources""",Mismatch / Not in Taxonomy
611,"""3minute daily selfcare sessions""",Mismatch / Not in Taxonomy
611,"""expertled resources""",Mismatch / Not in Taxonomy
611,"""aidriven personalization""",Mismatch / Not in Taxonomy
611,"""breathwork""",Mismatch / Not in Taxonomy
611,"""asmr content""",Mismatch / Not in Taxonomy
611,"""health coaching""]",Mismatch / Not in Taxonomy
612,"[""personalized mindfulness meditations""",Mismatch / Not in Taxonomy
612,"""stories""",Mismatch / Not in Taxonomy
612,"""sleep tales""",Mismatch / Not in Taxonomy
612,"""life coaching""",Mismatch / Not in Taxonomy
612,"""cbt (cognitive behavioral therapy)""",Mismatch / Not in Taxonomy
612,"""hypnosis""",Mismatch / Not in Taxonomy
612,"""music & sounds""",Mismatch / Not in Taxonomy
612,"""personalized recommendations""",Mismatch / Not in Taxonomy
612,"""daily wellness & sleep habit tracking""",Mismatch / Not in Taxonomy
612,"""favorite coach selection""",Mismatch / Not in Taxonomy
612,"""personal playlist creation""",Mismatch / Not in Taxonomy
612,"""new content updates""",Mismatch / Not in Taxonomy
612,"""nature & relaxation sounds""",Mismatch / Not in Taxonomy
612,"""sync with apple health""",Mismatch / Not in Taxonomy
612,"""offline track downloads""",Mismatch / Not in Taxonomy
612,"""meditations for sleep""",Mismatch / Not in Taxonomy
612,"""anxiety relief resources""",Mismatch / Not in Taxonomy
612,"""selfcare habit tracking""",Mismatch / Not in Taxonomy
612,"""breathwork""",Mismatch / Not in Taxonomy
612,"""asmr content""",Mismatch / Not in Taxonomy
612,"""health coaching""",Mismatch / Not in Taxonomy
612,"""prayer resources""]",Mismatch / Not in Taxonomy
613,"[""access expert knowledge in one app""",Mismatch / Not in Taxonomy
613,"""library of over 500 meditations and practices""",Mismatch / Not in Taxonomy
613,"""5",Mismatch / Not in Taxonomy
613,10,Mismatch / Not in Taxonomy
613,20,Mismatch / Not in Taxonomy
613,"and 30minute meditation sessions""",Mismatch / Not in Taxonomy
613,"""daily featured meditations""",Mismatch / Not in Taxonomy
613,"""wellbeing challenges including 21day and journey to wellbeing programs""",Mismatch / Not in Taxonomy
613,"""quiz to discover unique mindbody type""",Mismatch / Not in Taxonomy
613,"""personalized content based on quiz results""",Mismatch / Not in Taxonomy
613,"""daily recommended meditation sessions""",Mismatch / Not in Taxonomy
613,"""monthly new programs and collections""",Mismatch / Not in Taxonomy
613,"""personalized tracking for motivation and progress""",Mismatch / Not in Taxonomy
613,"""integration with apple health app""]",Mismatch / Not in Taxonomy
614,"[""7 days of mindfulness course""",Mismatch / Not in Taxonomy
614,"""guided meditations""",Mismatch / Not in Taxonomy
614,"""breathing exercises""",Mismatch / Not in Taxonomy
614,"""create your own breathing exercises""",Mismatch / Not in Taxonomy
614,"""create your own reminders to be mindful""",Valid (reminders)
614,"""connects to the health app""]",Mismatch / Not in Taxonomy
615,"[""guided mindfulness sessions""",Mismatch / Not in Taxonomy
615,"""guided meditation sessions""",Mismatch / Not in Taxonomy
615,"""daily motivation content""",Mismatch / Not in Taxonomy
615,"""guided sleep sessions""",Mismatch / Not in Taxonomy
615,"""coaching by experts""",Mismatch / Not in Taxonomy
615,"""personalized meditation sessions""",Mismatch / Not in Taxonomy
615,"""track progress with mindful minutes""",Mismatch / Not in Taxonomy
615,"""offline access to meditations with premium subscription""",Mismatch / Not in Taxonomy
615,"""onthego feature for quick anxiety relief""",Mismatch / Not in Taxonomy
615,"""coaching content""",Mismatch / Not in Taxonomy
615,"""motivational talks""",Mismatch / Not in Taxonomy
615,"""streak tracking""",Mismatch / Not in Taxonomy
615,"""apple health integration""",Mismatch / Not in Taxonomy
615,"""manual recording of mindful minutes in settings""]",Mismatch / Not in Taxonomy
616,"[""mood tracking""",Mismatch / Not in Taxonomy
616,"""journaling thoughts and feelings""",Mismatch / Not in Taxonomy
616,"""personalized insights and feedback""",Valid (analytics)
616,"""global assessment of emotional health""",Mismatch / Not in Taxonomy
616,"""downloadable assessment reports""",Mismatch / Not in Taxonomy
616,"""comprehensive course library based on cbt""",Mismatch / Not in Taxonomy
616,"""personalized course recommendations""",Mismatch / Not in Taxonomy
616,"""premium features with subscription""",Mismatch / Not in Taxonomy
616,"""symptom management support""",Mismatch / Not in Taxonomy
616,"""coping strategies for painful emotions""",Mismatch / Not in Taxonomy
616,"""stress management tools""",Mismatch / Not in Taxonomy
616,"""mindfulness resources""",Mismatch / Not in Taxonomy
616,"""relationship support""",Mismatch / Not in Taxonomy
616,"""time management tools""",Mismatch / Not in Taxonomy
616,"""selfimage resources""",Mismatch / Not in Taxonomy
616,"""data privacy and security measures""",Mismatch / Not in Taxonomy
616,"""realtime logging of signs and symptoms""",Mismatch / Not in Taxonomy
616,"""selfmanagement tools and resources""",Mismatch / Not in Taxonomy
616,"""guidance for further medical evaluation""]",Mismatch / Not in Taxonomy
617,"[""mood diary""",Mismatch / Not in Taxonomy
617,"""personalized motivation and prompts""",Mismatch / Not in Taxonomy
617,"""aidriven mood tracker""",Mismatch / Not in Taxonomy
617,"""mood correlations and graphs""",Mismatch / Not in Taxonomy
617,"""personalized questions based on diary entries""",Mismatch / Not in Taxonomy
617,"""read or edit previous journal entries""",Mismatch / Not in Taxonomy
617,"""daily",Mismatch / Not in Taxonomy
617,weekly,Mismatch / Not in Taxonomy
617,"and monthly overviews""",Mismatch / Not in Taxonomy
617,"""personalized insights and reminders""",Valid (reminders)
617,"""create unlimited stories in personal planner""",Mismatch / Not in Taxonomy
617,"""daily reflection questions and reminders""",Valid (reminders)
617,"""advanced statistics""",Mismatch / Not in Taxonomy
617,"""actionable insights""]",Valid (analytics)
618,"[""free access to a 5day introductory path to meditation""",Mismatch / Not in Taxonomy
618,"""wide selection of 5day meditation programs specialized in various topics""",Mismatch / Not in Taxonomy
618,"""s.o.s. sessions for immediate relief""",Mismatch / Not in Taxonomy
618,"""mix and match over 50 free sounds to create custom melodies""",Mismatch / Not in Taxonomy
618,"""community melodies feature to find and share sound mixes""",Mismatch / Not in Taxonomy
618,"""brainwave frequencies to enhance meditation experience""",Mismatch / Not in Taxonomy
618,"""meditation reminder feature""",Valid (reminders)
618,"""integration with the health app""",Mismatch / Not in Taxonomy
618,"""sleep sounds and noises""",Mismatch / Not in Taxonomy
618,"""ability to mix sounds""",Mismatch / Not in Taxonomy
618,"""sleep meditations""",Mismatch / Not in Taxonomy
618,"""sleeptales for relaxation""",Mismatch / Not in Taxonomy
618,"""music playlists for deep sleep and focus""",Mismatch / Not in Taxonomy
618,"""free trial for premium content""",Mismatch / Not in Taxonomy
618,"""autorenewing subscription options""]",Mismatch / Not in Taxonomy
619,"[""introductory sessions for adults and children""",Mismatch / Not in Taxonomy
619,"""discovery programme for kids""",Mismatch / Not in Taxonomy
619,"""3 daily meditations of your choice""",Mismatch / Not in Taxonomy
619,"""selection of background music""",Mismatch / Not in Taxonomy
619,"""animated stories on mindfulness""",Mismatch / Not in Taxonomy
619,"""unlimited access to freebreathing and meditation tool""",Mismatch / Not in Taxonomy
619,"""customer service""",Mismatch / Not in Taxonomy
619,"""complete catalogue of meditation programmes""",Mismatch / Not in Taxonomy
619,"""daily meditation with customisable time slots""",Mismatch / Not in Taxonomy
619,"""access to relaxing sound and ambience library""",Mismatch / Not in Taxonomy
619,"""unlimited access to freebreathing and meditation tool (paid version)""",Mismatch / Not in Taxonomy
619,"""access to practices including sophrology",Mismatch / Not in Taxonomy
619,visualisation,Mismatch / Not in Taxonomy
619,"and positive psychology""",Mismatch / Not in Taxonomy
619,"""guidance from experts in psychology and meditation""",Mismatch / Not in Taxonomy
619,"""available on phones",Mismatch / Not in Taxonomy
619,tablets,Mismatch / Not in Taxonomy
619,"and connected watches""]",Mismatch / Not in Taxonomy
620,"[""30day advanced meditation training program""",Mismatch / Not in Taxonomy
620,"""mental fitness scoring and charts""",Mismatch / Not in Taxonomy
620,"""ability to ask questions about your practice""",Mismatch / Not in Taxonomy
620,"""scientific explanations of techniques""",Mismatch / Not in Taxonomy
620,"""daily challenges for integrating meditation""",Mismatch / Not in Taxonomy
620,"""new guided trainings and lessons added regularly""",Mismatch / Not in Taxonomy
620,"""access to a meditation community""",Mismatch / Not in Taxonomy
620,"""integration with apple health app for mindful minutes""]",Mismatch / Not in Taxonomy
621,"[""transformational programs""",Mismatch / Not in Taxonomy
621,"""immersive meditations & sounds""",Mismatch / Not in Taxonomy
621,"""community features""",Mismatch / Not in Taxonomy
621,"""growth tools for various life areas""",Mismatch / Not in Taxonomy
621,"""aiguided curriculum""",Mismatch / Not in Taxonomy
621,"""curated learning paths""",Mismatch / Not in Taxonomy
621,"""microcoaching sessions""",Mismatch / Not in Taxonomy
621,"""customized tracks""",Mismatch / Not in Taxonomy
621,"""hypnotic audios""",Mismatch / Not in Taxonomy
621,"""sound healings""",Mismatch / Not in Taxonomy
621,"""meditations""",Mismatch / Not in Taxonomy
621,"""mobile and desktop access""",Mismatch / Not in Taxonomy
621,"""virtual environment support""",Mismatch / Not in Taxonomy
621,"""subscription management""",Mismatch / Not in Taxonomy
621,"""case studies and success stories""",Mismatch / Not in Taxonomy
621,"""mindvalley certified coach program""",Mismatch / Not in Taxonomy
621,"""events and workshops""]",Mismatch / Not in Taxonomy
622,"[""beginnerfriendly yoga classes""",Mismatch / Not in Taxonomy
622,"""personalized yoga plans""",Mismatch / Not in Taxonomy
622,"""yoga pose library""",Mismatch / Not in Taxonomy
622,"""guided meditation""",Mismatch / Not in Taxonomy
622,"""yoga for weight loss""",Mismatch / Not in Taxonomy
622,"""relaxing yoga & meditation""",Mismatch / Not in Taxonomy
622,"""yoga for every need""",Mismatch / Not in Taxonomy
622,"""voiceguided yoga sessions""",Mismatch / Not in Taxonomy
622,"""yoga anytime",Mismatch / Not in Taxonomy
622,"anywhere""",Mismatch / Not in Taxonomy
622,"""track your progress""]",Mismatch / Not in Taxonomy
623,"[""200+ meditation lessons""",Mismatch / Not in Taxonomy
623,"""weekly fresh content""",Mismatch / Not in Taxonomy
623,"""progress tracking on apple health""",Mismatch / Not in Taxonomy
623,"""initial lessons lasting four minutes""",Mismatch / Not in Taxonomy
623,"""bedtime stories""",Mismatch / Not in Taxonomy
623,"""free basic course""",Mismatch / Not in Taxonomy
623,"""practical exercises""",Mismatch / Not in Taxonomy
623,"""subscription management""",Mismatch / Not in Taxonomy
623,"""gift certificate option""",Mismatch / Not in Taxonomy
623,"""cookie management settings""]",Mismatch / Not in Taxonomy
624,"[""over 200 guided meditations""",Mismatch / Not in Taxonomy
624,"""mindfulness exercises for various situations""",Mismatch / Not in Taxonomy
624,"""sessions for beginners and experienced users""",Mismatch / Not in Taxonomy
624,"""meditation session lengths from 340 minutes""",Mismatch / Not in Taxonomy
624,"""solo timer for seasoned meditators""",Mismatch / Not in Taxonomy
624,"""variety of experienced teachers""",Mismatch / Not in Taxonomy
624,"""kids content""",Mismatch / Not in Taxonomy
624,"""buddhify membership with additional features""",Mismatch / Not in Taxonomy
624,"""integration with apple health for tracking meditation""",Mismatch / Not in Taxonomy
624,"""ability to track meditation done outside the app""]",Mismatch / Not in Taxonomy
625,"[""100+ portals to natural environments""",Mismatch / Not in Taxonomy
625,"""immersive truetolife spatial audio recordings""",Mismatch / Not in Taxonomy
625,"""stunning retinaquality ultra high definition motion visuals""",Mismatch / Not in Taxonomy
625,"""smart lighting integration with philips hue",Mismatch / Not in Taxonomy
625,"homekit & nanoleaf""",Mismatch / Not in Taxonomy
625,"""sunrise wakeup alarm""",Valid (reminders)
625,"""sleep timer""",Mismatch / Not in Taxonomy
625,"""simplified pomodoro focus timer""",Valid (pomodoro)
625,"""meditation & breathing exercises""",Mismatch / Not in Taxonomy
625,"""mix portal audio with playlists",Mismatch / Not in Taxonomy
625,podcasts,Mismatch / Not in Taxonomy
625,"audiobooks & guided meditations""",Mismatch / Not in Taxonomy
625,"""offline usage""",Mismatch / Not in Taxonomy
625,"""siri shortcuts""",Mismatch / Not in Taxonomy
625,"""family sharing with up to 5 others""",Mismatch / Not in Taxonomy
625,"""absolute privacy (no 3rd party tracking",Mismatch / Not in Taxonomy
625,targeted ads,Mismatch / Not in Taxonomy
625,"or personal data collection)""",Mismatch / Not in Taxonomy
625,"""custom built for apple devices""]",Mismatch / Not in Taxonomy
626,"[""hundreds of guided meditation practices""",Mismatch / Not in Taxonomy
626,"""meditation log""",Mismatch / Not in Taxonomy
626,"""statistics tracking""",Mismatch / Not in Taxonomy
626,"""animated videos about meditation""",Mismatch / Not in Taxonomy
626,"""gratitude journal""",Mismatch / Not in Taxonomy
626,"""mindtraining programs""",Mismatch / Not in Taxonomy
626,"""guided relaxation meditation""",Mismatch / Not in Taxonomy
626,"""guided gratitude meditation""",Mismatch / Not in Taxonomy
626,"""guided lovingkindness meditation""",Mismatch / Not in Taxonomy
626,"""body scan meditation""",Mismatch / Not in Taxonomy
626,"""customized timer for silent meditations""",Mismatch / Not in Taxonomy
626,"""set mindfulness reminders""",Valid (reminders)
626,"""inspirational quotes from teachers""",Mismatch / Not in Taxonomy
626,"""download practices for offline use""",Mismatch / Not in Taxonomy
626,"""create a playlist of favorite meditations""",Mismatch / Not in Taxonomy
626,"""anxiety and stress reduction program""",Mismatch / Not in Taxonomy
626,"""program to increase calmness",Mismatch / Not in Taxonomy
626,focus,Valid (focus_mode)
626,"and concentration""",Mismatch / Not in Taxonomy
626,"""compatible with apple health kit""]",Mismatch / Not in Taxonomy
627,"[""daily reminders""",Valid (reminders)
627,"""uplifting messages""",Mismatch / Not in Taxonomy
627,"""meditation sharing""",Mismatch / Not in Taxonomy
627,"""personalized content suggestions""",Mismatch / Not in Taxonomy
627,"""subscription options""]",Mismatch / Not in Taxonomy
628,"[""default meditation schedule that can be edited""",Mismatch / Not in Taxonomy
628,"""prepare time setting""",Mismatch / Not in Taxonomy
628,"""interval time setting""",Mismatch / Not in Taxonomy
628,"""cool down time setting""",Mismatch / Not in Taxonomy
628,"""unique sound for beginning",Mismatch / Not in Taxonomy
628,interval switching,Mismatch / Not in Taxonomy
628,ending,Mismatch / Not in Taxonomy
628,"and cool down end""",Mismatch / Not in Taxonomy
628,"""sound can play one",Mismatch / Not in Taxonomy
628,two,Mismatch / Not in Taxonomy
628,"or three times""",Mismatch / Not in Taxonomy
628,"""ten background pictures with shake to change feature""",Mismatch / Not in Taxonomy
628,"""start",Mismatch / Not in Taxonomy
628,stop,Mismatch / Not in Taxonomy
628,restart,Mismatch / Not in Taxonomy
628,"or resume meditation""",Mismatch / Not in Taxonomy
628,"""option to hide the time""",Mismatch / Not in Taxonomy
628,"""create unlimited reminders for meditation practice""",Valid (reminders)
628,"""password protection""",Mismatch / Not in Taxonomy
628,"""vibration option when switching sections""",Mismatch / Not in Taxonomy
628,"""option to practice with or without sound""",Mismatch / Not in Taxonomy
628,"""support for ipod media background""",Mismatch / Not in Taxonomy
628,"""support for today widget""",Mismatch / Not in Taxonomy
628,"""support for transferring data to health app""",Mismatch / Not in Taxonomy
628,"""universal version support""]",Mismatch / Not in Taxonomy
629,"[""guided meditation for mindfulness""",Mismatch / Not in Taxonomy
629,"""guided meditation for sleep""",Mismatch / Not in Taxonomy
629,"""guided meditation for anxiety""",Mismatch / Not in Taxonomy
629,"""guided meditation for stress""",Mismatch / Not in Taxonomy
629,"""guided meditation for work""",Mismatch / Not in Taxonomy
629,"""30day courses on meditation""",Mismatch / Not in Taxonomy
629,"""daily guided meditation feature""",Mismatch / Not in Taxonomy
629,"""10day lovingkindness course""",Mismatch / Not in Taxonomy
629,"""theory included in each lesson""",Mismatch / Not in Taxonomy
629,"""emergency category for quick sessions""",Mismatch / Not in Taxonomy
629,"""favorite meditations feature""",Mismatch / Not in Taxonomy
629,"""daily reminder to meditate""",Valid (reminders)
629,"""meditation timer for unguided meditation""",Mismatch / Not in Taxonomy
629,"""dark mode""",Mismatch / Not in Taxonomy
629,"""light mode""",Mismatch / Not in Taxonomy
629,"""offline playback""",Mismatch / Not in Taxonomy
629,"""different types of meditation (mindfulness",Mismatch / Not in Taxonomy
629,vipassana,Mismatch / Not in Taxonomy
629,lovingkindness,Mismatch / Not in Taxonomy
629,visualization,Mismatch / Not in Taxonomy
629,"body scan)""",Mismatch / Not in Taxonomy
629,"""meditation and mindfulness articles""",Mismatch / Not in Taxonomy
629,"""live guided meditations (upcoming feature)""",Mismatch / Not in Taxonomy
629,"""track meditation minutes using mindful minutes and apple health (upcoming feature)""",Mismatch / Not in Taxonomy
629,"""track stats (total minutes meditated",Mismatch / Not in Taxonomy
629,"number of days meditated) (upcoming feature)""",Mismatch / Not in Taxonomy
629,"""selectable meditation length (upcoming feature)""",Mismatch / Not in Taxonomy
629,"""group meditation sessions (upcoming feature)""",Mismatch / Not in Taxonomy
629,"""friends list (upcoming feature)""",Mismatch / Not in Taxonomy
629,"""apple watch integration (upcoming feature)""]",Mismatch / Not in Taxonomy
630,"[""3",Mismatch / Not in Taxonomy
630,"000+ ondemand fitness and mindfulness classes""",Mismatch / Not in Taxonomy
630,"""access to toptier instructors",Mismatch / Not in Taxonomy
630,wellness professionals,Mismatch / Not in Taxonomy
630,"and celebrity trainers""",Mismatch / Not in Taxonomy
630,"""new classes added weekly""",Mismatch / Not in Taxonomy
630,"""programmed series to meet fitness and mindfulness goals""",Mismatch / Not in Taxonomy
630,"""personalized recommendations based on interests""",Mismatch / Not in Taxonomy
630,"""stream classes anytime",Mismatch / Not in Taxonomy
630,anywhere on desktop,Mismatch / Not in Taxonomy
630,tablet,Mismatch / Not in Taxonomy
630,"and mobile""",Mismatch / Not in Taxonomy
630,"""class finder to sort by style",Mismatch / Not in Taxonomy
630,difficulty,Mismatch / Not in Taxonomy
630,time,Valid (timer)
630,"and instructor""",Mismatch / Not in Taxonomy
630,"""yoga classes including vinyasa",Mismatch / Not in Taxonomy
630,ashtanga,Mismatch / Not in Taxonomy
630,hatha,Mismatch / Not in Taxonomy
630,restorative,Mismatch / Not in Taxonomy
630,yin,Mismatch / Not in Taxonomy
630,yoga for beginners,Mismatch / Not in Taxonomy
630,kundalini,Mismatch / Not in Taxonomy
630,"prenatal yoga""",Mismatch / Not in Taxonomy
630,"""fitness classes including pilates",Mismatch / Not in Taxonomy
630,strength,Mismatch / Not in Taxonomy
630,sculpt,Mismatch / Not in Taxonomy
630,cardio,Mismatch / Not in Taxonomy
630,hiit,Mismatch / Not in Taxonomy
630,barre,Mismatch / Not in Taxonomy
630,dance,Mismatch / Not in Taxonomy
630,"core workouts""",Mismatch / Not in Taxonomy
630,"""mindfulness classes including guided meditation",Mismatch / Not in Taxonomy
630,breathwork,Mismatch / Not in Taxonomy
630,visual meditations,Mismatch / Not in Taxonomy
630,yoga nidra,Mismatch / Not in Taxonomy
630,"sound healing""",Mismatch / Not in Taxonomy
630,"""download classes for offline access""]",Mismatch / Not in Taxonomy
631,"[""over 40 games""",Mismatch / Not in Taxonomy
631,"""1000 levels""",Mismatch / Not in Taxonomy
631,"""personalized daily workout""",Mismatch / Not in Taxonomy
631,"""word games for vocabulary and writing skills""",Mismatch / Not in Taxonomy
631,"""memory training""",Mismatch / Not in Taxonomy
631,"""attention training""",Mismatch / Not in Taxonomy
631,"""math training""",Mismatch / Not in Taxonomy
631,"""problem solving training""",Mismatch / Not in Taxonomy
631,"""performance tracking""",Mismatch / Not in Taxonomy
631,"""indepth insights""",Valid (analytics)
631,"""score comparison with other users""",Mismatch / Not in Taxonomy
631,"""unlimited access to all games (pro version)""",Mismatch / Not in Taxonomy
631,"""advanced insights into brain performance (pro version)""]",Valid (analytics)
632,"[""guided meditations on various topics""",Mismatch / Not in Taxonomy
632,"""custom meditations for specific groups (moms",Mismatch / Not in Taxonomy
632,teens,Mismatch / Not in Taxonomy
632,"kids)""",Mismatch / Not in Taxonomy
632,"""collections of meditations for specific life areas""",Mismatch / Not in Taxonomy
632,"""courses for stepbystep meditation guidance""",Mismatch / Not in Taxonomy
632,"""favorites feature to mark preferred meditations""",Mismatch / Not in Taxonomy
632,"""unguided meditation creation with customizable sounds""",Mismatch / Not in Taxonomy
632,"""access to over 60 meditation teachers""",Mismatch / Not in Taxonomy
632,"""personalized library for guided and unguided meditations""",Mismatch / Not in Taxonomy
632,"""progress tracking and session scheduling""",Mismatch / Not in Taxonomy
632,"""background sounds and music tracks for meditation""",Mismatch / Not in Taxonomy
632,"""integration with apple health app""]",Mismatch / Not in Taxonomy
633,"[""700+ customizable modules""",Mismatch / Not in Taxonomy
633,"""voice & sound options""",Mismatch / Not in Taxonomy
633,"""import & record audio""",Mismatch / Not in Taxonomy
633,"""works offline""",Mismatch / Not in Taxonomy
633,"""introduction & deepening""",Mismatch / Not in Taxonomy
633,"""suggestions""",Mismatch / Not in Taxonomy
633,"""awakening""",Mismatch / Not in Taxonomy
633,"""background sound""",Mismatch / Not in Taxonomy
633,"""access to 5 complimentary sessions""",Mismatch / Not in Taxonomy
633,"""access to 10 free suggestion modules""",Mismatch / Not in Taxonomy
633,"""subscription options (1month or 12month)""",Mismatch / Not in Taxonomy
633,"""manage or cancel subscription in itunes account settings""]",Mismatch / Not in Taxonomy
634,"[""guided breathwork meditations""",Mismatch / Not in Taxonomy
634,"""psychoacoustic music""",Mismatch / Not in Taxonomy
634,"""guided breathing exercises""",Mismatch / Not in Taxonomy
634,"""cadence timers""",Mismatch / Not in Taxonomy
634,"""calming musical soundscapes""",Mismatch / Not in Taxonomy
634,"""breath holds""",Mismatch / Not in Taxonomy
634,"""lung capacity training""",Mismatch / Not in Taxonomy
634,"""customizable breathing cadence""",Mismatch / Not in Taxonomy
634,"""audio experiences""",Mismatch / Not in Taxonomy
634,"""visual meditation""",Mismatch / Not in Taxonomy
634,"""visual breath bubble""",Mismatch / Not in Taxonomy
634,"""audio cues""",Mismatch / Not in Taxonomy
634,"""stateshifting soundscapes""",Mismatch / Not in Taxonomy
634,"""downloadable sessions""",Mismatch / Not in Taxonomy
634,"""online and offline usage""",Mismatch / Not in Taxonomy
634,"""frequent updates""]",Mismatch / Not in Taxonomy
635,"[""eight transformational paths""",Mismatch / Not in Taxonomy
635,"""mindfulness & awareness""",Mismatch / Not in Taxonomy
635,"""stress & anxiety relief""",Mismatch / Not in Taxonomy
635,"""emotional healing""",Mismatch / Not in Taxonomy
635,"""spiritual healing""",Mismatch / Not in Taxonomy
635,"""meditation for beginners""",Mismatch / Not in Taxonomy
635,"""focus & productivity""",Mismatch / Not in Taxonomy
635,"""personal growth""",Mismatch / Not in Taxonomy
635,"""advanced meditation""",Mismatch / Not in Taxonomy
635,"""chat guru""",Mismatch / Not in Taxonomy
635,"""explore meditations""",Mismatch / Not in Taxonomy
635,"""daily affirmations""",Mismatch / Not in Taxonomy
635,"""daily reminders""]",Valid (reminders)
636,"[""sleep tracker""",Mismatch / Not in Taxonomy
636,"""sleep recorder""",Mismatch / Not in Taxonomy
636,"""premium sleep sounds""",Mismatch / Not in Taxonomy
636,"""guided meditations""",Mismatch / Not in Taxonomy
636,"""narrated sleep stories""",Mismatch / Not in Taxonomy
636,"""hypnosis""",Mismatch / Not in Taxonomy
636,"""more than 300 sleep sounds & music tracks""",Mismatch / Not in Taxonomy
636,"""more than 250 meditations & hypnosis""",Mismatch / Not in Taxonomy
636,"""more than 100 sleeptales & stories""",Mismatch / Not in Taxonomy
636,"""bedtime reminders""",Valid (reminders)
636,"""timers""",Mismatch / Not in Taxonomy
636,"""favorites section""",Mismatch / Not in Taxonomy
636,"""playlist creation""",Mismatch / Not in Taxonomy
636,"""smart mix""",Mismatch / Not in Taxonomy
636,"""healthkit integration""",Mismatch / Not in Taxonomy
636,"""inapp purchases""",Mismatch / Not in Taxonomy
636,"""autorenewable subscriptions""]",Mismatch / Not in Taxonomy
637,"[""guided meditation videos""",Mismatch / Not in Taxonomy
637,"""10minute transformations""",Mismatch / Not in Taxonomy
637,"""1",Mismatch / Not in Taxonomy
637,"400+ video library""",Mismatch / Not in Taxonomy
637,"""video content featuring meditation teachers""",Mismatch / Not in Taxonomy
637,"""sound baths""",Mismatch / Not in Taxonomy
637,"""hypnosis""",Mismatch / Not in Taxonomy
637,"""guided journeys""",Mismatch / Not in Taxonomy
637,"""aromatherapy""",Mismatch / Not in Taxonomy
637,"""yoga""",Mismatch / Not in Taxonomy
637,"""fitness""",Mismatch / Not in Taxonomy
637,"""130+ teachers""",Mismatch / Not in Taxonomy
637,"""40+ topics""",Mismatch / Not in Taxonomy
637,"""meditation for various situations""",Mismatch / Not in Taxonomy
637,"""monthly meditation challenges""",Mismatch / Not in Taxonomy
637,"""meditation timer""",Mismatch / Not in Taxonomy
637,"""ambient sounds for selfguided sessions""",Mismatch / Not in Taxonomy
637,"""7day intro to meditation""",Mismatch / Not in Taxonomy
637,"""30day meditation challenge""",Mismatch / Not in Taxonomy
637,"""meditation reminders""",Valid (reminders)
637,"""goal tracking""",Mismatch / Not in Taxonomy
637,"""profile stats tracking""",Mismatch / Not in Taxonomy
637,"""course library for learning to meditate""",Mismatch / Not in Taxonomy
637,"""custom playlists for favorite meditations""",Mismatch / Not in Taxonomy
637,"""gratitude journal""",Mismatch / Not in Taxonomy
637,"""regularly updated content""",Mismatch / Not in Taxonomy
637,"""compatibility with dynamic text""",Mismatch / Not in Taxonomy
637,"""siri shortcuts integration""",Mismatch / Not in Taxonomy
637,"""sync meditation stats with apple health""",Mismatch / Not in Taxonomy
637,"""shareplay compatibility during facetime calls""]",Mismatch / Not in Taxonomy
638,"[""interactive chakra healing""",Mismatch / Not in Taxonomy
638,"""customizable soundscapes""",Mismatch / Not in Taxonomy
638,"""meditation timer""",Mismatch / Not in Taxonomy
638,"""aipowered guided meditations""",Mismatch / Not in Taxonomy
638,"""breathing exercises""",Mismatch / Not in Taxonomy
638,"""24/7 relaxing music stream""",Mismatch / Not in Taxonomy
638,"""learning center for the 7 chakras""]",Mismatch / Not in Taxonomy
639,"[""yoga for beginners""",Mismatch / Not in Taxonomy
639,"""available in 12 languages""",Mismatch / Not in Taxonomy
639,"""daily quotes from sadhguru""",Mismatch / Not in Taxonomy
639,"""latest articles from sadhguru""",Mismatch / Not in Taxonomy
639,"""podcasts by sadhguru""",Mismatch / Not in Taxonomy
639,"""videos on spirituality",Mismatch / Not in Taxonomy
639,success,Mismatch / Not in Taxonomy
639,yoga,Mismatch / Not in Taxonomy
639,meditation,Mismatch / Not in Taxonomy
639,relationships,Mismatch / Not in Taxonomy
639,health,Mismatch / Not in Taxonomy
639,"fitness""",Mismatch / Not in Taxonomy
639,"""daily sadhguru wisdom videos""",Mismatch / Not in Taxonomy
639,"""free yoga practices""",Mismatch / Not in Taxonomy
639,"""yoga for health""",Mismatch / Not in Taxonomy
639,"""yoga for immunity""",Mismatch / Not in Taxonomy
639,"""yoga for success""",Mismatch / Not in Taxonomy
639,"""yoga for overall wellbeing""",Mismatch / Not in Taxonomy
639,"""yoga for peace""",Mismatch / Not in Taxonomy
639,"""yoga for joy""",Mismatch / Not in Taxonomy
639,"""yoga for inner exploration""",Mismatch / Not in Taxonomy
639,"""yoga for love""",Mismatch / Not in Taxonomy
639,"""guided meditations""",Mismatch / Not in Taxonomy
639,"""isha kriya guided meditation""",Mismatch / Not in Taxonomy
639,"""sadhguru presence guided chant""",Mismatch / Not in Taxonomy
639,"""infinity meditation""",Mismatch / Not in Taxonomy
639,"""chants for meditation""",Mismatch / Not in Taxonomy
639,"""chit shakti meditations""",Mismatch / Not in Taxonomy
639,"""inner engineering sessions""",Mismatch / Not in Taxonomy
639,"""sadhguru exclusive video platform""]",Mismatch / Not in Taxonomy
640,"[""guided meditations""",Mismatch / Not in Taxonomy
640,"""smart newsfeed""",Mismatch / Not in Taxonomy
640,"""multifunctional timer""",Mismatch / Not in Taxonomy
640,"""group meditation""",Mismatch / Not in Taxonomy
640,"""breathing exercises""",Mismatch / Not in Taxonomy
640,"""analytics and motivation""",Valid (analytics)
640,"""music and mantras""",Mismatch / Not in Taxonomy
640,"""habit formation""",Mismatch / Not in Taxonomy
640,"""notifications for meditation and breathing exercises""",Valid (reminders)
640,"""integration with healthkit""]",Mismatch / Not in Taxonomy
641,"[""guided mindful meditations""",Mismatch / Not in Taxonomy
641,"""guided lovingkindness meditations""",Mismatch / Not in Taxonomy
641,"""unguided meditation sessions""",Mismatch / Not in Taxonomy
641,"""meditation duration customization""",Mismatch / Not in Taxonomy
641,"""silence or calming background sounds""",Mismatch / Not in Taxonomy
641,"""courses for deeper meditation practices""",Mismatch / Not in Taxonomy
641,"""yogic breathing exercises""",Mismatch / Not in Taxonomy
641,"""box breathing option""",Mismatch / Not in Taxonomy
641,"""deep calm option""",Mismatch / Not in Taxonomy
641,"""awake sessions""",Mismatch / Not in Taxonomy
641,"""animated breathing instruction""",Mismatch / Not in Taxonomy
641,"""guided breathing exercises for sleep""",Mismatch / Not in Taxonomy
641,"""meditation timer for unguided sessions""",Mismatch / Not in Taxonomy
641,"""custom meditation duration setting""",Mismatch / Not in Taxonomy
641,"""interval chimes""",Mismatch / Not in Taxonomy
641,"""progress tracking for meditation minutes/hours""",Mismatch / Not in Taxonomy
641,"""tracking mindful breaths""",Mismatch / Not in Taxonomy
641,"""tracking meditation/breathing sessions""",Mismatch / Not in Taxonomy
641,"""consecutive streak tracking""",Mismatch / Not in Taxonomy
641,"""accomplishment badges""",Mismatch / Not in Taxonomy
641,"""realtime community monitoring""",Mismatch / Not in Taxonomy
641,"""apple healthkit integration for mindful minutes""]",Mismatch / Not in Taxonomy
642,"[""guided meditations""",Mismatch / Not in Taxonomy
642,"""sacred sounds (vedic mantras and chants)""",Mismatch / Not in Taxonomy
642,"""meditative wisdom""",Mismatch / Not in Taxonomy
642,"""mudra meditations""",Mismatch / Not in Taxonomy
642,"""meditation music""",Mismatch / Not in Taxonomy
642,"""meditation timer and tracker""",Mismatch / Not in Taxonomy
642,"""collections""",Mismatch / Not in Taxonomy
642,"""playlists""",Mismatch / Not in Taxonomy
642,"""heart rate monitor""",Mismatch / Not in Taxonomy
642,"""mood tracker""",Mismatch / Not in Taxonomy
642,"""personalized reminders""",Valid (reminders)
642,"""indepth stats""",Mismatch / Not in Taxonomy
642,"""location tracking""",Mismatch / Not in Taxonomy
642,"""challenges""",Mismatch / Not in Taxonomy
642,"""trophies""",Mismatch / Not in Taxonomy
642,"""meditation community""",Mismatch / Not in Taxonomy
642,"""wisdom quotes""",Mismatch / Not in Taxonomy
642,"""surprises""",Mismatch / Not in Taxonomy
642,"""integration with apple health""]",Mismatch / Not in Taxonomy
643,"[""yoga classes""",Mismatch / Not in Taxonomy
643,"""meditation classes""",Mismatch / Not in Taxonomy
643,"""pilates classes""",Mismatch / Not in Taxonomy
643,"""fitness classes""",Mismatch / Not in Taxonomy
643,"""live classes""",Mismatch / Not in Taxonomy
643,"""ondemand library""",Mismatch / Not in Taxonomy
643,"""personalized wellness path""",Mismatch / Not in Taxonomy
643,"""class saving feature""",Mismatch / Not in Taxonomy
643,"""progress tracking""",Mismatch / Not in Taxonomy
643,"""downloadable classes""",Mismatch / Not in Taxonomy
643,"""offline practice""",Mismatch / Not in Taxonomy
643,"""apple watch integration""",Mismatch / Not in Taxonomy
643,"""exercise duration tracking""",Mismatch / Not in Taxonomy
643,"""heart rate tracking""",Mismatch / Not in Taxonomy
643,"""tv app support""",Mismatch / Not in Taxonomy
643,"""chromecast support""]",Mismatch / Not in Taxonomy
644,"[""mindfulness meditation""",Mismatch / Not in Taxonomy
644,"""breathing exercises""",Mismatch / Not in Taxonomy
644,"""sleep tracker""",Mismatch / Not in Taxonomy
644,"""positioning exercise""",Mismatch / Not in Taxonomy
644,"""daily meditation mode""",Mismatch / Not in Taxonomy
644,"""normal mode with nature noise""",Mismatch / Not in Taxonomy
644,"""auto sleep tracker""",Mismatch / Not in Taxonomy
644,"""focus mode""",Valid (focus_mode)
644,"""nap mode""",Mismatch / Not in Taxonomy
644,"""sleep calculator""",Mismatch / Not in Taxonomy
644,"""meditation sounds""",Mismatch / Not in Taxonomy
644,"""breath mode""",Mismatch / Not in Taxonomy
644,"""sound library""",Mismatch / Not in Taxonomy
644,"""remix white noise""",Mismatch / Not in Taxonomy
644,"""calming sounds""",Mismatch / Not in Taxonomy
644,"""nighttime sounds""",Mismatch / Not in Taxonomy
644,"""sleep study""",Mismatch / Not in Taxonomy
644,"""sleep wave options""",Mismatch / Not in Taxonomy
644,"""guided sleep meditation""",Mismatch / Not in Taxonomy
644,"""bilateral stimulation therapy""",Mismatch / Not in Taxonomy
644,"""bedtime meditations""",Mismatch / Not in Taxonomy
644,"""relaxation techniques""",Mismatch / Not in Taxonomy
644,"""ambient sounds""",Mismatch / Not in Taxonomy
644,"""unlimited meditation (premium)""",Mismatch / Not in Taxonomy
644,"""unlimited remix music (premium)""",Mismatch / Not in Taxonomy
644,"""unlock all white noise resources (premium)""",Mismatch / Not in Taxonomy
644,"""weekly subscription""",Mismatch / Not in Taxonomy
644,"""yearly subscription""]",Mismatch / Not in Taxonomy
645,"[""meditation and relaxation music""",Mismatch / Not in Taxonomy
645,"""userfriendly timer""",Mismatch / Not in Taxonomy
645,"""mix and create sounds""",Mismatch / Not in Taxonomy
645,"""over 70 different sounds""",Mismatch / Not in Taxonomy
645,"""6 different brain wave options (binaural beats and isochronic tones)""",Mismatch / Not in Taxonomy
645,"""guided meditations on various topics""",Mismatch / Not in Taxonomy
645,"""lessons on good posture and breathing techniques""",Mismatch / Not in Taxonomy
645,"""sleep sounds and noises""",Mismatch / Not in Taxonomy
645,"""customizable sound mixing""",Mismatch / Not in Taxonomy
645,"""sleep meditations""",Mismatch / Not in Taxonomy
645,"""sleeptales""",Mismatch / Not in Taxonomy
645,"""music playlists for deep sleep",Mismatch / Not in Taxonomy
645,focus,Valid (focus_mode)
645,healing,Mismatch / Not in Taxonomy
645,"and relaxation""",Mismatch / Not in Taxonomy
645,"""subscription management""",Mismatch / Not in Taxonomy
645,"""free trial option""",Mismatch / Not in Taxonomy
645,"""premium content access""]",Mismatch / Not in Taxonomy
646,"[""daily guided meditations""",Mismatch / Not in Taxonomy
646,"""community chat""",Mismatch / Not in Taxonomy
646,"""accountability and support groups""",Mismatch / Not in Taxonomy
646,"""daily community sits""",Mismatch / Not in Taxonomy
646,"""1on1 coaching sessions""",Mismatch / Not in Taxonomy
646,"""monthly retreats""",Mismatch / Not in Taxonomy
646,"""save meditation sessions as mindful minutes in apple health""]",Mismatch / Not in Taxonomy
647,"[""2000+ meditations""",Mismatch / Not in Taxonomy
647,"""365+ bedtime stories""",Mismatch / Not in Taxonomy
647,"""fullproduction kids' stories""",Mismatch / Not in Taxonomy
647,"""50+ bible book audio guides""",Mismatch / Not in Taxonomy
647,"""audio from all chapters of the niv bible""",Mismatch / Not in Taxonomy
647,"""thematic biblical content""",Mismatch / Not in Taxonomy
647,"""meditations for various themes""",Mismatch / Not in Taxonomy
647,"""meditations of varying lengths""",Mismatch / Not in Taxonomy
647,"""bedtime stories rooted in scripture""",Mismatch / Not in Taxonomy
647,"""favorites feature for saving meditations and stories""",Mismatch / Not in Taxonomy
647,"""journaling feature for daily entries""",Mismatch / Not in Taxonomy
647,"""customizable background music and nature sounds""",Mismatch / Not in Taxonomy
647,"""apple health integration""",Mismatch / Not in Taxonomy
647,"""365 bedtime sleep stories""",Mismatch / Not in Taxonomy
647,"""indepth audio guides on specific biblical topics""",Mismatch / Not in Taxonomy
647,"""longer guided meditation sessions""",Mismatch / Not in Taxonomy
647,"""short daily devotionals""",Mismatch / Not in Taxonomy
647,"""500+ calming and relaxing music tracks""]",Mismatch / Not in Taxonomy
648,"[""guided meditations""",Mismatch / Not in Taxonomy
648,"""sleep stories""",Mismatch / Not in Taxonomy
648,"""breathing practices""",Mismatch / Not in Taxonomy
648,"""sleep music""",Mismatch / Not in Taxonomy
648,"""yoga classes""",Mismatch / Not in Taxonomy
648,"""weekly new guided meditations""",Mismatch / Not in Taxonomy
648,"""deep sleep music""",Mismatch / Not in Taxonomy
648,"""morning music""",Mismatch / Not in Taxonomy
648,"""binaural beats therapy""",Mismatch / Not in Taxonomy
648,"""asmr audios""",Mismatch / Not in Taxonomy
648,"""mantras""",Mismatch / Not in Taxonomy
648,"""realistic 3d sounds""",Mismatch / Not in Taxonomy
648,"""mood monitoring feature""",Mismatch / Not in Taxonomy
648,"""reflections and inspirational quotes""",Mismatch / Not in Taxonomy
648,"""510 minutes meditations""",Mismatch / Not in Taxonomy
648,"""calm breathing exercises""",Mismatch / Not in Taxonomy
648,"""personalized meditation experience""",Mismatch / Not in Taxonomy
648,"""mindful minutes integration with apple health""]",Mismatch / Not in Taxonomy
649,"[""guided meditations for mindfulness",Mismatch / Not in Taxonomy
649,sleep,Mismatch / Not in Taxonomy
649,"and relaxation""",Mismatch / Not in Taxonomy
649,"""7 day audio course for beginners""",Mismatch / Not in Taxonomy
649,"""foundational skills in mindfulness",Mismatch / Not in Taxonomy
649,selfawareness,Mismatch / Not in Taxonomy
649,values,Mismatch / Not in Taxonomy
649,"and goals""",Mismatch / Not in Taxonomy
649,"""guided sleep meditations with relaxation techniques and peaceful sounds""",Mismatch / Not in Taxonomy
649,"""stress relief techniques for anxiety""",Mismatch / Not in Taxonomy
649,"""short meditation sessions for quick practice""",Mismatch / Not in Taxonomy
649,"""kids meditations with simplified audio sessions""",Mismatch / Not in Taxonomy
649,"""no sign up or log in required""",Mismatch / Not in Taxonomy
649,"""over 2 hours of free audio content""",Mismatch / Not in Taxonomy
649,"""onetime purchases for extra content""",Mismatch / Not in Taxonomy
649,"""daily reminders for meditation practice""",Valid (reminders)
649,"""progress monitoring with stats and graphs""",Mismatch / Not in Taxonomy
649,"""integration with apple health app""",Mismatch / Not in Taxonomy
649,"""airplay support for audio sessions""",Mismatch / Not in Taxonomy
649,"""premium subscription for unlocking all meditations""",Mismatch / Not in Taxonomy
649,"""monthly or 6month subscription options""]",Mismatch / Not in Taxonomy
650,"[""block distracting websites""",Mismatch / Not in Taxonomy
650,"""green screen on blocked websites""",Mismatch / Not in Taxonomy
650,"""pair with desktop apps on mac and windows""",Mismatch / Not in Taxonomy
650,"""connect directly on chromeos and linux""",Mismatch / Not in Taxonomy
650,"""block websites or the entire internet""",Mismatch / Not in Taxonomy
650,"""support for trial and premium accounts""",Mismatch / Not in Taxonomy
650,"""extensions to improve digital habits""",Mismatch / Not in Taxonomy
650,"""features like pause",Mismatch / Not in Taxonomy
650,insight,Valid (analytics)
650,"and limit""]",Mismatch / Not in Taxonomy
651,"[""guided meditation sessions""",Mismatch / Not in Taxonomy
651,"""session lengths of 3",Mismatch / Not in Taxonomy
651,5,Valid (pomodoro)
651,10,Mismatch / Not in Taxonomy
651,20,Mismatch / Not in Taxonomy
651,30,Mismatch / Not in Taxonomy
651,"or 40 minutes""",Mismatch / Not in Taxonomy
651,"""multisession programs""",Mismatch / Not in Taxonomy
651,"""ambient background sounds""",Mismatch / Not in Taxonomy
651,"""video themes""",Mismatch / Not in Taxonomy
651,"""background music""]",Mismatch / Not in Taxonomy
652,"[""chrome extension""",Mismatch / Not in Taxonomy
652,"""displays random mindfulness activities""",Mismatch / Not in Taxonomy
652,"""sends reminders at selected intervals""",Valid (reminders)
652,"""activities take no more than 10 minutes""",Mismatch / Not in Taxonomy
652,"""activities include deep breathing",Mismatch / Not in Taxonomy
652,appreciation,Mismatch / Not in Taxonomy
652,"and stretching""]",Mismatch / Not in Taxonomy
653,"[""chrome extension""",Mismatch / Not in Taxonomy
653,"""timed reminder""",Valid (reminders)
653,"""mindfulness reminder""]",Valid (reminders)
654,"[""replaces the new browser tab""",Mismatch / Not in Taxonomy
654,"""motivates users to set goals""",Mismatch / Not in Taxonomy
654,"""task delegation""",Mismatch / Not in Taxonomy
654,"""timer for task concentration""",Mismatch / Not in Taxonomy
654,"""planning feature""",Mismatch / Not in Taxonomy
654,"""break timer""]",Mismatch / Not in Taxonomy
655,"[""tab key access to search bar""",Mismatch / Not in Taxonomy
655,"""custom shortcut for search field focus""",Mismatch / Not in Taxonomy
655,"""autofocus feature for search bar""",Mismatch / Not in Taxonomy
655,"""opensource""",Mismatch / Not in Taxonomy
655,"""no tracking or data collection""",Mismatch / Not in Taxonomy
655,"""no ads""",Mismatch / Not in Taxonomy
655,"""requires page reload after installation""]",Mismatch / Not in Taxonomy
656,"[""meditation timer""",Mismatch / Not in Taxonomy
656,"""guided meditations""",Mismatch / Not in Taxonomy
656,"""ambient sounds""",Mismatch / Not in Taxonomy
656,"""background images""",Mismatch / Not in Taxonomy
656,"""browser extension""]",Mismatch / Not in Taxonomy
657,"[""url blocking""",Mismatch / Not in Taxonomy
657,"""keyword blocking""",Mismatch / Not in Taxonomy
657,"""white list""",Mismatch / Not in Taxonomy
657,"""redirect option""",Mismatch / Not in Taxonomy
657,"""password protection""",Mismatch / Not in Taxonomy
657,"""white & black time configuration""]",Mismatch / Not in Taxonomy
658,"[""customizable timers""",Mismatch / Not in Taxonomy
658,"""task labels & tags""",Mismatch / Not in Taxonomy
658,"""daily journal""",Mismatch / Not in Taxonomy
658,"""site blocking""",Mismatch / Not in Taxonomy
658,"""builtin music player""",Mismatch / Not in Taxonomy
658,"""detailed history & calendar""",Mismatch / Not in Taxonomy
658,"""pomodoro & stopwatch modes""",Valid (pomodoro)
658,"""autostart & skippable timers""",Mismatch / Not in Taxonomy
658,"""smart settings""",Mismatch / Not in Taxonomy
658,"""inspirational quotes & break tips""",Mismatch / Not in Taxonomy
658,"""export/import data""",Mismatch / Not in Taxonomy
658,"""delete individual sessions""]",Mismatch / Not in Taxonomy
659,"[""buddha & meditation chrome theme""",Mismatch / Not in Taxonomy
659,"""android apps developed by mldev""",Mismatch / Not in Taxonomy
659,"""buddha quotes & meditation app""",Mismatch / Not in Taxonomy
659,"""feng shui app""",Mismatch / Not in Taxonomy
659,"""meditation relaxation music app""",Mismatch / Not in Taxonomy
659,"""available in english or german language""",Mismatch / Not in Taxonomy
659,"""calming visual environment""]",Mismatch / Not in Taxonomy
660,"[""blocks youtube comments""",Mismatch / Not in Taxonomy
660,"""blocks youtube watch recommendations""",Mismatch / Not in Taxonomy
660,"""dropdown menu for removing comments and recommendations""",Mismatch / Not in Taxonomy
660,"""restores comments and recommendations upon page refresh""]",Mismatch / Not in Taxonomy
661,"[""intelligent social media feed filtering""",Mismatch / Not in Taxonomy
661,"""aipowered content shield""",Mismatch / Not in Taxonomy
661,"""block adult & sexually explicit content""",Mismatch / Not in Taxonomy
661,"""filter violence",Mismatch / Not in Taxonomy
661,"gore & weapons""",Mismatch / Not in Taxonomy
661,"""prevent access to gambling & betting sites""",Mismatch / Not in Taxonomy
661,"""block content about drugs & alcohol""",Mismatch / Not in Taxonomy
661,"""filter out profanity & hate speech""",Mismatch / Not in Taxonomy
661,"""customize blocking for other sensitive topics""",Mismatch / Not in Taxonomy
661,"""block inappropriate & malicious ads""",Mismatch / Not in Taxonomy
661,"""whitelist feature""]",Mismatch / Not in Taxonomy
662,"[""distractionfree reading environment""",Mismatch / Not in Taxonomy
662,"""specialized typography for adhd and dyslexia""",Mismatch / Not in Taxonomy
662,"""instant font transformation with one click""",Mismatch / Not in Taxonomy
662,"""complete local processing for privacy""",Mismatch / Not in Taxonomy
662,"""simple on/off toggle""",Mismatch / Not in Taxonomy
662,"""font selection optimized for adhd readers""",Mismatch / Not in Taxonomy
662,"""clean",Mismatch / Not in Taxonomy
662,"minimal interface""",Mismatch / Not in Taxonomy
662,"""zero data collection""",Mismatch / Not in Taxonomy
662,"""lightweight performance impact""",Mismatch / Not in Taxonomy
662,"""two font options: sans serif and serif""",Mismatch / Not in Taxonomy
662,"""works on virtually all web pages""]",Mismatch / Not in Taxonomy
663,"[""blocks access to distracting websites""",Mismatch / Not in Taxonomy
663,"""chrome extension""",Mismatch / Not in Taxonomy
663,"""configuration via toolbar icon""]",Mismatch / Not in Taxonomy
664,"[""block all types of popups on any website""",Mismatch / Not in Taxonomy
664,"""ad blocking on any site""",Mismatch / Not in Taxonomy
664,"""hide ads on youtube videos""",Mismatch / Not in Taxonomy
664,"""remove ads and sponsored content on social media platforms""",Mismatch / Not in Taxonomy
664,"""social media content filter""",Mismatch / Not in Taxonomy
664,"""hide cookie consent requests and messages""",Mismatch / Not in Taxonomy
664,"""remove advanced popups (overlays)""",Mismatch / Not in Taxonomy
664,"""block site notifications""",Valid (reminders)
664,"""hide any web interface element""",Mismatch / Not in Taxonomy
664,"""view blocked content and activity history""",Mismatch / Not in Taxonomy
664,"""create a whitelist of sites""]",Mismatch / Not in Taxonomy
665,"[""custom mp3 timer""",Mismatch / Not in Taxonomy
665,"""flexible intervals""",Mismatch / Not in Taxonomy
665,"""runs in the background""",Mismatch / Not in Taxonomy
665,"""minimal & distractionfree""",Mismatch / Not in Taxonomy
665,"""works completely offline""]",Mismatch / Not in Taxonomy
666,"[""run after installation""",Mismatch / Not in Taxonomy
666,"""setting up work and break time""",Mismatch / Not in Taxonomy
666,"""manual start",Mismatch / Not in Taxonomy
666,"stop and restart the timer""",Mismatch / Not in Taxonomy
666,"""blacklist/whitelist switcher""",Mismatch / Not in Taxonomy
666,"""configure the list of sites that will be blocked/allowed during the work mode""",Mismatch / Not in Taxonomy
666,"""autoblock the site if the tab has already been opened""",Mismatch / Not in Taxonomy
666,"""long break after each 4th pomodoro""",Valid (pomodoro)
666,"""timer deactivation after 15 minutes of inactivity""",Mismatch / Not in Taxonomy
666,"""ability to select notification sound or disable sound completely""",Valid (reminders)
666,"""manifest v3 support""",Mismatch / Not in Taxonomy
666,"""removed 'tabs' permission""",Mismatch / Not in Taxonomy
666,"""more fresh design""",Mismatch / Not in Taxonomy
666,"""timer will be stopped by default after starting the browser""",Mismatch / Not in Taxonomy
666,"""added ability to change texts in popups""]",Mismatch / Not in Taxonomy
667,"[""weekly task planner""",Mismatch / Not in Taxonomy
667,"""chrome extension for task access""",Mismatch / Not in Taxonomy
667,"""goal planning and tracking""",Mismatch / Not in Taxonomy
667,"""add and track multiple goals""",Mismatch / Not in Taxonomy
667,"""add high impact tasks to goals""",Mismatch / Not in Taxonomy
667,"""add vision and mission statements""",Mismatch / Not in Taxonomy
667,"""eisenhower quadrant for prioritization""",Mismatch / Not in Taxonomy
667,"""okr (objective",Mismatch / Not in Taxonomy
667,"key results) framework""",Mismatch / Not in Taxonomy
667,"""setup weekly objectives""",Mismatch / Not in Taxonomy
667,"""track key results on objectives""",Mismatch / Not in Taxonomy
667,"""setup separate okrs for each team""",Mismatch / Not in Taxonomy
667,"""task management""",Mismatch / Not in Taxonomy
667,"""add and manage high impact tasks""",Mismatch / Not in Taxonomy
667,"""add subtasks with descriptions and deadlines""",Mismatch / Not in Taxonomy
667,"""set repetitive tasks""",Mismatch / Not in Taxonomy
667,"""weekly tasks calendar view""",Mismatch / Not in Taxonomy
667,"""recurring tasks review""",Mismatch / Not in Taxonomy
667,"""view tasks for team members""",Mismatch / Not in Taxonomy
667,"""time tracking for tasks and projects""",Mismatch / Not in Taxonomy
667,"""track time on high impact tasks and goals""",Mismatch / Not in Taxonomy
667,"""pomodoro timer""",Valid (pomodoro)
667,"""team task manager""",Mismatch / Not in Taxonomy
667,"""create goals for teams""",Mismatch / Not in Taxonomy
667,"""set twelveweek project plans""",Mismatch / Not in Taxonomy
667,"""add and manage multiple team members""",Mismatch / Not in Taxonomy
667,"""share progress and deliverables""]",Mismatch / Not in Taxonomy
668,"[""track up to 4 habits""",Mismatch / Not in Taxonomy
668,"""click to mark habit completion for the current day""]",Mismatch / Not in Taxonomy
669,"[""customizable session lengths""",Mismatch / Not in Taxonomy
669,"""10 minute meditation timer""",Mismatch / Not in Taxonomy
669,"""15 minute meditation timer""",Mismatch / Not in Taxonomy
669,"""20 minute meditation timer""",Mismatch / Not in Taxonomy
669,"""userfriendly interface""",Mismatch / Not in Taxonomy
669,"""set reminders for breaks""",Valid (reminders)
669,"""variety of background sounds""",Mismatch / Not in Taxonomy
669,"""beach background sound""",Mismatch / Not in Taxonomy
669,"""birds background sound""",Mismatch / Not in Taxonomy
669,"""cafe background sound""",Mismatch / Not in Taxonomy
669,"""campfire background sound""",Mismatch / Not in Taxonomy
669,"""city background sound""",Mismatch / Not in Taxonomy
669,"""free to use""",Mismatch / Not in Taxonomy
669,"""accessible online meditation tool""]",Mismatch / Not in Taxonomy
670,"[""habit tracking""",Mismatch / Not in Taxonomy
670,"""study session logging""",Mismatch / Not in Taxonomy
670,"""routine planning""",Mismatch / Not in Taxonomy
670,"""progress monitoring""",Mismatch / Not in Taxonomy
670,"""timebased habit tracking""",Mismatch / Not in Taxonomy
670,"""frequencybased habit tracking""",Mismatch / Not in Taxonomy
670,"""taskbased habit tracking""",Mismatch / Not in Taxonomy
670,"""countbased habit tracking""",Mismatch / Not in Taxonomy
670,"""monitoring streaks""",Mismatch / Not in Taxonomy
670,"""daily/weekly stats visualization""",Mismatch / Not in Taxonomy
670,"""customizable colors",Mismatch / Not in Taxonomy
670,icons,Mismatch / Not in Taxonomy
670,"and styles""",Mismatch / Not in Taxonomy
670,"""tracking focus blocks""",Mismatch / Not in Taxonomy
670,"""pomodoro timer""",Valid (pomodoro)
670,"""custom time intervals""",Mismatch / Not in Taxonomy
670,"""learning progress reflection""",Mismatch / Not in Taxonomy
670,"""minimal interface""",Mismatch / Not in Taxonomy
670,"""lightweight performance""",Mismatch / Not in Taxonomy
670,"""dark mode""]",Mismatch / Not in Taxonomy
671,"[""adaptive tab management""",Mismatch / Not in Taxonomy
671,"""smart organization""",Mismatch / Not in Taxonomy
671,"""effortless switching between projects""",Mismatch / Not in Taxonomy
671,"""timesmart design prioritizing tabs based on usage patterns""",Mismatch / Not in Taxonomy
671,"""organize and share collections of tabs""]",Mismatch / Not in Taxonomy
672,"[""oneclick habit completion""",Mismatch / Not in Taxonomy
672,"""14 day progress overview""",Mismatch / Not in Taxonomy
672,"""streak tracking with visual flames""",Mismatch / Not in Taxonomy
672,"""milestone celebrations for streaks""",Mismatch / Not in Taxonomy
672,"""distractionfree interface""",Mismatch / Not in Taxonomy
672,"""colorcoded habits""",Mismatch / Not in Taxonomy
672,"""dark mode""",Mismatch / Not in Taxonomy
672,"""celebrate longest streaks""",Mismatch / Not in Taxonomy
672,"""dynamic streak flames""",Mismatch / Not in Taxonomy
672,"""immediate visual feedback""",Mismatch / Not in Taxonomy
672,"""drag and drop habit organization""",Mismatch / Not in Taxonomy
672,"""archive completed or paused habits""",Mismatch / Not in Taxonomy
672,"""group similar habits together""]",Mismatch / Not in Taxonomy
673,"[""set reminders for activities""",Valid (reminders)
673,"""userfriendly interface""",Mismatch / Not in Taxonomy
673,"""nonintrusive alerts""",Mismatch / Not in Taxonomy
673,"""flexible scheduling for reminders""",Valid (reminders)
673,"""onetime and recurring reminders""",Valid (reminders)
673,"""notifications in the browser""",Valid (reminders)
673,"""customizable reminder settings""]",Valid (reminders)
674,"[""customizable new tab""",Mismatch / Not in Taxonomy
674,"""allinone widget toolbox""",Mismatch / Not in Taxonomy
674,"""manage bookmarks""",Mismatch / Not in Taxonomy
674,"""track todos""",Mismatch / Not in Taxonomy
674,"""jot down notes""",Mismatch / Not in Taxonomy
674,"""track multiple time zones""",Mismatch / Not in Taxonomy
674,"""realtime weather forecasts""",Mismatch / Not in Taxonomy
674,"""access mostvisited sites""",Mismatch / Not in Taxonomy
674,"""access recent tabs""",Mismatch / Not in Taxonomy
674,"""customizable dashboards""",Valid (analytics)
674,"""switch between work and personal contexts""",Mismatch / Not in Taxonomy
674,"""upload custom icons""",Mismatch / Not in Taxonomy
674,"""choose from 10",Mismatch / Not in Taxonomy
674,"000 provided icons""",Mismatch / Not in Taxonomy
674,"""various color schemes""]",Mismatch / Not in Taxonomy
675,"[""hide main feed""",Mismatch / Not in Taxonomy
675,"""hide r/all""",Mismatch / Not in Taxonomy
675,"""hide popular""",Mismatch / Not in Taxonomy
675,"""hide user profiles""",Mismatch / Not in Taxonomy
675,"""hide full page search""",Mismatch / Not in Taxonomy
675,"""hide sidebar""",Mismatch / Not in Taxonomy
675,"""hide comments""",Mismatch / Not in Taxonomy
675,"""whitelist mode""",Mismatch / Not in Taxonomy
675,"""blacklist mode""]",Mismatch / Not in Taxonomy
676,"[""declutters google docs""",Mismatch / Not in Taxonomy
676,"""adds a pomodoro timer""",Valid (pomodoro)
676,"""focus icon in the bottomright of the google doc""",Mismatch / Not in Taxonomy
676,"""popup to modify settings""]",Mismatch / Not in Taxonomy
677,"[""track the time spent on each website""",Mismatch / Not in Taxonomy
677,"""analyze habits and generate reports""",Mismatch / Not in Taxonomy
677,"""block websites with customized rules""",Mismatch / Not in Taxonomy
677,"""dark mode""",Mismatch / Not in Taxonomy
677,"""back up data with github gist""",Mismatch / Not in Taxonomy
677,"""back up data with obsidian""",Mismatch / Not in Taxonomy
677,"""store data in local storage of browsers""",Mismatch / Not in Taxonomy
677,"""available in chrome""",Mismatch / Not in Taxonomy
677,"""available in firefox""",Mismatch / Not in Taxonomy
677,"""available in edge""",Mismatch / Not in Taxonomy
677,"""view source code on github""]",Mismatch / Not in Taxonomy
678,"[""adult content blocking""",Mismatch / Not in Taxonomy
678,"""basic content detection""",Mismatch / Not in Taxonomy
678,"""simple statistics""",Mismatch / Not in Taxonomy
678,"""safe browsing""",Mismatch / Not in Taxonomy
678,"""enhanced content filtering""",Mismatch / Not in Taxonomy
678,"""5x more sensitive detection""",Mismatch / Not in Taxonomy
678,"""multiple category blocking""",Mismatch / Not in Taxonomy
678,"""adjustable sensitivity levels""",Mismatch / Not in Taxonomy
678,"""password protection""",Mismatch / Not in Taxonomy
678,"""realtime content analysis""",Mismatch / Not in Taxonomy
678,"""smart redirects""",Mismatch / Not in Taxonomy
678,"""whitelisted safe sites""",Mismatch / Not in Taxonomy
678,"""visual blocking interface""",Mismatch / Not in Taxonomy
678,"""protection statistics""",Mismatch / Not in Taxonomy
678,"""childfriendly blocked page""",Mismatch / Not in Taxonomy
678,"""immediate activation""",Mismatch / Not in Taxonomy
678,"""automatic updates""",Mismatch / Not in Taxonomy
678,"""invisible operation""",Mismatch / Not in Taxonomy
678,"""zero maintenance""]",Mismatch / Not in Taxonomy
679,"[""hide thumbnails""",Mismatch / Not in Taxonomy
679,"""hide shorts""",Mismatch / Not in Taxonomy
679,"""hide live chat""",Mismatch / Not in Taxonomy
679,"""hide recommendations""",Mismatch / Not in Taxonomy
679,"""hide irrelevant results""",Mismatch / Not in Taxonomy
679,"""transform youtube homepage into a minimalist design""",Mismatch / Not in Taxonomy
679,"""block all open tabs in browser""",Mismatch / Not in Taxonomy
679,"""block only new tabs/windows""",Mismatch / Not in Taxonomy
679,"""hide 'people also watched' suggestions""",Mismatch / Not in Taxonomy
679,"""hide 'for you' suggestions""",Mismatch / Not in Taxonomy
679,"""customize viewing experience across home",Mismatch / Not in Taxonomy
679,subscriptions,Mismatch / Not in Taxonomy
679,channel,Mismatch / Not in Taxonomy
679,"search and video pages""",Mismatch / Not in Taxonomy
679,"""toggle visibility of navigation bars""",Mismatch / Not in Taxonomy
679,"""toggle visibility of sidebars""",Mismatch / Not in Taxonomy
679,"""toggle visibility of video recommendations""",Mismatch / Not in Taxonomy
679,"""toggle visibility of comments""",Mismatch / Not in Taxonomy
679,"""toggle visibility of end cards""",Mismatch / Not in Taxonomy
679,"""toggle visibility of live chats""",Mismatch / Not in Taxonomy
679,"""toggle visibility of breaking news""",Mismatch / Not in Taxonomy
679,"""toggle visibility of youtube playables""]",Mismatch / Not in Taxonomy
680,"[""block websites""",Mismatch / Not in Taxonomy
680,"""password protection""",Mismatch / Not in Taxonomy
680,"""focus timer""",Mismatch / Not in Taxonomy
680,"""pomodoro technique timer""",Valid (pomodoro)
680,"""set times to disable websites""",Mismatch / Not in Taxonomy
680,"""keyword blocker""",Mismatch / Not in Taxonomy
680,"""block adult content""",Mismatch / Not in Taxonomy
680,"""track internet safety""",Mismatch / Not in Taxonomy
680,"""deactivate blocking for all sites""",Mismatch / Not in Taxonomy
680,"""add websites to block list""]",Mismatch / Not in Taxonomy
681,"[""short & long breaks""",Mismatch / Not in Taxonomy
681,"""toolbar icon with countdown timer""",Valid (timer)
681,"""track pomodoro history & stats""",Valid (pomodoro)
681,"""configurable long break intervals""",Mismatch / Not in Taxonomy
681,"""customizable timer durations""",Mismatch / Not in Taxonomy
681,"""desktop & tab notifications""",Valid (reminders)
681,"""audio notifications with over 20 sounds""",Valid (reminders)
681,"""ticking timer sounds""]",Mismatch / Not in Taxonomy
682,"[""blocks distracting websites""",Mismatch / Not in Taxonomy
682,"""allows access to specified websites""",Mismatch / Not in Taxonomy
682,"""requires a pin for access to blocked sites""",Mismatch / Not in Taxonomy
682,"""customizable allow list""",Mismatch / Not in Taxonomy
682,"""prepopulated allow list of common work and learning sites""",Mismatch / Not in Taxonomy
682,"""parental control for setting the pin""",Valid (parental_control)
682,"""privacyconscious data handling""",Mismatch / Not in Taxonomy
682,"""local data storage on the device""]",Mismatch / Not in Taxonomy
683,"[""tracks time spent on the web""",Mismatch / Not in Taxonomy
683,"""updates stats every 3 seconds""",Mismatch / Not in Taxonomy
683,"""displays time spent in a pie chart""",Mismatch / Not in Taxonomy
683,"""tracks stats for today",Mismatch / Not in Taxonomy
683,daily average,Mismatch / Not in Taxonomy
683,"and alltime""",Mismatch / Not in Taxonomy
683,"""stops counting if the machine is idle for more than 30 seconds""",Mismatch / Not in Taxonomy
683,"""counts time only when chrome has focus""",Mismatch / Not in Taxonomy
683,"""shows number of minutes spent on current website over the icon""",Mismatch / Not in Taxonomy
683,"""allows sharing of web timer stats""",Mismatch / Not in Taxonomy
683,"""options page to avoid tracking certain sites""]",Mismatch / Not in Taxonomy
684,"[""track and limit browsing time on each website""",Mismatch / Not in Taxonomy
684,"""analyze time spent on each website""",Mismatch / Not in Taxonomy
684,"""view data by day",Mismatch / Not in Taxonomy
684,week,Mismatch / Not in Taxonomy
684,"and month granularity""",Mismatch / Not in Taxonomy
684,"""display drilldown charts""",Mismatch / Not in Taxonomy
684,"""organize data based on domains in a tree structure""",Mismatch / Not in Taxonomy
684,"""export data in csv format""",Mismatch / Not in Taxonomy
684,"""set routine and limit access to specific websites during fixed time periods""",Mismatch / Not in Taxonomy
684,"""configure global rules",Mismatch / Not in Taxonomy
684,group rules,Mismatch / Not in Taxonomy
684,"and site rules""",Mismatch / Not in Taxonomy
684,"""customize period",Mismatch / Not in Taxonomy
684,rotation time point,Mismatch / Not in Taxonomy
684,maximum duration,Mismatch / Not in Taxonomy
684,"and effective days""",Mismatch / Not in Taxonomy
684,"""utilize rule priorities for complex requirements""",Mismatch / Not in Taxonomy
684,"""create custom website groups for bulk restrictions""",Mismatch / Not in Taxonomy
684,"""query usage duration of grouped websites""",Mismatch / Not in Taxonomy
684,"""automatically sync data between devices every 10 minutes""",Mismatch / Not in Taxonomy
684,"""connect browser extension to google drive for data synchronization""",Mismatch / Not in Taxonomy
684,"""display current website browsing duration on extension icon""",Mismatch / Not in Taxonomy
684,"""generate daily or weekly data reports""",Mismatch / Not in Taxonomy
684,"""support data backup and recovery""",Mismatch / Not in Taxonomy
684,"""support dark theme""]",Mismatch / Not in Taxonomy
685,"[""custom blocklist""",Mismatch / Not in Taxonomy
685,"""scheduled site blocking""",Mismatch / Not in Taxonomy
685,"""password protection""",Mismatch / Not in Taxonomy
685,"""usage limit for websites""",Mismatch / Not in Taxonomy
685,"""insights on browsing trends""",Valid (analytics)
685,"""focus mode using pomodoro technique""",Valid (pomodoro)
685,"""adult content blocking""",Mismatch / Not in Taxonomy
685,"""scheduling feature for access times""",Mismatch / Not in Taxonomy
685,"""customized blocked page""",Mismatch / Not in Taxonomy
685,"""uninstall prevention""",Mismatch / Not in Taxonomy
685,"""site redirect""",Mismatch / Not in Taxonomy
685,"""sync across devices""]",Mismatch / Not in Taxonomy
686,"[""creates a reading environment for adhd and dyslexia""",Mismatch / Not in Taxonomy
686,"""bolds half of every word""",Mismatch / Not in Taxonomy
686,"""provides focus points in text""",Mismatch / Not in Taxonomy
686,"""reduces distractions when reading""]",Mismatch / Not in Taxonomy
687,"[""whitelist management""",Mismatch / Not in Taxonomy
687,"""customizable restrictions""",Mismatch / Not in Taxonomy
687,"""realtime blocking""",Mismatch / Not in Taxonomy
687,"""userdriven controls""",Mismatch / Not in Taxonomy
687,"""seamless ux""]",Mismatch / Not in Taxonomy
688,"[""website usage history""",Mismatch / Not in Taxonomy
688,"""digital profile""",Mismatch / Not in Taxonomy
688,"""share usage and limits across devices""",Mismatch / Not in Taxonomy
688,"""overuse reminder""",Valid (reminders)
688,"""block mode""",Mismatch / Not in Taxonomy
688,"""youtube plus""",Mismatch / Not in Taxonomy
688,"""customizable youtube features""]",Mismatch / Not in Taxonomy
689,"[""task manager""",Mismatch / Not in Taxonomy
689,"""timeboxing scheduler""",Mismatch / Not in Taxonomy
689,"""allowed websites list""",Mismatch / Not in Taxonomy
689,"""blocked websites list""",Mismatch / Not in Taxonomy
689,"""countdown timer for unlisted websites""",Valid (timer)
689,"""reward system for completed tasks""",Mismatch / Not in Taxonomy
689,"""psychological exercises""",Mismatch / Not in Taxonomy
689,"""browsing statistics""",Mismatch / Not in Taxonomy
689,"""open source""]",Mismatch / Not in Taxonomy
690,"[""reminds users to take breaks""",Mismatch / Not in Taxonomy
690,"""engages users in short",Mismatch / Not in Taxonomy
690,"mindful exercises""",Mismatch / Not in Taxonomy
690,"""chrome extension""]",Mismatch / Not in Taxonomy
691,"[""blocks specified sites""",Mismatch / Not in Taxonomy
691,"""closes browser tabs for blocked sites""",Mismatch / Not in Taxonomy
691,"""chrome extension""",Mismatch / Not in Taxonomy
691,"""options to formulate web blacklist""",Mismatch / Not in Taxonomy
691,"""enable distraction blocker in browser""",Mismatch / Not in Taxonomy
691,"""manage extensions for distraction blocker""]",Mismatch / Not in Taxonomy
692,"[""forces a pause before accessing social media or distracting websites""",Mismatch / Not in Taxonomy
692,"""reduces social media usage by increasing awareness""",Mismatch / Not in Taxonomy
692,"""designed to change habits on a longterm basis""",Mismatch / Not in Taxonomy
692,"""blocks social media for a limited amount of time""",Mismatch / Not in Taxonomy
692,"""stores usage data offline and ondevice""",Mismatch / Not in Taxonomy
692,"""ensures user information privacy and security""",Mismatch / Not in Taxonomy
692,"""available as a chrome extension""",Mismatch / Not in Taxonomy
692,"""available for iphone",Mismatch / Not in Taxonomy
692,ipad,Mismatch / Not in Taxonomy
692,"and android devices""]",Mismatch / Not in Taxonomy
693,"[""time tracking""",Mismatch / Not in Taxonomy
693,"""start and stop timers""",Mismatch / Not in Taxonomy
693,"""integrations with 50+ services""",Mismatch / Not in Taxonomy
693,"""set project budgets""",Mismatch / Not in Taxonomy
693,"""track development costs""",Mismatch / Not in Taxonomy
693,"""generate reports""",Mismatch / Not in Taxonomy
693,"""measure team effectiveness""",Mismatch / Not in Taxonomy
693,"""monitor workflow""",Mismatch / Not in Taxonomy
693,"""distribute workload""",Mismatch / Not in Taxonomy
693,"""flexible billing system""",Mismatch / Not in Taxonomy
693,"""set project and hourly rates""",Mismatch / Not in Taxonomy
693,"""invoice clients""",Mismatch / Not in Taxonomy
693,"""financial reports""",Mismatch / Not in Taxonomy
693,"""pto tracking""",Mismatch / Not in Taxonomy
693,"""time off policies""",Mismatch / Not in Taxonomy
693,"""leave approvals""",Mismatch / Not in Taxonomy
693,"""attendance management""]",Mismatch / Not in Taxonomy
694,"[""pomodoro timer""",Valid (pomodoro)
694,"""todo lists""",Mismatch / Not in Taxonomy
694,"""task breakdown""",Mismatch / Not in Taxonomy
694,"""20minute work sessions""",Mismatch / Not in Taxonomy
694,"""5/10 minute break settings""",Mismatch / Not in Taxonomy
694,"""notification for end of work session""",Valid (reminders)
694,"""history feature to track completed pomodoros""]",Valid (pomodoro)
695,"[""guided breathing exercises""",Mismatch / Not in Taxonomy
695,"""box breathing technique""",Mismatch / Not in Taxonomy
695,"""478 breathing method""",Mismatch / Not in Taxonomy
695,"""wim hof breathing method""",Mismatch / Not in Taxonomy
695,"""coherent breathing""",Mismatch / Not in Taxonomy
695,"""deep breathing exercises""",Mismatch / Not in Taxonomy
695,"""oneclick access from toolbar""",Mismatch / Not in Taxonomy
695,"""work break timer""",Mismatch / Not in Taxonomy
695,"""distractionfree interface""",Mismatch / Not in Taxonomy
695,"""offline functionality""",Mismatch / Not in Taxonomy
695,"""no data collection""",Mismatch / Not in Taxonomy
695,"""fast performance""",Mismatch / Not in Taxonomy
695,"""customizable session lengths (130 minutes)""",Mismatch / Not in Taxonomy
695,"""progress tracking""",Mismatch / Not in Taxonomy
695,"""daily streaks""",Mismatch / Not in Taxonomy
695,"""multiple themes (light/dark/auto)""",Mismatch / Not in Taxonomy
695,"""keyboard shortcuts""",Mismatch / Not in Taxonomy
695,"""background timer""]",Mismatch / Not in Taxonomy
696,"[""toggle on/off concentration mode""",Mismatch / Not in Taxonomy
696,"""add distracting sites to a blocklist""",Mismatch / Not in Taxonomy
696,"""notifications when a distracting site is closed""]",Valid (reminders)
697,"[""google calendar sync""",Mismatch / Not in Taxonomy
697,"""mini subtimer for agenda items""",Mismatch / Not in Taxonomy
697,"""shareable timer""",Mismatch / Not in Taxonomy
697,"""automatic countdown from calendar""",Valid (timer)
697,"""manual timer with set duration""",Mismatch / Not in Taxonomy
697,"""halftime/overtime color cues""",Mismatch / Not in Taxonomy
697,"""optional sound alerts""",Mismatch / Not in Taxonomy
697,"""overlap warnings""",Mismatch / Not in Taxonomy
697,"""drag & drop timer positioning""",Mismatch / Not in Taxonomy
697,"""quick access to upcoming events""",Mismatch / Not in Taxonomy
697,"""favicon badge before meetings""",Mismatch / Not in Taxonomy
697,"""popup for upcoming events list""]",Mismatch / Not in Taxonomy
698,"[""track habits""",Mismatch / Not in Taxonomy
698,"""earn points""",Mismatch / Not in Taxonomy
698,"""redeem prizes""]",Mismatch / Not in Taxonomy
699,"[""displays 100 mindfulness quotes""",Mismatch / Not in Taxonomy
699,"""organizes quotes into three categories: original quotes",Mismatch / Not in Taxonomy
699,quotes from books,Mismatch / Not in Taxonomy
699,"continued quotes""",Mismatch / Not in Taxonomy
699,"""sourced quotes from renowned authors""",Mismatch / Not in Taxonomy
699,"""category buttons to view quotes""",Mismatch / Not in Taxonomy
699,"""heart animation on click for quotes""",Mismatch / Not in Taxonomy
699,"""realtime clock display""",Mismatch / Not in Taxonomy
699,"""popup size of 800x600 pixels""",Mismatch / Not in Taxonomy
699,"""scrollable interface""",Mismatch / Not in Taxonomy
699,"""visually distinct design""]",Mismatch / Not in Taxonomy
700,"[""track daily web activity""",Mismatch / Not in Taxonomy
700,"""show browsing patterns through stats and graphs""",Mismatch / Not in Taxonomy
700,"""view weekly activity trends""",Valid (analytics)
700,"""block distracting websites""]",Mismatch / Not in Taxonomy
701,"[""chrome extension""",Mismatch / Not in Taxonomy
701,"""highlights beginning of every word on websites""",Mismatch / Not in Taxonomy
701,"""error handling optimization""",Mismatch / Not in Taxonomy
701,"""performance enhancement for infinite scroll sites""",Mismatch / Not in Taxonomy
701,"""performance optimization for longread sites""",Mismatch / Not in Taxonomy
701,"""bug report link""",Mismatch / Not in Taxonomy
701,"""fix performance issues""",Mismatch / Not in Taxonomy
701,"""feature for keeping adhd reader always active""]",Mismatch / Not in Taxonomy
702,"[""block distracting websites""",Mismatch / Not in Taxonomy
702,"""add websites to block list""",Mismatch / Not in Taxonomy
702,"""start focusing with a single click""",Mismatch / Not in Taxonomy
702,"""free chrome extension""",Mismatch / Not in Taxonomy
702,"""compatible with latest versions of chrome""]",Mismatch / Not in Taxonomy
703,"[""focus tools""",Mismatch / Not in Taxonomy
703,"""routine/task planning""",Mismatch / Not in Taxonomy
703,"""reminders""]",Valid (reminders)
704,"[""track coding time on leetcode problems""",Mismatch / Not in Taxonomy
704,"""automatically start timer when working on a problem""",Mismatch / Not in Taxonomy
704,"""automatically stop timer when solution is submitted""",Mismatch / Not in Taxonomy
704,"""view total coding time for each problem""",Mismatch / Not in Taxonomy
704,"""set time limits based on problem difficulty""",Mismatch / Not in Taxonomy
704,"""support for all leetcode ui modes (old",Mismatch / Not in Taxonomy
704,split view,Mismatch / Not in Taxonomy
704,"dynamic)""",Mismatch / Not in Taxonomy
704,"""draggable timer design""",Mismatch / Not in Taxonomy
704,"""autostart timer functionality""",Mismatch / Not in Taxonomy
704,"""automatically pause timer on successful submission""",Mismatch / Not in Taxonomy
704,"""hide difficulty""",Mismatch / Not in Taxonomy
704,"""hide acceptance rate""",Mismatch / Not in Taxonomy
704,"""hide locked questions""",Mismatch / Not in Taxonomy
704,"""hide timer to run in background""]",Mismatch / Not in Taxonomy
705,"[""parental control""",Valid (parental_control)
705,"""manage allowed sites""",Mismatch / Not in Taxonomy
705,"""block nonwhitelisted sites""",Mismatch / Not in Taxonomy
705,"""customize access denied page""",Mismatch / Not in Taxonomy
705,"""add and update whitelisted sites""",Mismatch / Not in Taxonomy
705,"""kidsafe mode""",Mismatch / Not in Taxonomy
705,"""instant website blocking""",Mismatch / Not in Taxonomy
705,"""personal admin dashboard""",Valid (analytics)
705,"""userfriendly interface""]",Mismatch / Not in Taxonomy
706,"[""blocks inappropriate web content using ai""",Mismatch / Not in Taxonomy
706,"""customizable filters for content categories""",Mismatch / Not in Taxonomy
706,"""realtime ai filtering of web pages""",Mismatch / Not in Taxonomy
706,"""password protection for settings""",Mismatch / Not in Taxonomy
706,"""flexible plans for different usage levels""",Mismatch / Not in Taxonomy
706,"""block history for monitoring blocked pages""",Mismatch / Not in Taxonomy
706,"""no reliance on outdated blacklists""",Mismatch / Not in Taxonomy
706,"""userfriendly interface""",Mismatch / Not in Taxonomy
706,"""incognito mode protection""]",Mismatch / Not in Taxonomy
707,"[""pomodoro timer""",Valid (pomodoro)
707,"""customizable focus sessions""",Mismatch / Not in Taxonomy
707,"""customizable break sessions""",Mismatch / Not in Taxonomy
707,"""chrome extension""",Mismatch / Not in Taxonomy
707,"""soothing design""",Mismatch / Not in Taxonomy
707,"""guided setup""",Mismatch / Not in Taxonomy
707,"""pinning functionality""]",Mismatch / Not in Taxonomy
708,"[""set intentions""",Mismatch / Not in Taxonomy
708,"""doomscrolling prevention""",Mismatch / Not in Taxonomy
708,"""positive reinforcement""",Mismatch / Not in Taxonomy
708,"""mindfulness""",Mismatch / Not in Taxonomy
708,"""optimize social media usage""",Mismatch / Not in Taxonomy
708,"""private and synced with google account""]",Mismatch / Not in Taxonomy
709,"[""chrome extension""",Mismatch / Not in Taxonomy
709,"""maintain focus in virtual meetings""",Mismatch / Not in Taxonomy
709,"""supplementary aid for focus and relaxation""]",Mismatch / Not in Taxonomy
710,"[""bold first half of every word""",Mismatch / Not in Taxonomy
710,"""toggle for bolding settings""",Mismatch / Not in Taxonomy
710,"""color settings for bolding""",Mismatch / Not in Taxonomy
710,"""persistent settings for bolding""",Mismatch / Not in Taxonomy
710,"""bionic reading feature""]",Mismatch / Not in Taxonomy
711,"[""timer feature with breaks""",Mismatch / Not in Taxonomy
711,"""set precise work intervals""",Mismatch / Not in Taxonomy
711,"""automatically transition to rest periods""",Mismatch / Not in Taxonomy
711,"""customize timer settings""",Mismatch / Not in Taxonomy
711,"""timer works even if your tab is closed""",Mismatch / Not in Taxonomy
711,"""fluid todo list""",Mismatch / Not in Taxonomy
711,"""organize tasks with subject categorization""",Mismatch / Not in Taxonomy
711,"""break down tasks into subtasks""",Mismatch / Not in Taxonomy
711,"""manage and track progress on complex projects""",Mismatch / Not in Taxonomy
711,"""stunning wallpapers""",Mismatch / Not in Taxonomy
711,"""curated wallpapers with every new tab""",Mismatch / Not in Taxonomy
711,"""select from a variety of backgrounds""]",Mismatch / Not in Taxonomy
712,"[""browser extension""",Mismatch / Not in Taxonomy
712,"""enhances legibility of text on webpages""",Mismatch / Not in Taxonomy
712,"""makes the first few letters of each word bold""",Mismatch / Not in Taxonomy
712,"""activates by clicking an icon in the browser's toolbar""",Mismatch / Not in Taxonomy
712,"""scans entire webpage for text modifications""",Mismatch / Not in Taxonomy
712,"""refresh page to turn off enhancements""",Mismatch / Not in Taxonomy
712,"""converts pdfs to html for use with the extension""",Mismatch / Not in Taxonomy
712,"""reapplies enhancements on infinite scrolling pages""",Mismatch / Not in Taxonomy
712,"""undo text modifications by refreshing the webpage""]",Mismatch / Not in Taxonomy
713,"[""pay to pass website blocker""",Valid (blocking)
713,"""pomodoro timer""",Valid (pomodoro)
713,"""integration with habitica""",Mismatch / Not in Taxonomy
713,"""automatic creation of pomodoro habit in habitica""",Valid (pomodoro)
713,"""option to score habit based on pomodoro success or failure""",Valid (pomodoro)
713,"""api credentials setup""",Mismatch / Not in Taxonomy
713,"""site blocking with customizable cost""",Mismatch / Not in Taxonomy
713,"""blocking of websites during pomodoro mode""",Valid (pomodoro)
713,"""settings to customize pomodoro behavior""]",Valid (pomodoro)
714,"[""daily mindfulness tips""",Mismatch / Not in Taxonomy
714,"""ability to play music""]",Mismatch / Not in Taxonomy
715,"[""userfriendly timer interface""",Mismatch / Not in Taxonomy
715,"""select number of minutes for deep work session""",Valid (focus_mode)
715,"""browser action icon""",Mismatch / Not in Taxonomy
715,"""no registration required""",Mismatch / Not in Taxonomy
715,"""minimal permissions""",Mismatch / Not in Taxonomy
715,"""does not store user data""]",Mismatch / Not in Taxonomy
716,"[""track browsing time""",Mismatch / Not in Taxonomy
716,"""send reminders to take breaks""",Valid (reminders)
716,"""accurate tracking of browsing time""",Mismatch / Not in Taxonomy
716,"""provide breakdown of time in hours and minutes""",Mismatch / Not in Taxonomy
716,"""hourly alerts for breaks""",Mismatch / Not in Taxonomy
716,"""minimalist user interface""]",Mismatch / Not in Taxonomy
717,"[""highcontrast outline around focused elements""",Mismatch / Not in Taxonomy
717,"""overlay focus indication method""",Mismatch / Not in Taxonomy
717,"""on element focus indication method""",Mismatch / Not in Taxonomy
717,"""indicator color mode options (solid",Mismatch / Not in Taxonomy
717,"hybrid)""",Mismatch / Not in Taxonomy
717,"""adjustable outline width""",Mismatch / Not in Taxonomy
717,"""adjustable outline offset""",Mismatch / Not in Taxonomy
717,"""transition animation between focused elements""",Mismatch / Not in Taxonomy
717,"""blacklist sites to disable extension""",Mismatch / Not in Taxonomy
717,"""whitelist sites to enable extension""",Mismatch / Not in Taxonomy
717,"""configuration settings accessible via extension icon""",Mismatch / Not in Taxonomy
717,"""option to use 'on element' mode for text input elements""]",Mismatch / Not in Taxonomy
718,"[""block sites",Mismatch / Not in Taxonomy
718,"including subdomains""",Mismatch / Not in Taxonomy
718,"""allowlist for exceptions to blocked websites""",Mismatch / Not in Taxonomy
718,"""focus mode timer using the pomodoro technique""",Valid (pomodoro)
718,"""time management tracking of work cycles""",Mismatch / Not in Taxonomy
718,"""password protection for focus mode and options page""",Valid (focus_mode)
718,"""unstoppable focus mode to hide pause and stop buttons""",Valid (focus_mode)
718,"""funny blocked page with images for blocked sites""",Mismatch / Not in Taxonomy
718,"""incognito mode support with activation option""]",Mismatch / Not in Taxonomy
719,"[""pomodoro technique implementation""",Valid (pomodoro)
719,"""customizable pomodoro cycles""",Valid (pomodoro)
719,"""classic pomodoro session timing (25 minutes work",Valid (pomodoro)
719,"5 minutes break)""",Mismatch / Not in Taxonomy
719,"""focus app feature to minimize distractions""",Mismatch / Not in Taxonomy
719,"""study clock timer for productivity tracking""",Mismatch / Not in Taxonomy
719,"""regular break timer""",Mismatch / Not in Taxonomy
719,"""digital timer clock visible in browser tab""",Mismatch / Not in Taxonomy
719,"""visually appealing interface""",Mismatch / Not in Taxonomy
719,"""optimized for desktop use""",Mismatch / Not in Taxonomy
719,"""integration capabilities with other tools""",Mismatch / Not in Taxonomy
719,"""productivity analytics""]",Valid (analytics)
720,"[""scheduled website blocking""",Mismatch / Not in Taxonomy
720,"""daily time limits per site""",Mismatch / Not in Taxonomy
720,"""daily visit limits per site""",Mismatch / Not in Taxonomy
720,"""quick focus mode""",Valid (focus_mode)
720,"""impulse lock timer""",Mismatch / Not in Taxonomy
720,"""screen time analytics""",Valid (analytics)
720,"""antiscroll + usage warnings""",Mismatch / Not in Taxonomy
720,"""password protection""",Mismatch / Not in Taxonomy
720,"""allowlist for productive sites""",Mismatch / Not in Taxonomy
720,"""userfriendly interface""]",Mismatch / Not in Taxonomy
721,"[""add personal habits based on your goals""",Mismatch / Not in Taxonomy
721,"""keep track of habits""",Mismatch / Not in Taxonomy
721,"""upload a habit""",Mismatch / Not in Taxonomy
721,"""check the completed days""]",Mismatch / Not in Taxonomy
722,"[""transform new tab into a focused starting point""",Mismatch / Not in Taxonomy
722,"""minimal search bar to reduce distractions""",Mismatch / Not in Taxonomy
722,"""sync across devices""",Mismatch / Not in Taxonomy
722,"""create a habit of calm""]",Mismatch / Not in Taxonomy
723,"[""block any website from access""",Mismatch / Not in Taxonomy
723,"""block websites for a fixed period using focus mode""",Valid (focus_mode)
723,"""block any number of websites in normal and focus mode""",Valid (focus_mode)
723,"""custom message on blocked pages""",Mismatch / Not in Taxonomy
723,"""timebased website blocking""",Mismatch / Not in Taxonomy
723,"""edit blocked website list""",Mismatch / Not in Taxonomy
723,"""set a fixed amount of time for focus mode""]",Valid (focus_mode)
724,"[""pomodoro/focus timer""",Valid (pomodoro)
724,"""website blocker""",Valid (blocking)
724,"""scheduled blocker""",Mismatch / Not in Taxonomy
724,"""task timer""",Mismatch / Not in Taxonomy
724,"""workflows""",Mismatch / Not in Taxonomy
724,"""autoblock""",Mismatch / Not in Taxonomy
724,"""analytics""",Valid (analytics)
724,"""reverse pomodoro""]",Valid (pomodoro)
725,"[""focus timer""",Mismatch / Not in Taxonomy
725,"""25minute work periods""",Mismatch / Not in Taxonomy
725,"""5minute breaks""",Mismatch / Not in Taxonomy
725,"""single task focus""",Mismatch / Not in Taxonomy
725,"""mental fatigue prevention""",Mismatch / Not in Taxonomy
725,"""worklife balance management""",Mismatch / Not in Taxonomy
725,"""procrastination reduction""]",Mismatch / Not in Taxonomy
726,"[""block websites until daily goals are met""",Mismatch / Not in Taxonomy
726,"""close tab if a blocked website is accessed before goals are completed""",Mismatch / Not in Taxonomy
726,"""unblock all websites once daily goals are reached""]",Mismatch / Not in Taxonomy
727,"[""supports multiple timers""",Mismatch / Not in Taxonomy
727,"""supports multiple stopwatches""",Mismatch / Not in Taxonomy
727,"""five to tenminute snooze""",Valid (reminders)
727,"""define multiple alarms""",Valid (reminders)
727,"""stopwatch with lap functionality""",Mismatch / Not in Taxonomy
727,"""timer with pause and resume support""",Mismatch / Not in Taxonomy
727,"""uses builtin api to set alarms""",Valid (reminders)
727,"""works with ui hidden or browser restarted""",Mismatch / Not in Taxonomy
727,"""alarm sound snoozing with 5minute delay""",Valid (reminders)
727,"""highpriority desktop notifications""",Valid (reminders)
727,"""plays two different sounds for notifications""",Valid (reminders)
727,"""snooze notifications with 5 to 10minute delay""",Valid (reminders)
727,"""export preferences""",Mismatch / Not in Taxonomy
727,"""import preferences""]",Mismatch / Not in Taxonomy
728,"[""free to download""",Mismatch / Not in Taxonomy
728,"""lifetime updates""",Mismatch / Not in Taxonomy
728,"""1080p full hd resolution""",Mismatch / Not in Taxonomy
728,"""compatible with most devices""",Mismatch / Not in Taxonomy
728,"""custom 4k ultra hd download available""",Mismatch / Not in Taxonomy
728,"""designed at ultra 4k resolution""",Mismatch / Not in Taxonomy
728,"""optimized for 1080 x 1920 pixels""]",Mismatch / Not in Taxonomy
729,"[""filter the internet & block objectionable content""",Mismatch / Not in Taxonomy
729,"""limit screen time""",Mismatch / Not in Taxonomy
729,"""monitor browsing history & online activity""",Mismatch / Not in Taxonomy
729,"""use web portal or mobile app in parent mode""",Mismatch / Not in Taxonomy
729,"""set daily screen time limits""",Mismatch / Not in Taxonomy
729,"""set recurring weekly screen time schedules""",Mismatch / Not in Taxonomy
729,"""block websites""",Mismatch / Not in Taxonomy
729,"""lock all devices instantly""",Mismatch / Not in Taxonomy
729,"""check kids' browsing history""",Mismatch / Not in Taxonomy
729,"""set up weekly or daily reports""",Mismatch / Not in Taxonomy
729,"""invite another parent to manage digital experience""",Mismatch / Not in Taxonomy
729,"""track family devices through a dashboard""",Valid (analytics)
729,"""crossplatform protection for multiple devices""]",Mismatch / Not in Taxonomy
730,"[""set time limits for websites""",Mismatch / Not in Taxonomy
730,"""automatically block websites when time limit is reached""]",Mismatch / Not in Taxonomy
731,"[""minimalist meditation timer""",Mismatch / Not in Taxonomy
731,"""two modes: energise and calm""",Mismatch / Not in Taxonomy
731,"""access via sidebar or shortcut""",Mismatch / Not in Taxonomy
731,"""guided meditations""]",Mismatch / Not in Taxonomy
732,"[""customizable personal dashboard""",Valid (analytics)
732,"""hd desktop wallpapers""",Mismatch / Not in Taxonomy
732,"""motivational quotes""",Mismatch / Not in Taxonomy
732,"""new tab page customization""",Mismatch / Not in Taxonomy
732,"""digital organization features""",Mismatch / Not in Taxonomy
732,"""efficient browsing tools""",Mismatch / Not in Taxonomy
732,"""time management apps""",Mismatch / Not in Taxonomy
732,"""efficient bookmarks""",Mismatch / Not in Taxonomy
732,"""turbocharged side bar""",Mismatch / Not in Taxonomy
732,"""integrated chat gpt""",Mismatch / Not in Taxonomy
732,"""weather tracking""",Mismatch / Not in Taxonomy
732,"""customizable date and time display""",Mismatch / Not in Taxonomy
732,"""google suite integration""",Mismatch / Not in Taxonomy
732,"""timer and stopwatch""",Mismatch / Not in Taxonomy
732,"""effective bookmarks management""",Mismatch / Not in Taxonomy
732,"""quick notes""",Mismatch / Not in Taxonomy
732,"""todos""",Mismatch / Not in Taxonomy
732,"""sticky notes""",Mismatch / Not in Taxonomy
732,"""daily quotes""",Mismatch / Not in Taxonomy
732,"""realtime news""",Mismatch / Not in Taxonomy
732,"""multisearch functionality""]",Mismatch / Not in Taxonomy
733,"[""1click access to meditative music""",Mismatch / Not in Taxonomy
733,"""chrome extension for meditation""",Mismatch / Not in Taxonomy
733,"""access to calming frequencies""",Mismatch / Not in Taxonomy
733,"""carefullydesigned calming music""",Mismatch / Not in Taxonomy
733,"""shield against external noise""",Mismatch / Not in Taxonomy
733,"""calming frequencies to quieten internal distractions""",Mismatch / Not in Taxonomy
733,"""scientifically designed music frequencies""",Mismatch / Not in Taxonomy
733,"""tool for mental and emotional wellness""",Mismatch / Not in Taxonomy
733,"""regulate emotions""",Mismatch / Not in Taxonomy
733,"""enhance focus and concentration""",Mismatch / Not in Taxonomy
733,"""improve selfawareness and alertness""]",Mismatch / Not in Taxonomy
734,"[""block websites",Mismatch / Not in Taxonomy
734,urls,Mismatch / Not in Taxonomy
734,"and domains""",Mismatch / Not in Taxonomy
734,"""customize blocklist""",Mismatch / Not in Taxonomy
734,"""password protection""",Mismatch / Not in Taxonomy
734,"""userfriendly interface""",Mismatch / Not in Taxonomy
734,"""add sites to block list with a single click""",Mismatch / Not in Taxonomy
734,"""permanent block""",Mismatch / Not in Taxonomy
734,"""attemptwise block""",Mismatch / Not in Taxonomy
734,"""timewise block""",Mismatch / Not in Taxonomy
734,"""exact url matching""",Mismatch / Not in Taxonomy
734,"""contains url matching""",Mismatch / Not in Taxonomy
734,"""manage block list for adding or removing sites""]",Mismatch / Not in Taxonomy
735,"[""lightweight extension""",Mismatch / Not in Taxonomy
735,"""faster performance""",Mismatch / Not in Taxonomy
735,"""default font is arial""]",Mismatch / Not in Taxonomy
736,"[""website usage history""",Mismatch / Not in Taxonomy
736,"""configurable blocking""",Mismatch / Not in Taxonomy
736,"""the nuclear option""",Mismatch / Not in Taxonomy
736,"""require challenge""",Mismatch / Not in Taxonomy
736,"""active days/hours""",Mismatch / Not in Taxonomy
736,"""in app blocking for youtube""]",Mismatch / Not in Taxonomy
737,"[""creates event tracking plans""",Mismatch / Not in Taxonomy
737,"""tests if events & properties are firing correctly""",Mismatch / Not in Taxonomy
737,"""integrates with analytics tools like mixpanel and amplitude""",Valid (analytics)
737,"""provides reports for event instrumentation""]",Mismatch / Not in Taxonomy
738,"[""customizable website blocker""",Valid (blocking)
738,"""password protection""",Mismatch / Not in Taxonomy
738,"""export rules to json file""",Mismatch / Not in Taxonomy
738,"""block access to chosen websites""",Mismatch / Not in Taxonomy
738,"""master password for customization""",Mismatch / Not in Taxonomy
738,"""redirect navigation from one website to another""",Mismatch / Not in Taxonomy
738,"""block unwanted domains""",Mismatch / Not in Taxonomy
738,"""wildcard matching""",Mismatch / Not in Taxonomy
738,"""regular expression matching""",Mismatch / Not in Taxonomy
738,"""reverse mode for hostname access""",Mismatch / Not in Taxonomy
738,"""custom redirection for blocked hostnames""",Mismatch / Not in Taxonomy
738,"""display custom message on blocked pages""",Mismatch / Not in Taxonomy
738,"""timebased blocking""",Mismatch / Not in Taxonomy
738,"""datebased blocking""",Mismatch / Not in Taxonomy
738,"""data leakage protection""",Mismatch / Not in Taxonomy
738,"""autoclose blocked tabs""",Mismatch / Not in Taxonomy
738,"""close popups on request""",Mismatch / Not in Taxonomy
738,"""pause blocking from context menu""",Mismatch / Not in Taxonomy
738,"""resume blocking from context menu""]",Mismatch / Not in Taxonomy
739,"[""access jira issues""",Mismatch / Not in Taxonomy
739,"""handle users idle state""",Mismatch / Not in Taxonomy
739,"""time tracking""]",Mismatch / Not in Taxonomy
740,"[""plan deep work sessions""",Valid (focus_mode)
740,"""timebox 1–2 hour tasks""",Mismatch / Not in Taxonomy
740,"""floating task bar""",Mismatch / Not in Taxonomy
740,"""oneclick website blocking""",Mismatch / Not in Taxonomy
740,"""optional grayscale mode""",Mismatch / Not in Taxonomy
740,"""pictureinpicture timer""",Mismatch / Not in Taxonomy
740,"""ambient sound options""",Mismatch / Not in Taxonomy
740,"""pomodorostyle sessions""",Valid (pomodoro)
740,"""gentle chimes and visual cues""",Mismatch / Not in Taxonomy
740,"""builtin break reminders""]",Valid (reminders)
741,"[""porn blocker extension""",Mismatch / Not in Taxonomy
741,"""ai powered blocker extension""",Mismatch / Not in Taxonomy
741,"""block million+ adult sites""",Mismatch / Not in Taxonomy
741,"""block apps websites & adult content""",Mismatch / Not in Taxonomy
741,"""set custom quote for motivation""",Mismatch / Not in Taxonomy
741,"""set custom redirect url""",Mismatch / Not in Taxonomy
741,"""focus mode""",Valid (focus_mode)
741,"""effortless website and keyword blocking""",Mismatch / Not in Taxonomy
741,"""targetspecific control""",Mismatch / Not in Taxonomy
741,"""powerful keyword filtering""",Mismatch / Not in Taxonomy
741,"""whitelist feature""",Mismatch / Not in Taxonomy
741,"""redirect feature""",Mismatch / Not in Taxonomy
741,"""custom message feature""",Mismatch / Not in Taxonomy
741,"""password protection feature""",Mismatch / Not in Taxonomy
741,"""accountability partner feature""",Mismatch / Not in Taxonomy
741,"""image and video shielding""",Mismatch / Not in Taxonomy
741,"""crossplatform mastery""]",Mismatch / Not in Taxonomy
742,"[""autotrack websites visited""",Mismatch / Not in Taxonomy
742,"""get daily/weekly summaries of browsing patterns""",Mismatch / Not in Taxonomy
742,"""clean",Mismatch / Not in Taxonomy
742,"readable timeline interface""",Mismatch / Not in Taxonomy
742,"""lightweight & fast""]",Mismatch / Not in Taxonomy
743,"[""personalized home page with live wallpapers""",Mismatch / Not in Taxonomy
743,"""bookmark manager with folders and tabs""",Mismatch / Not in Taxonomy
743,"""instant access to chatgpt""",Mismatch / Not in Taxonomy
743,"""widgets for realtime weather updates""",Mismatch / Not in Taxonomy
743,"""personal notes widget for reminders""",Valid (reminders)
743,"""builtin search bar""",Mismatch / Not in Taxonomy
743,"""customizable tab themes""",Mismatch / Not in Taxonomy
743,"""daily inspirational wallpapers""",Mismatch / Not in Taxonomy
743,"""sidebar for browsing history and downloads""",Mismatch / Not in Taxonomy
743,"""lightweight and fast performance""]",Mismatch / Not in Taxonomy
744,"[""highlight the current focused element on a webpage""",Mismatch / Not in Taxonomy
744,"""click on the extension icon to activate""",Mismatch / Not in Taxonomy
744,"""use ctrl+shift+e shortcut to activate""]",Mismatch / Not in Taxonomy
745,"[""step tracking""",Mismatch / Not in Taxonomy
745,"""global leaderboard""",Mismatch / Not in Taxonomy
745,"""local weather updates""",Mismatch / Not in Taxonomy
745,"""motivational fitness backgrounds""",Mismatch / Not in Taxonomy
745,"""daily motivational quotes""]",Mismatch / Not in Taxonomy
746,"[""add and manage daily or weekly habits""",Mismatch / Not in Taxonomy
746,"""mark habits as complete""",Mismatch / Not in Taxonomy
746,"""track progress in real time""",Mismatch / Not in Taxonomy
746,"""streak counter""",Mismatch / Not in Taxonomy
746,"""progress bar""",Mismatch / Not in Taxonomy
746,"""reset weekly habits""",Mismatch / Not in Taxonomy
746,"""automatic data saving using chrome storage""",Mismatch / Not in Taxonomy
746,"""simple",Mismatch / Not in Taxonomy
746,"militarythemed interface""]",Mismatch / Not in Taxonomy
747,"[""visual timer""",Mismatch / Not in Taxonomy
747,"""countdown for events""",Valid (timer)
747,"""builtin reminders""",Valid (reminders)
747,"""custom event naming""",Mismatch / Not in Taxonomy
747,"""autosyncs across all open tabs""",Mismatch / Not in Taxonomy
747,"""color customization""",Mismatch / Not in Taxonomy
747,"""hide countdowns or timers""]",Valid (timer)
748,"[""track time spent on websites""",Mismatch / Not in Taxonomy
748,"""visualize daily usage in a chart""",Mismatch / Not in Taxonomy
748,"""websitelevel breakdown of usage""]",Mismatch / Not in Taxonomy
749,"[""block distracting websites""",Mismatch / Not in Taxonomy
749,"""block websites based on keywords""",Mismatch / Not in Taxonomy
749,"""set specific times and days for blocking websites or keywords""",Mismatch / Not in Taxonomy
749,"""enhanced blocking based on keyword appearance within url or website text""",Mismatch / Not in Taxonomy
749,"""quick block feature with timer for temporary blocking""",Mismatch / Not in Taxonomy
749,"""set a temporary pause on scheduled blocking""",Mismatch / Not in Taxonomy
749,"""browserbased website blocking""",Mismatch / Not in Taxonomy
749,"""block entire apps on ios and android devices""]",Mismatch / Not in Taxonomy
750,"[""block websites""",Mismatch / Not in Taxonomy
750,"""custom schedules""",Mismatch / Not in Taxonomy
750,"""sync across devices""",Mismatch / Not in Taxonomy
750,"""portal management""",Mismatch / Not in Taxonomy
750,"""instant updates""]",Mismatch / Not in Taxonomy
751,"[""multiple task lists""",Mismatch / Not in Taxonomy
751,"""notes and deadlines""",Mismatch / Not in Taxonomy
751,"""supports both dark and light themes""",Mismatch / Not in Taxonomy
751,"""add and edit items with one click""",Mismatch / Not in Taxonomy
751,"""view the history of completed activities""",Mismatch / Not in Taxonomy
751,"""draganddrop feature for reordering tasks""",Mismatch / Not in Taxonomy
751,"""easytouse search bar""",Mismatch / Not in Taxonomy
751,"""customizable task list layout with backgrounds""",Mismatch / Not in Taxonomy
751,"""integrated search bar for web searches""",Mismatch / Not in Taxonomy
751,"""free to use with no hidden fees""",Mismatch / Not in Taxonomy
751,"""ability to create tasks using ai (upcoming feature)""",Mismatch / Not in Taxonomy
751,"""ability to synchronize tasks across devices (upcoming feature)""",Mismatch / Not in Taxonomy
751,"""integrate with leading task management tools (upcoming feature)""]",Mismatch / Not in Taxonomy
752,"[""aipowered smart monitoring & control""",Mismatch / Not in Taxonomy
752,"""instant blocking of inappropriate content""",Mismatch / Not in Taxonomy
752,"""customizable whitelist""",Mismatch / Not in Taxonomy
752,"""advanced timer controls""",Mismatch / Not in Taxonomy
752,"""automated eye protection""",Mismatch / Not in Taxonomy
752,"""daily email reports""",Mismatch / Not in Taxonomy
752,"""secure parental control dashboard""]",Valid (parental_control)
753,"[""set a pomodoro timer""",Valid (pomodoro)
753,"""track tasks""",Mismatch / Not in Taxonomy
753,"""record checkmarks""",Mismatch / Not in Taxonomy
753,"""take short breaks""",Mismatch / Not in Taxonomy
753,"""take long breaks""",Mismatch / Not in Taxonomy
753,"""reset checkmark count""]",Mismatch / Not in Taxonomy
754,"[""block websites""",Mismatch / Not in Taxonomy
754,"""change message on block screen""",Mismatch / Not in Taxonomy
754,"""improved page blocking internals""",Mismatch / Not in Taxonomy
754,"""fixed scroll for block patterns""",Mismatch / Not in Taxonomy
754,"""fixed bugs in focus mode""",Valid (focus_mode)
754,"""block patterns within the full url""",Mismatch / Not in Taxonomy
754,"""focus free mode""",Mismatch / Not in Taxonomy
754,"""prevent removing block patterns for a fixed amount of time""",Mismatch / Not in Taxonomy
754,"""change focus mode duration in settings""",Valid (focus_mode)
754,"""toggle 'always on' setting""]",Mismatch / Not in Taxonomy
755,"[""customizable tracking""",Mismatch / Not in Taxonomy
755,"""reminders and notifications""",Valid (reminders)
755,"""dark mode""",Mismatch / Not in Taxonomy
755,"""flexible viewing options""",Mismatch / Not in Taxonomy
755,"""printable templates""]",Mismatch / Not in Taxonomy
756,"[""expense tracking""",Mismatch / Not in Taxonomy
756,"""income tracking""",Mismatch / Not in Taxonomy
756,"""realtime spending logging""",Mismatch / Not in Taxonomy
756,"""categorization of expenses""",Mismatch / Not in Taxonomy
756,"""multicurrency support""",Mismatch / Not in Taxonomy
756,"""data export options""",Mismatch / Not in Taxonomy
756,"""daily",Mismatch / Not in Taxonomy
756,weekly,Mismatch / Not in Taxonomy
756,"and monthly tracking modes""",Mismatch / Not in Taxonomy
756,"""custom monthly budget planning""",Mismatch / Not in Taxonomy
756,"""visual expense reporting with charts and graphs""",Mismatch / Not in Taxonomy
756,"""customizable dashboards""",Valid (analytics)
756,"""tracking of recurring subscriptions""",Mismatch / Not in Taxonomy
756,"""comparison of income vs. costs""",Mismatch / Not in Taxonomy
756,"""identification of overspending patterns""",Mismatch / Not in Taxonomy
756,"""offline usage with local storage""",Mismatch / Not in Taxonomy
756,"""data encryption and secure storage""]",Mismatch / Not in Taxonomy
757,"[""create timers using placeholders""",Mismatch / Not in Taxonomy
757,"""pause and restart timers with the d key""",Mismatch / Not in Taxonomy
757,"""reset timers with the e key""",Mismatch / Not in Taxonomy
757,"""add $ in a countdown or up timer to start it in a paused state""",Valid (timer)
757,"""more granular time formatting""",Mismatch / Not in Taxonomy
757,"""refresh slides after installation for the timer to work""",Mismatch / Not in Taxonomy
757,"""automatically bring timers to life in presented slides""",Mismatch / Not in Taxonomy
757,"""replace times placed between << and >> with a timer""",Mismatch / Not in Taxonomy
757,"""count down from the specified time using as the last character""",Mismatch / Not in Taxonomy
757,"""count up from the specified time using +""",Mismatch / Not in Taxonomy
757,"""<<time>> displays the current time""",Mismatch / Not in Taxonomy
757,"""<<time^>> displays the current time without seconds""",Mismatch / Not in Taxonomy
757,"""<<time&>> displays the current time without am/pm""",Mismatch / Not in Taxonomy
757,"""<<time^&>> displays the current time without seconds and am/pm""",Mismatch / Not in Taxonomy
757,"""<<date>> displays numeric dates in / format""",Mismatch / Not in Taxonomy
757,"""<<shortdate>> displays abbreviated word date values""",Mismatch / Not in Taxonomy
757,"""<<longdate>> displays full word date values""",Mismatch / Not in Taxonomy
757,"""<<00:30>> advances to the previous slide on countdown""",Valid (timer)
757,"""<<00:30+>> advances to the next slide on countdown""",Valid (timer)
757,"""<<00:30@>> triggers inserted audio on countdown""",Valid (timer)
757,"""<<00:30!>> triggers inserted video on countdown""",Valid (timer)
757,"""<<00:30~>> continuously countdown when navigating slides""",Valid (timer)
757,"""<<00:30+~>> continuously countup when navigating slides""",Mismatch / Not in Taxonomy
757,"""<<time>> and <<date>> can handle more granular formatting""",Mismatch / Not in Taxonomy
757,"""<<time|hh:mm:ss>> formats as hours minutes seconds""",Mismatch / Not in Taxonomy
757,"""<<date|ddmmyyyy>> formats with day",Mismatch / Not in Taxonomy
757,"month year""",Mismatch / Not in Taxonomy
757,"""formatting options for time and date placeholders""]",Mismatch / Not in Taxonomy
758,"[""pomodoro timer""",Valid (pomodoro)
758,"""task organizer""",Mismatch / Not in Taxonomy
758,"""time tracker""",Mismatch / Not in Taxonomy
758,"""schedule planner""",Mismatch / Not in Taxonomy
758,"""reminder""",Valid (reminders)
758,"""todo lists""",Mismatch / Not in Taxonomy
758,"""focus timer""",Mismatch / Not in Taxonomy
758,"""sync between phone and computer""",Mismatch / Not in Taxonomy
758,"""customizable pomodoro/break lengths""",Valid (pomodoro)
758,"""notifications before the end of a pomodoro""]",Valid (pomodoro)
759,"[""block unwanted content using keywords""",Mismatch / Not in Taxonomy
759,"""comprehensive protection on homepage",Mismatch / Not in Taxonomy
759,subscriptions tab,Mismatch / Not in Taxonomy
759,"and youtube shorts""",Mismatch / Not in Taxonomy
759,"""manage blocklist with an intuitive popup window""]",Mismatch / Not in Taxonomy
760,"[""guided meditation""",Mismatch / Not in Taxonomy
760,"""breathing exercises""",Mismatch / Not in Taxonomy
760,"""sleep sounds""]",Mismatch / Not in Taxonomy
761,"[""task list""",Mismatch / Not in Taxonomy
761,"""pomodoro timer""",Valid (pomodoro)
761,"""site blacklist""",Mismatch / Not in Taxonomy
761,"""time limit for blacklisted sites""",Mismatch / Not in Taxonomy
761,"""notifications for blacklisted sites""",Valid (reminders)
761,"""vibrations for reminders""",Valid (reminders)
761,"""tab management""",Mismatch / Not in Taxonomy
761,"""stimuli for too many open tabs""",Mismatch / Not in Taxonomy
761,"""chrome notifications""]",Valid (reminders)
762,"[""block websites by domain""",Mismatch / Not in Taxonomy
762,"""rightclick context menu for blocking websites""",Mismatch / Not in Taxonomy
762,"""manage block list via options page""",Mismatch / Not in Taxonomy
762,"""add redirect url for blocked domains""",Mismatch / Not in Taxonomy
762,"""block iframes by url""",Mismatch / Not in Taxonomy
762,"""report bugs through a form""]",Mismatch / Not in Taxonomy
763,"[""track time spent on the internet""",Mismatch / Not in Taxonomy
763,"""display time spent in a simple chart""",Mismatch / Not in Taxonomy
763,"""view time spent in a single day""",Mismatch / Not in Taxonomy
763,"""view time spent in a specific interval of time""",Mismatch / Not in Taxonomy
763,"""timer continues running while watching videos""]",Mismatch / Not in Taxonomy
764,"[""block distracting websites""",Mismatch / Not in Taxonomy
764,"""focus timer system""",Mismatch / Not in Taxonomy
764,"""set daily time limits per website (1–1440 minutes)""",Mismatch / Not in Taxonomy
764,"""floating",Mismatch / Not in Taxonomy
764,"draggable rightedge button""",Mismatch / Not in Taxonomy
764,"""slidein sidebar with quick controls""",Mismatch / Not in Taxonomy
764,"""polite",Mismatch / Not in Taxonomy
764,"motivational fullpage modal when time is up""",Mismatch / Not in Taxonomy
764,"""temporary break blocking (15 min)""",Mismatch / Not in Taxonomy
764,"""reset today’s timer instantly""",Mismatch / Not in Taxonomy
764,"""heartbeat tracking""",Mismatch / Not in Taxonomy
764,"""options page with presets and full settings""",Mismatch / Not in Taxonomy
764,"""set/remove limit for current site""",Mismatch / Not in Taxonomy
764,"""quick time buttons for limits""",Mismatch / Not in Taxonomy
764,"""usage summary for current site""",Mismatch / Not in Taxonomy
764,"""open full settings""",Mismatch / Not in Taxonomy
764,"""clear",Mismatch / Not in Taxonomy
764,"friendly language in timeup modal""",Mismatch / Not in Taxonomy
764,"""persistent modal blocking page interaction""",Mismatch / Not in Taxonomy
764,"""instant ui refresh on timer reset""",Mismatch / Not in Taxonomy
764,"""1minute alarm for heartbeat tracking""",Valid (reminders)
764,"""add/remove blocked sites""",Mismatch / Not in Taxonomy
764,"""set reminder block duration""",Valid (reminders)
764,"""preset adders for common distracting sites""",Mismatch / Not in Taxonomy
764,"""clear all local data""]",Mismatch / Not in Taxonomy
765,"[""smart time blocking""",Mismatch / Not in Taxonomy
765,"""goalaligned blocking""",Mismatch / Not in Taxonomy
765,"""smart pomodoro timer""",Valid (pomodoro)
765,"""flexible site access""",Mismatch / Not in Taxonomy
765,"""nuclear mode""",Mismatch / Not in Taxonomy
765,"""intuitive and userfriendly""]",Mismatch / Not in Taxonomy
766,"[""block website with a fourdigit numeric pin code""",Mismatch / Not in Taxonomy
766,"""flexible schedule for site blocking""",Mismatch / Not in Taxonomy
766,"""settings protected by a pin code""",Mismatch / Not in Taxonomy
766,"""enable blocking via toolbar icon""]",Mismatch / Not in Taxonomy
767,"[""25 minutes pomodoro timer""",Valid (pomodoro)
767,"""5 minutes short break timer""",Mismatch / Not in Taxonomy
767,"""20 minutes longer break timer""",Mismatch / Not in Taxonomy
767,"""oneclick start / stop / pause for timer""",Mismatch / Not in Taxonomy
767,"""visual themes""",Mismatch / Not in Taxonomy
767,"""customization""",Mismatch / Not in Taxonomy
767,"""chrome extension""",Mismatch / Not in Taxonomy
767,"""browserbased functionality""]",Mismatch / Not in Taxonomy
768,"[""block pornographic sites in chrome""",Mismatch / Not in Taxonomy
768,"""redirect to a help page when accessing inappropriate content""",Mismatch / Not in Taxonomy
768,"""personal log of history to track attempts to access porn""",Mismatch / Not in Taxonomy
768,"""request additional sites to be blocked""",Mismatch / Not in Taxonomy
768,"""easy installation process""]",Mismatch / Not in Taxonomy
769,"[""timer integration with web tools""",Mismatch / Not in Taxonomy
769,"""realtime productivity tracking""",Mismatch / Not in Taxonomy
769,"""data storage on toggl account""",Mismatch / Not in Taxonomy
769,"""support for 120+ integrated tools""",Mismatch / Not in Taxonomy
769,"""pomodoro timer""",Valid (pomodoro)
769,"""automated reminders""",Valid (reminders)
769,"""idle detection""",Mismatch / Not in Taxonomy
769,"""tracking reminders""",Valid (reminders)
769,"""browser extension functionality""",Mismatch / Not in Taxonomy
769,"""task name and project autoadding to time entries""",Mismatch / Not in Taxonomy
769,"""crossplatform usage (web",Mismatch / Not in Taxonomy
769,desktop,Mismatch / Not in Taxonomy
769,"mobile)""",Mismatch / Not in Taxonomy
769,"""realtime data synchronization""",Mismatch / Not in Taxonomy
769,"""open source""]",Mismatch / Not in Taxonomy
770,"[""set time limits for site usage""",Mismatch / Not in Taxonomy
770,"""block access to sites after time limit is reached""",Mismatch / Not in Taxonomy
770,"""specify time frames for site accessibility""",Mismatch / Not in Taxonomy
770,"""add sites to the tracking list""",Mismatch / Not in Taxonomy
770,"""remove sites from the tracking list""]",Mismatch / Not in Taxonomy
771,"[""random selfcare tips""",Mismatch / Not in Taxonomy
771,"""widget""",Mismatch / Not in Taxonomy
771,"""on click""]",Mismatch / Not in Taxonomy
772,"[""ai filters for social media feeds""",Mismatch / Not in Taxonomy
772,"""realtime feed adaptation based on userdefined criteria""",Mismatch / Not in Taxonomy
772,"""oneclick distraction blockers""",Mismatch / Not in Taxonomy
772,"""ability to hide specific features on platforms like youtube and x""",Mismatch / Not in Taxonomy
772,"""quick filter creation in under 15 seconds""",Mismatch / Not in Taxonomy
772,"""automatic saving of settings""]",Mismatch / Not in Taxonomy
773,"[""countdown timer""",Valid (timer)
773,"""customizable countdowns""",Valid (timer)
773,"""set countdowns for tasks or events""",Valid (timer)
773,"""chrome extension""",Mismatch / Not in Taxonomy
773,"""userfriendly interface""",Mismatch / Not in Taxonomy
773,"""updated design""]",Mismatch / Not in Taxonomy
774,"[""adds a timer to meet calls""",Mismatch / Not in Taxonomy
774,"""checks call duration on meet""]",Mismatch / Not in Taxonomy
775,"[""customizable reminder intervals""",Valid (reminders)
775,"""inspiring messages""",Mismatch / Not in Taxonomy
775,"""simple and elegant design""",Mismatch / Not in Taxonomy
775,"""easy to use""",Mismatch / Not in Taxonomy
775,"""installation from chrome web store""",Mismatch / Not in Taxonomy
775,"""configuration through popup window""]",Mismatch / Not in Taxonomy
776,"[""set a timer""",Mismatch / Not in Taxonomy
776,"""set an alarm""",Valid (reminders)
776,"""adjust stopwatch""",Mismatch / Not in Taxonomy
776,"""open interface in toolbar popup""",Mismatch / Not in Taxonomy
776,"""open interface in new tab""",Mismatch / Not in Taxonomy
776,"""open interface in standalone window""",Mismatch / Not in Taxonomy
776,"""add a new timer""",Mismatch / Not in Taxonomy
776,"""add a new alarm""",Valid (reminders)
776,"""start stopwatch""",Mismatch / Not in Taxonomy
776,"""reset stopwatch""",Mismatch / Not in Taxonomy
776,"""lap stopwatch""",Mismatch / Not in Taxonomy
776,"""report a bug""]",Mismatch / Not in Taxonomy
777,"[""block unwanted sites""",Mismatch / Not in Taxonomy
777,"""manage a blacklist""",Mismatch / Not in Taxonomy
777,"""secure settings with a password""",Mismatch / Not in Taxonomy
777,"""automatically block blacklisted sites""",Mismatch / Not in Taxonomy
777,"""control available resources""",Mismatch / Not in Taxonomy
777,"""enable or disable the extension""",Mismatch / Not in Taxonomy
777,"""password protection for settings""",Mismatch / Not in Taxonomy
777,"""simple and modern interface""",Mismatch / Not in Taxonomy
777,"""background operation""]",Mismatch / Not in Taxonomy
778,"[""customizable timers""",Mismatch / Not in Taxonomy
778,"""background notifications""",Valid (reminders)
778,"""simple & intuitive interface""",Mismatch / Not in Taxonomy
778,"""work and break session management""",Mismatch / Not in Taxonomy
778,"""session duration adjustment""",Mismatch / Not in Taxonomy
778,"""clear notifications for breaks and session starts""]",Valid (reminders)
779,"[""realtime email tracking""",Mismatch / Not in Taxonomy
779,"""scheduled email tracking""",Mismatch / Not in Taxonomy
779,"""invisible tracking pixel""",Mismatch / Not in Taxonomy
779,"""oneclick installation""",Mismatch / Not in Taxonomy
779,"""integration with gmail""",Mismatch / Not in Taxonomy
779,"""multiple inbox support""]",Mismatch / Not in Taxonomy
780,"[""track habits""",Mismatch / Not in Taxonomy
780,"""track tasks""",Mismatch / Not in Taxonomy
780,"""track events""",Mismatch / Not in Taxonomy
780,"""google calendar sync""",Mismatch / Not in Taxonomy
780,"""build streaks""",Mismatch / Not in Taxonomy
780,"""earn rewards""]",Mismatch / Not in Taxonomy
781,"[""visual timer""",Mismatch / Not in Taxonomy
781,"""countdown timer""",Valid (timer)
781,"""pause timer""",Mismatch / Not in Taxonomy
781,"""resume timer""",Mismatch / Not in Taxonomy
781,"""reset timer""",Mismatch / Not in Taxonomy
781,"""keyboard shortcuts""",Mismatch / Not in Taxonomy
781,"""set timer for 1999 minutes""",Mismatch / Not in Taxonomy
781,"""toggle config mode""",Mismatch / Not in Taxonomy
781,"""set background color""",Mismatch / Not in Taxonomy
781,"""toggle notification sound""",Valid (reminders)
781,"""toggle task mode""",Mismatch / Not in Taxonomy
781,"""list tasks""",Mismatch / Not in Taxonomy
781,"""mark current task done""",Mismatch / Not in Taxonomy
781,"""gamification features""",Mismatch / Not in Taxonomy
781,"""track working streak""",Mismatch / Not in Taxonomy
781,"""icons for start/pause",Mismatch / Not in Taxonomy
781,restart,Mismatch / Not in Taxonomy
781,"and task list""]",Mismatch / Not in Taxonomy
